ISO-10303-21;
HEADER;
/* Generated by software containing ST-Developer
 * from STEP Tools, Inc. (www.steptools.com) 
 */
/* OPTION: using custom renumber hook */

FILE_DESCRIPTION(
/* description */ ('STEP AP242 Edition 2',
'CAx-IF Rec.Pracs.---Representation and Presentation of Product Manufa
cturing Information (PMI)---4.0---2014-10-13',
'CAx-IF Rec.Pracs.---3D Tessellated Geometry---0.4---2014-09-14','2;1',
'CAx-IF Rec.Pracs.---User Defined Attributes---1.5---2016-08-15'),
/* implementation_level */ '2;1');

FILE_NAME(
/* name */ '6982a96f4d7fe0ecef93f1a5',
/* time_stamp */ '2026-02-04T02:05:35Z',
/* author */ (''),
/* organization */ (''),
/* preprocessor_version */ 'ST-DEVELOPER v20',
/* originating_system */ 'ONSHAPE BY PTC INC, 1.210',
/* authorisation */ '  ');

FILE_SCHEMA (('AP242_MANAGED_MODEL_BASED_3D_ENGINEERING_MIM_LF { 1 0 10303 442 3 1 4 }'));
ENDSEC;

DATA;
#10=SHAPE_REPRESENTATION_RELATIONSHIP('','',#1281,#11);
#11=ADVANCED_BREP_SHAPE_REPRESENTATION('',(#1279),#7180);
#12=CONICAL_SURFACE('',#1306,0.0115,0.463647609000806);
#13=TOROIDAL_SURFACE('',#1305,0.0105,0.001);
#14=CYLINDRICAL_SURFACE('',#1291,0.0095);
#15=CYLINDRICAL_SURFACE('',#1298,0.0115);
#16=CYLINDRICAL_SURFACE('',#1308,0.0095);
#17=CYLINDRICAL_SURFACE('',#1312,0.0075);
#18=CYLINDRICAL_SURFACE('',#1328,0.001);
#19=CYLINDRICAL_SURFACE('',#1329,0.001);
#20=CYLINDRICAL_SURFACE('',#1330,0.001);
#21=CYLINDRICAL_SURFACE('',#1331,0.001);
#22=CYLINDRICAL_SURFACE('',#1345,0.0076);
#23=CYLINDRICAL_SURFACE('',#1347,0.0084);
#24=CYLINDRICAL_SURFACE('',#1348,0.0008);
#25=CYLINDRICAL_SURFACE('',#1349,0.0008);
#26=CYLINDRICAL_SURFACE('',#1352,0.0076);
#27=CYLINDRICAL_SURFACE('',#1354,0.0084);
#28=CYLINDRICAL_SURFACE('',#1356,0.0008);
#29=CYLINDRICAL_SURFACE('',#1357,0.0008);
#30=CYLINDRICAL_SURFACE('',#1360,0.0076);
#31=CYLINDRICAL_SURFACE('',#1362,0.0084);
#32=CYLINDRICAL_SURFACE('',#1364,0.0008);
#33=CYLINDRICAL_SURFACE('',#1365,0.0008);
#34=CYLINDRICAL_SURFACE('',#1369,0.0076);
#35=CYLINDRICAL_SURFACE('',#1371,0.0084);
#36=CYLINDRICAL_SURFACE('',#1372,0.0008);
#37=CYLINDRICAL_SURFACE('',#1373,0.0008);
#38=CYLINDRICAL_SURFACE('',#1374,0.010202183971437);
#39=CYLINDRICAL_SURFACE('',#1376,0.0101367586006274);
#40=LINE('',#1660,#88);
#41=LINE('',#1678,#89);
#42=LINE('',#1686,#90);
#43=LINE('',#1691,#91);
#44=LINE('',#1698,#92);
#45=LINE('',#1703,#93);
#46=LINE('',#1710,#94);
#47=LINE('',#1714,#95);
#48=LINE('',#1722,#96);
#49=LINE('',#1726,#97);
#50=LINE('',#1796,#98);
#51=LINE('',#1797,#99);
#52=LINE('',#1805,#100);
#53=LINE('',#1827,#101);
#54=LINE('',#1828,#102);
#55=LINE('',#1835,#103);
#56=LINE('',#2461,#104);
#57=LINE('',#2483,#105);
#58=LINE('',#2490,#106);
#59=LINE('',#2491,#107);
#60=LINE('',#7036,#108);
#61=LINE('',#7038,#109);
#62=LINE('',#7040,#110);
#63=LINE('',#7041,#111);
#64=LINE('',#7044,#112);
#65=LINE('',#7045,#113);
#66=LINE('',#7048,#114);
#67=LINE('',#7051,#115);
#68=LINE('',#7053,#116);
#69=LINE('',#7055,#117);
#70=LINE('',#7057,#118);
#71=LINE('',#7059,#119);
#72=LINE('',#7061,#120);
#73=LINE('',#7063,#121);
#74=LINE('',#7066,#122);
#75=LINE('',#7068,#123);
#76=LINE('',#7070,#124);
#77=LINE('',#7072,#125);
#78=LINE('',#7074,#126);
#79=LINE('',#7076,#127);
#80=LINE('',#7078,#128);
#81=LINE('',#7081,#129);
#82=LINE('',#7083,#130);
#83=LINE('',#7085,#131);
#84=LINE('',#7086,#132);
#85=LINE('',#7089,#133);
#86=LINE('',#7090,#134);
#87=LINE('',#7093,#135);
#88=VECTOR('',#1390,1.);
#89=VECTOR('',#1397,1.);
#90=VECTOR('',#1400,1.);
#91=VECTOR('',#1403,1.);
#92=VECTOR('',#1410,1.);
#93=VECTOR('',#1413,1.);
#94=VECTOR('',#1420,1.);
#95=VECTOR('',#1423,1.);
#96=VECTOR('',#1430,1.);
#97=VECTOR('',#1433,1.);
#98=VECTOR('',#1490,1.);
#99=VECTOR('',#1491,1.);
#100=VECTOR('',#1492,1.);
#101=VECTOR('',#1493,1.);
#102=VECTOR('',#1494,1.);
#103=VECTOR('',#1499,1.);
#104=VECTOR('',#1506,1.);
#105=VECTOR('',#1507,1.);
#106=VECTOR('',#1508,1.);
#107=VECTOR('',#1509,1.);
#108=VECTOR('',#1520,1.);
#109=VECTOR('',#1523,1.);
#110=VECTOR('',#1526,1.);
#111=VECTOR('',#1527,1.);
#112=VECTOR('',#1532,1.);
#113=VECTOR('',#1533,1.);
#114=VECTOR('',#1538,1.);
#115=VECTOR('',#1543,1.);
#116=VECTOR('',#1546,1.);
#117=VECTOR('',#1549,1.);
#118=VECTOR('',#1552,1.);
#119=VECTOR('',#1555,1.);
#120=VECTOR('',#1558,1.);
#121=VECTOR('',#1561,1.);
#122=VECTOR('',#1566,1.);
#123=VECTOR('',#1569,1.);
#124=VECTOR('',#1572,1.);
#125=VECTOR('',#1575,1.);
#126=VECTOR('',#1578,1.);
#127=VECTOR('',#1581,1.);
#128=VECTOR('',#1584,1.);
#129=VECTOR('',#1589,1.);
#130=VECTOR('',#1592,1.);
#131=VECTOR('',#1595,1.);
#132=VECTOR('',#1596,1.);
#133=VECTOR('',#1601,1.);
#134=VECTOR('',#1602,1.);
#135=VECTOR('',#1607,1.);
#136=ELLIPSE('',#1285,0.0114545657881166,0.0101367586006274);
#137=PLANE('',#1284);
#138=PLANE('',#1287);
#139=PLANE('',#1289);
#140=PLANE('',#1311);
#141=PLANE('',#1315);
#142=PLANE('',#1316);
#143=PLANE('',#1319);
#144=PLANE('',#1322);
#145=PLANE('',#1325);
#146=PLANE('',#1332);
#147=PLANE('',#1337);
#148=PLANE('',#1342);
#149=PLANE('',#1343);
#150=PLANE('',#1344);
#151=PLANE('',#1346);
#152=PLANE('',#1350);
#153=PLANE('',#1351);
#154=PLANE('',#1353);
#155=PLANE('',#1355);
#156=PLANE('',#1358);
#157=PLANE('',#1359);
#158=PLANE('',#1361);
#159=PLANE('',#1363);
#160=PLANE('',#1366);
#161=PLANE('',#1367);
#162=PLANE('',#1368);
#163=PLANE('',#1370);
#164=PLANE('',#1375);
#165=PLANE('',#1377);
#166=CIRCLE('',#1283,0.0095);
#167=CIRCLE('',#1286,0.0095);
#168=CIRCLE('',#1288,0.0095);
#169=CIRCLE('',#1290,0.0095);
#170=CIRCLE('',#1292,0.0095);
#171=CIRCLE('',#1293,0.0095);
#172=CIRCLE('',#1294,0.0095);
#173=CIRCLE('',#1295,0.0095);
#174=CIRCLE('',#1296,0.0095);
#175=CIRCLE('',#1297,0.0095);
#176=CIRCLE('',#1299,0.0115);
#177=CIRCLE('',#1300,0.0115);
#178=CIRCLE('',#1301,0.0115);
#179=CIRCLE('',#1302,0.0115);
#180=CIRCLE('',#1303,0.0115);
#181=CIRCLE('',#1304,0.0115);
#182=CIRCLE('',#1307,0.0095);
#183=CIRCLE('',#1309,0.0095);
#184=CIRCLE('',#1310,0.0095);
#185=CIRCLE('',#1313,0.0075);
#186=CIRCLE('',#1314,0.0075);
#187=CIRCLE('',#1317,0.001);
#188=CIRCLE('',#1318,0.001);
#189=CIRCLE('',#1320,0.001);
#190=CIRCLE('',#1321,0.001);
#191=CIRCLE('',#1323,0.001);
#192=CIRCLE('',#1324,0.001);
#193=CIRCLE('',#1326,0.001);
#194=CIRCLE('',#1327,0.001);
#195=CIRCLE('',#1333,0.0036);
#196=CIRCLE('',#1334,0.0036);
#197=CIRCLE('',#1335,0.0036);
#198=CIRCLE('',#1336,0.0036);
#199=CIRCLE('',#1338,0.0036);
#200=CIRCLE('',#1339,0.0036);
#201=CIRCLE('',#1340,0.0036);
#202=CIRCLE('',#1341,0.0036);
#203=ORIENTED_EDGE('',*,*,#587,.F.);
#204=ORIENTED_EDGE('',*,*,#588,.F.);
#205=ORIENTED_EDGE('',*,*,#589,.F.);
#206=ORIENTED_EDGE('',*,*,#590,.F.);
#207=ORIENTED_EDGE('',*,*,#591,.F.);
#208=ORIENTED_EDGE('',*,*,#592,.T.);
#209=ORIENTED_EDGE('',*,*,#593,.T.);
#210=ORIENTED_EDGE('',*,*,#594,.F.);
#211=ORIENTED_EDGE('',*,*,#595,.T.);
#212=ORIENTED_EDGE('',*,*,#596,.T.);
#213=ORIENTED_EDGE('',*,*,#597,.F.);
#214=ORIENTED_EDGE('',*,*,#598,.T.);
#215=ORIENTED_EDGE('',*,*,#599,.F.);
#216=ORIENTED_EDGE('',*,*,#587,.T.);
#217=ORIENTED_EDGE('',*,*,#600,.T.);
#218=ORIENTED_EDGE('',*,*,#601,.T.);
#219=ORIENTED_EDGE('',*,*,#602,.T.);
#220=ORIENTED_EDGE('',*,*,#603,.T.);
#221=ORIENTED_EDGE('',*,*,#604,.T.);
#222=ORIENTED_EDGE('',*,*,#605,.F.);
#223=ORIENTED_EDGE('',*,*,#606,.T.);
#224=ORIENTED_EDGE('',*,*,#607,.F.);
#225=ORIENTED_EDGE('',*,*,#608,.T.);
#226=ORIENTED_EDGE('',*,*,#609,.F.);
#227=ORIENTED_EDGE('',*,*,#610,.T.);
#228=ORIENTED_EDGE('',*,*,#611,.T.);
#229=ORIENTED_EDGE('',*,*,#612,.F.);
#230=ORIENTED_EDGE('',*,*,#613,.T.);
#231=ORIENTED_EDGE('',*,*,#614,.T.);
#232=ORIENTED_EDGE('',*,*,#615,.T.);
#233=ORIENTED_EDGE('',*,*,#616,.T.);
#234=ORIENTED_EDGE('',*,*,#617,.F.);
#235=ORIENTED_EDGE('',*,*,#618,.T.);
#236=ORIENTED_EDGE('',*,*,#619,.T.);
#237=ORIENTED_EDGE('',*,*,#620,.F.);
#238=ORIENTED_EDGE('',*,*,#621,.T.);
#239=ORIENTED_EDGE('',*,*,#617,.T.);
#240=ORIENTED_EDGE('',*,*,#606,.F.);
#241=ORIENTED_EDGE('',*,*,#622,.T.);
#242=ORIENTED_EDGE('',*,*,#616,.F.);
#243=ORIENTED_EDGE('',*,*,#597,.T.);
#244=ORIENTED_EDGE('',*,*,#594,.T.);
#245=ORIENTED_EDGE('',*,*,#623,.T.);
#246=ORIENTED_EDGE('',*,*,#624,.T.);
#247=ORIENTED_EDGE('',*,*,#588,.T.);
#248=ORIENTED_EDGE('',*,*,#599,.T.);
#249=ORIENTED_EDGE('',*,*,#625,.T.);
#250=ORIENTED_EDGE('',*,*,#622,.F.);
#251=ORIENTED_EDGE('',*,*,#625,.F.);
#252=ORIENTED_EDGE('',*,*,#626,.T.);
#253=ORIENTED_EDGE('',*,*,#627,.T.);
#254=ORIENTED_EDGE('',*,*,#628,.F.);
#255=ORIENTED_EDGE('',*,*,#629,.T.);
#256=ORIENTED_EDGE('',*,*,#630,.T.);
#257=ORIENTED_EDGE('',*,*,#630,.F.);
#258=ORIENTED_EDGE('',*,*,#607,.T.);
#259=ORIENTED_EDGE('',*,*,#611,.F.);
#260=ORIENTED_EDGE('',*,*,#631,.T.);
#261=ORIENTED_EDGE('',*,*,#620,.T.);
#262=ORIENTED_EDGE('',*,*,#632,.T.);
#263=ORIENTED_EDGE('',*,*,#609,.T.);
#264=ORIENTED_EDGE('',*,*,#633,.T.);
#265=ORIENTED_EDGE('',*,*,#618,.F.);
#266=ORIENTED_EDGE('',*,*,#634,.T.);
#267=ORIENTED_EDGE('',*,*,#603,.F.);
#268=ORIENTED_EDGE('',*,*,#635,.T.);
#269=ORIENTED_EDGE('',*,*,#612,.T.);
#270=ORIENTED_EDGE('',*,*,#636,.T.);
#271=ORIENTED_EDGE('',*,*,#605,.T.);
#272=ORIENTED_EDGE('',*,*,#637,.T.);
#273=ORIENTED_EDGE('',*,*,#614,.F.);
#274=ORIENTED_EDGE('',*,*,#638,.T.);
#275=ORIENTED_EDGE('',*,*,#619,.F.);
#276=ORIENTED_EDGE('',*,*,#633,.F.);
#277=ORIENTED_EDGE('',*,*,#608,.F.);
#278=ORIENTED_EDGE('',*,*,#632,.F.);
#279=ORIENTED_EDGE('',*,*,#610,.F.);
#280=ORIENTED_EDGE('',*,*,#634,.F.);
#281=ORIENTED_EDGE('',*,*,#621,.F.);
#282=ORIENTED_EDGE('',*,*,#631,.F.);
#283=ORIENTED_EDGE('',*,*,#602,.F.);
#284=ORIENTED_EDGE('',*,*,#638,.F.);
#285=ORIENTED_EDGE('',*,*,#613,.F.);
#286=ORIENTED_EDGE('',*,*,#635,.F.);
#287=ORIENTED_EDGE('',*,*,#604,.F.);
#288=ORIENTED_EDGE('',*,*,#636,.F.);
#289=ORIENTED_EDGE('',*,*,#615,.F.);
#290=ORIENTED_EDGE('',*,*,#637,.F.);
#291=ORIENTED_EDGE('',*,*,#639,.F.);
#292=ORIENTED_EDGE('',*,*,#640,.T.);
#293=ORIENTED_EDGE('',*,*,#641,.F.);
#294=ORIENTED_EDGE('',*,*,#642,.F.);
#295=ORIENTED_EDGE('',*,*,#643,.T.);
#296=ORIENTED_EDGE('',*,*,#644,.F.);
#297=ORIENTED_EDGE('',*,*,#645,.F.);
#298=ORIENTED_EDGE('',*,*,#646,.F.);
#299=ORIENTED_EDGE('',*,*,#647,.T.);
#300=ORIENTED_EDGE('',*,*,#648,.T.);
#301=ORIENTED_EDGE('',*,*,#649,.T.);
#302=ORIENTED_EDGE('',*,*,#650,.T.);
#303=ORIENTED_EDGE('',*,*,#651,.T.);
#304=ORIENTED_EDGE('',*,*,#652,.T.);
#305=ORIENTED_EDGE('',*,*,#651,.F.);
#306=ORIENTED_EDGE('',*,*,#650,.F.);
#307=ORIENTED_EDGE('',*,*,#649,.F.);
#308=ORIENTED_EDGE('',*,*,#648,.F.);
#309=ORIENTED_EDGE('',*,*,#647,.F.);
#310=ORIENTED_EDGE('',*,*,#652,.F.);
#311=ORIENTED_EDGE('',*,*,#653,.T.);
#312=ORIENTED_EDGE('',*,*,#654,.T.);
#313=ORIENTED_EDGE('',*,*,#655,.F.);
#314=ORIENTED_EDGE('',*,*,#656,.T.);
#315=ORIENTED_EDGE('',*,*,#657,.T.);
#316=ORIENTED_EDGE('',*,*,#658,.T.);
#317=ORIENTED_EDGE('',*,*,#659,.T.);
#318=ORIENTED_EDGE('',*,*,#660,.T.);
#319=ORIENTED_EDGE('',*,*,#661,.F.);
#320=ORIENTED_EDGE('',*,*,#662,.T.);
#321=ORIENTED_EDGE('',*,*,#663,.T.);
#322=ORIENTED_EDGE('',*,*,#664,.F.);
#323=ORIENTED_EDGE('',*,*,#665,.T.);
#324=ORIENTED_EDGE('',*,*,#666,.F.);
#325=ORIENTED_EDGE('',*,*,#667,.F.);
#326=ORIENTED_EDGE('',*,*,#668,.F.);
#327=ORIENTED_EDGE('',*,*,#669,.F.);
#328=ORIENTED_EDGE('',*,*,#670,.F.);
#329=ORIENTED_EDGE('',*,*,#671,.F.);
#330=ORIENTED_EDGE('',*,*,#670,.T.);
#331=ORIENTED_EDGE('',*,*,#669,.T.);
#332=ORIENTED_EDGE('',*,*,#668,.T.);
#333=ORIENTED_EDGE('',*,*,#667,.T.);
#334=ORIENTED_EDGE('',*,*,#666,.T.);
#335=ORIENTED_EDGE('',*,*,#671,.T.);
#336=ORIENTED_EDGE('',*,*,#672,.T.);
#337=ORIENTED_EDGE('',*,*,#673,.T.);
#338=ORIENTED_EDGE('',*,*,#655,.T.);
#339=ORIENTED_EDGE('',*,*,#590,.T.);
#340=ORIENTED_EDGE('',*,*,#674,.T.);
#341=ORIENTED_EDGE('',*,*,#675,.T.);
#342=ORIENTED_EDGE('',*,*,#676,.T.);
#343=ORIENTED_EDGE('',*,*,#677,.T.);
#344=ORIENTED_EDGE('',*,*,#678,.T.);
#345=ORIENTED_EDGE('',*,*,#639,.T.);
#346=ORIENTED_EDGE('',*,*,#679,.T.);
#347=ORIENTED_EDGE('',*,*,#680,.T.);
#348=ORIENTED_EDGE('',*,*,#681,.T.);
#349=ORIENTED_EDGE('',*,*,#682,.T.);
#350=ORIENTED_EDGE('',*,*,#683,.T.);
#351=ORIENTED_EDGE('',*,*,#684,.F.);
#352=ORIENTED_EDGE('',*,*,#685,.F.);
#353=ORIENTED_EDGE('',*,*,#686,.F.);
#354=ORIENTED_EDGE('',*,*,#644,.T.);
#355=ORIENTED_EDGE('',*,*,#687,.T.);
#356=ORIENTED_EDGE('',*,*,#688,.T.);
#357=ORIENTED_EDGE('',*,*,#689,.T.);
#358=ORIENTED_EDGE('',*,*,#690,.T.);
#359=ORIENTED_EDGE('',*,*,#691,.T.);
#360=ORIENTED_EDGE('',*,*,#692,.F.);
#361=ORIENTED_EDGE('',*,*,#693,.F.);
#362=ORIENTED_EDGE('',*,*,#694,.F.);
#363=ORIENTED_EDGE('',*,*,#645,.T.);
#364=ORIENTED_EDGE('',*,*,#695,.F.);
#365=ORIENTED_EDGE('',*,*,#696,.F.);
#366=ORIENTED_EDGE('',*,*,#697,.F.);
#367=ORIENTED_EDGE('',*,*,#698,.T.);
#368=ORIENTED_EDGE('',*,*,#699,.T.);
#369=ORIENTED_EDGE('',*,*,#700,.T.);
#370=ORIENTED_EDGE('',*,*,#701,.T.);
#371=ORIENTED_EDGE('',*,*,#702,.T.);
#372=ORIENTED_EDGE('',*,*,#642,.T.);
#373=ORIENTED_EDGE('',*,*,#703,.F.);
#374=ORIENTED_EDGE('',*,*,#704,.F.);
#375=ORIENTED_EDGE('',*,*,#705,.F.);
#376=ORIENTED_EDGE('',*,*,#706,.T.);
#377=ORIENTED_EDGE('',*,*,#707,.T.);
#378=ORIENTED_EDGE('',*,*,#708,.T.);
#379=ORIENTED_EDGE('',*,*,#709,.T.);
#380=ORIENTED_EDGE('',*,*,#629,.F.);
#381=ORIENTED_EDGE('',*,*,#710,.T.);
#382=ORIENTED_EDGE('',*,*,#711,.T.);
#383=ORIENTED_EDGE('',*,*,#712,.T.);
#384=ORIENTED_EDGE('',*,*,#660,.F.);
#385=ORIENTED_EDGE('',*,*,#713,.F.);
#386=ORIENTED_EDGE('',*,*,#714,.F.);
#387=ORIENTED_EDGE('',*,*,#715,.F.);
#388=ORIENTED_EDGE('',*,*,#716,.T.);
#389=ORIENTED_EDGE('',*,*,#717,.T.);
#390=ORIENTED_EDGE('',*,*,#718,.T.);
#391=ORIENTED_EDGE('',*,*,#719,.T.);
#392=ORIENTED_EDGE('',*,*,#720,.T.);
#393=ORIENTED_EDGE('',*,*,#665,.F.);
#394=ORIENTED_EDGE('',*,*,#721,.T.);
#395=ORIENTED_EDGE('',*,*,#722,.T.);
#396=ORIENTED_EDGE('',*,*,#723,.T.);
#397=ORIENTED_EDGE('',*,*,#724,.T.);
#398=ORIENTED_EDGE('',*,*,#725,.T.);
#399=ORIENTED_EDGE('',*,*,#726,.F.);
#400=ORIENTED_EDGE('',*,*,#727,.F.);
#401=ORIENTED_EDGE('',*,*,#728,.F.);
#402=ORIENTED_EDGE('',*,*,#662,.F.);
#403=ORIENTED_EDGE('',*,*,#729,.T.);
#404=ORIENTED_EDGE('',*,*,#730,.T.);
#405=ORIENTED_EDGE('',*,*,#731,.T.);
#406=ORIENTED_EDGE('',*,*,#732,.T.);
#407=ORIENTED_EDGE('',*,*,#733,.T.);
#408=ORIENTED_EDGE('',*,*,#734,.F.);
#409=ORIENTED_EDGE('',*,*,#735,.F.);
#410=ORIENTED_EDGE('',*,*,#736,.F.);
#411=ORIENTED_EDGE('',*,*,#659,.F.);
#412=ORIENTED_EDGE('',*,*,#737,.F.);
#413=ORIENTED_EDGE('',*,*,#738,.F.);
#414=ORIENTED_EDGE('',*,*,#739,.F.);
#415=ORIENTED_EDGE('',*,*,#740,.T.);
#416=ORIENTED_EDGE('',*,*,#741,.T.);
#417=ORIENTED_EDGE('',*,*,#742,.T.);
#418=ORIENTED_EDGE('',*,*,#710,.F.);
#419=ORIENTED_EDGE('',*,*,#628,.T.);
#420=ORIENTED_EDGE('',*,*,#709,.F.);
#421=ORIENTED_EDGE('',*,*,#721,.F.);
#422=ORIENTED_EDGE('',*,*,#664,.T.);
#423=ORIENTED_EDGE('',*,*,#720,.F.);
#424=ORIENTED_EDGE('',*,*,#743,.F.);
#425=ORIENTED_EDGE('',*,*,#663,.F.);
#426=ORIENTED_EDGE('',*,*,#728,.T.);
#427=ORIENTED_EDGE('',*,*,#744,.T.);
#428=ORIENTED_EDGE('',*,*,#713,.T.);
#429=ORIENTED_EDGE('',*,*,#718,.F.);
#430=ORIENTED_EDGE('',*,*,#745,.F.);
#431=ORIENTED_EDGE('',*,*,#723,.F.);
#432=ORIENTED_EDGE('',*,*,#746,.T.);
#433=ORIENTED_EDGE('',*,*,#719,.F.);
#434=ORIENTED_EDGE('',*,*,#746,.F.);
#435=ORIENTED_EDGE('',*,*,#722,.F.);
#436=ORIENTED_EDGE('',*,*,#743,.T.);
#437=ORIENTED_EDGE('',*,*,#747,.F.);
#438=ORIENTED_EDGE('',*,*,#715,.T.);
#439=ORIENTED_EDGE('',*,*,#748,.F.);
#440=ORIENTED_EDGE('',*,*,#726,.T.);
#441=ORIENTED_EDGE('',*,*,#748,.T.);
#442=ORIENTED_EDGE('',*,*,#714,.T.);
#443=ORIENTED_EDGE('',*,*,#744,.F.);
#444=ORIENTED_EDGE('',*,*,#727,.T.);
#445=ORIENTED_EDGE('',*,*,#716,.F.);
#446=ORIENTED_EDGE('',*,*,#747,.T.);
#447=ORIENTED_EDGE('',*,*,#725,.F.);
#448=ORIENTED_EDGE('',*,*,#749,.T.);
#449=ORIENTED_EDGE('',*,*,#724,.F.);
#450=ORIENTED_EDGE('',*,*,#745,.T.);
#451=ORIENTED_EDGE('',*,*,#717,.F.);
#452=ORIENTED_EDGE('',*,*,#749,.F.);
#453=ORIENTED_EDGE('',*,*,#729,.F.);
#454=ORIENTED_EDGE('',*,*,#661,.T.);
#455=ORIENTED_EDGE('',*,*,#712,.F.);
#456=ORIENTED_EDGE('',*,*,#750,.F.);
#457=ORIENTED_EDGE('',*,*,#658,.F.);
#458=ORIENTED_EDGE('',*,*,#736,.T.);
#459=ORIENTED_EDGE('',*,*,#751,.T.);
#460=ORIENTED_EDGE('',*,*,#737,.T.);
#461=ORIENTED_EDGE('',*,*,#711,.F.);
#462=ORIENTED_EDGE('',*,*,#752,.F.);
#463=ORIENTED_EDGE('',*,*,#730,.F.);
#464=ORIENTED_EDGE('',*,*,#750,.T.);
#465=ORIENTED_EDGE('',*,*,#742,.F.);
#466=ORIENTED_EDGE('',*,*,#753,.F.);
#467=ORIENTED_EDGE('',*,*,#731,.F.);
#468=ORIENTED_EDGE('',*,*,#752,.T.);
#469=ORIENTED_EDGE('',*,*,#754,.T.);
#470=ORIENTED_EDGE('',*,*,#738,.T.);
#471=ORIENTED_EDGE('',*,*,#751,.F.);
#472=ORIENTED_EDGE('',*,*,#735,.T.);
#473=ORIENTED_EDGE('',*,*,#755,.F.);
#474=ORIENTED_EDGE('',*,*,#739,.T.);
#475=ORIENTED_EDGE('',*,*,#754,.F.);
#476=ORIENTED_EDGE('',*,*,#734,.T.);
#477=ORIENTED_EDGE('',*,*,#732,.F.);
#478=ORIENTED_EDGE('',*,*,#753,.T.);
#479=ORIENTED_EDGE('',*,*,#741,.F.);
#480=ORIENTED_EDGE('',*,*,#756,.T.);
#481=ORIENTED_EDGE('',*,*,#740,.F.);
#482=ORIENTED_EDGE('',*,*,#755,.T.);
#483=ORIENTED_EDGE('',*,*,#733,.F.);
#484=ORIENTED_EDGE('',*,*,#756,.F.);
#485=ORIENTED_EDGE('',*,*,#687,.F.);
#486=ORIENTED_EDGE('',*,*,#643,.F.);
#487=ORIENTED_EDGE('',*,*,#702,.F.);
#488=ORIENTED_EDGE('',*,*,#757,.T.);
#489=ORIENTED_EDGE('',*,*,#646,.T.);
#490=ORIENTED_EDGE('',*,*,#694,.T.);
#491=ORIENTED_EDGE('',*,*,#758,.F.);
#492=ORIENTED_EDGE('',*,*,#695,.T.);
#493=ORIENTED_EDGE('',*,*,#688,.F.);
#494=ORIENTED_EDGE('',*,*,#757,.F.);
#495=ORIENTED_EDGE('',*,*,#701,.F.);
#496=ORIENTED_EDGE('',*,*,#759,.T.);
#497=ORIENTED_EDGE('',*,*,#700,.F.);
#498=ORIENTED_EDGE('',*,*,#760,.T.);
#499=ORIENTED_EDGE('',*,*,#689,.F.);
#500=ORIENTED_EDGE('',*,*,#759,.F.);
#501=ORIENTED_EDGE('',*,*,#758,.T.);
#502=ORIENTED_EDGE('',*,*,#693,.T.);
#503=ORIENTED_EDGE('',*,*,#761,.F.);
#504=ORIENTED_EDGE('',*,*,#696,.T.);
#505=ORIENTED_EDGE('',*,*,#762,.T.);
#506=ORIENTED_EDGE('',*,*,#697,.T.);
#507=ORIENTED_EDGE('',*,*,#761,.T.);
#508=ORIENTED_EDGE('',*,*,#692,.T.);
#509=ORIENTED_EDGE('',*,*,#699,.F.);
#510=ORIENTED_EDGE('',*,*,#763,.F.);
#511=ORIENTED_EDGE('',*,*,#690,.F.);
#512=ORIENTED_EDGE('',*,*,#760,.F.);
#513=ORIENTED_EDGE('',*,*,#691,.F.);
#514=ORIENTED_EDGE('',*,*,#763,.T.);
#515=ORIENTED_EDGE('',*,*,#698,.F.);
#516=ORIENTED_EDGE('',*,*,#762,.F.);
#517=ORIENTED_EDGE('',*,*,#679,.F.);
#518=ORIENTED_EDGE('',*,*,#640,.F.);
#519=ORIENTED_EDGE('',*,*,#678,.F.);
#520=ORIENTED_EDGE('',*,*,#764,.T.);
#521=ORIENTED_EDGE('',*,*,#641,.T.);
#522=ORIENTED_EDGE('',*,*,#686,.T.);
#523=ORIENTED_EDGE('',*,*,#765,.F.);
#524=ORIENTED_EDGE('',*,*,#703,.T.);
#525=ORIENTED_EDGE('',*,*,#708,.F.);
#526=ORIENTED_EDGE('',*,*,#766,.T.);
#527=ORIENTED_EDGE('',*,*,#681,.F.);
#528=ORIENTED_EDGE('',*,*,#767,.F.);
#529=ORIENTED_EDGE('',*,*,#680,.F.);
#530=ORIENTED_EDGE('',*,*,#764,.F.);
#531=ORIENTED_EDGE('',*,*,#677,.F.);
#532=ORIENTED_EDGE('',*,*,#767,.T.);
#533=ORIENTED_EDGE('',*,*,#768,.T.);
#534=ORIENTED_EDGE('',*,*,#705,.T.);
#535=ORIENTED_EDGE('',*,*,#769,.T.);
#536=ORIENTED_EDGE('',*,*,#684,.T.);
#537=ORIENTED_EDGE('',*,*,#765,.T.);
#538=ORIENTED_EDGE('',*,*,#685,.T.);
#539=ORIENTED_EDGE('',*,*,#769,.F.);
#540=ORIENTED_EDGE('',*,*,#704,.T.);
#541=ORIENTED_EDGE('',*,*,#683,.F.);
#542=ORIENTED_EDGE('',*,*,#770,.F.);
#543=ORIENTED_EDGE('',*,*,#706,.F.);
#544=ORIENTED_EDGE('',*,*,#768,.F.);
#545=ORIENTED_EDGE('',*,*,#707,.F.);
#546=ORIENTED_EDGE('',*,*,#770,.T.);
#547=ORIENTED_EDGE('',*,*,#682,.F.);
#548=ORIENTED_EDGE('',*,*,#766,.F.);
#549=ORIENTED_EDGE('',*,*,#589,.T.);
#550=ORIENTED_EDGE('',*,*,#624,.F.);
#551=ORIENTED_EDGE('',*,*,#771,.F.);
#552=ORIENTED_EDGE('',*,*,#674,.F.);
#553=ORIENTED_EDGE('',*,*,#591,.T.);
#554=ORIENTED_EDGE('',*,*,#654,.F.);
#555=ORIENTED_EDGE('',*,*,#772,.F.);
#556=ORIENTED_EDGE('',*,*,#600,.F.);
#557=ORIENTED_EDGE('',*,*,#771,.T.);
#558=ORIENTED_EDGE('',*,*,#623,.F.);
#559=ORIENTED_EDGE('',*,*,#773,.F.);
#560=ORIENTED_EDGE('',*,*,#675,.F.);
#561=ORIENTED_EDGE('',*,*,#772,.T.);
#562=ORIENTED_EDGE('',*,*,#653,.F.);
#563=ORIENTED_EDGE('',*,*,#774,.F.);
#564=ORIENTED_EDGE('',*,*,#601,.F.);
#565=ORIENTED_EDGE('',*,*,#773,.T.);
#566=ORIENTED_EDGE('',*,*,#593,.F.);
#567=ORIENTED_EDGE('',*,*,#775,.F.);
#568=ORIENTED_EDGE('',*,*,#676,.F.);
#569=ORIENTED_EDGE('',*,*,#774,.T.);
#570=ORIENTED_EDGE('',*,*,#657,.F.);
#571=ORIENTED_EDGE('',*,*,#776,.F.);
#572=ORIENTED_EDGE('',*,*,#626,.F.);
#573=ORIENTED_EDGE('',*,*,#592,.F.);
#574=ORIENTED_EDGE('',*,*,#596,.F.);
#575=ORIENTED_EDGE('',*,*,#777,.F.);
#576=ORIENTED_EDGE('',*,*,#672,.F.);
#577=ORIENTED_EDGE('',*,*,#775,.T.);
#578=ORIENTED_EDGE('',*,*,#776,.T.);
#579=ORIENTED_EDGE('',*,*,#656,.F.);
#580=ORIENTED_EDGE('',*,*,#778,.F.);
#581=ORIENTED_EDGE('',*,*,#598,.F.);
#582=ORIENTED_EDGE('',*,*,#627,.F.);
#583=ORIENTED_EDGE('',*,*,#777,.T.);
#584=ORIENTED_EDGE('',*,*,#595,.F.);
#585=ORIENTED_EDGE('',*,*,#778,.T.);
#586=ORIENTED_EDGE('',*,*,#673,.F.);
#587=EDGE_CURVE('',#779,#780,#911,.T.);
#588=EDGE_CURVE('',#781,#779,#166,.T.);
#589=EDGE_CURVE('',#782,#781,#912,.T.);
#590=EDGE_CURVE('',#783,#782,#913,.F.);
#591=EDGE_CURVE('',#780,#783,#914,.T.);
#592=EDGE_CURVE('',#784,#785,#915,.T.);
#593=EDGE_CURVE('',#785,#786,#136,.T.);
#594=EDGE_CURVE('',#784,#786,#167,.T.);
#595=EDGE_CURVE('',#787,#788,#40,.F.);
#596=EDGE_CURVE('',#788,#784,#916,.T.);
#597=EDGE_CURVE('',#789,#784,#168,.T.);
#598=EDGE_CURVE('',#789,#787,#917,.T.);
#599=EDGE_CURVE('',#779,#790,#169,.T.);
#600=EDGE_CURVE('',#780,#791,#41,.F.);
#601=EDGE_CURVE('',#791,#790,#918,.T.);
#602=EDGE_CURVE('',#792,#793,#42,.T.);
#603=EDGE_CURVE('',#793,#794,#170,.F.);
#604=EDGE_CURVE('',#794,#795,#43,.F.);
#605=EDGE_CURVE('',#792,#795,#171,.F.);
#606=EDGE_CURVE('',#796,#796,#172,.T.);
#607=EDGE_CURVE('',#797,#797,#173,.T.);
#608=EDGE_CURVE('',#798,#799,#44,.T.);
#609=EDGE_CURVE('',#800,#799,#174,.F.);
#610=EDGE_CURVE('',#800,#801,#45,.F.);
#611=EDGE_CURVE('',#801,#798,#175,.F.);
#612=EDGE_CURVE('',#802,#803,#176,.F.);
#613=EDGE_CURVE('',#802,#804,#46,.F.);
#614=EDGE_CURVE('',#804,#805,#177,.F.);
#615=EDGE_CURVE('',#805,#803,#47,.T.);
#616=EDGE_CURVE('',#806,#806,#178,.T.);
#617=EDGE_CURVE('',#807,#807,#179,.T.);
#618=EDGE_CURVE('',#808,#809,#180,.F.);
#619=EDGE_CURVE('',#809,#810,#48,.F.);
#620=EDGE_CURVE('',#811,#810,#181,.F.);
#621=EDGE_CURVE('',#811,#808,#49,.T.);
#622=EDGE_CURVE('',#812,#812,#182,.T.);
#623=EDGE_CURVE('',#786,#813,#183,.T.);
#624=EDGE_CURVE('',#813,#781,#919,.T.);
#625=EDGE_CURVE('',#790,#789,#184,.T.);
#626=EDGE_CURVE('',#790,#814,#920,.T.);
#627=EDGE_CURVE('',#814,#789,#921,.T.);
#628=EDGE_CURVE('',#815,#816,#185,.T.);
#629=EDGE_CURVE('',#815,#816,#922,.T.);
#630=EDGE_CURVE('',#817,#817,#186,.T.);
#631=EDGE_CURVE('',#801,#811,#187,.T.);
#632=EDGE_CURVE('',#810,#798,#188,.T.);
#633=EDGE_CURVE('',#799,#809,#189,.F.);
#634=EDGE_CURVE('',#808,#800,#190,.F.);
#635=EDGE_CURVE('',#793,#802,#191,.T.);
#636=EDGE_CURVE('',#803,#794,#192,.T.);
#637=EDGE_CURVE('',#795,#805,#193,.F.);
#638=EDGE_CURVE('',#804,#792,#194,.F.);
#639=EDGE_CURVE('',#818,#819,#923,.T.);
#640=EDGE_CURVE('',#818,#819,#50,.T.);
#641=EDGE_CURVE('',#820,#821,#51,.T.);
#642=EDGE_CURVE('',#822,#820,#924,.T.);
#643=EDGE_CURVE('',#822,#823,#52,.T.);
#644=EDGE_CURVE('',#821,#823,#925,.T.);
#645=EDGE_CURVE('',#824,#825,#926,.T.);
#646=EDGE_CURVE('',#825,#824,#53,.T.);
#647=EDGE_CURVE('',#826,#827,#54,.F.);
#648=EDGE_CURVE('',#827,#828,#195,.F.);
#649=EDGE_CURVE('',#828,#829,#196,.F.);
#650=EDGE_CURVE('',#829,#830,#55,.F.);
#651=EDGE_CURVE('',#830,#831,#197,.F.);
#652=EDGE_CURVE('',#831,#826,#198,.F.);
#653=EDGE_CURVE('',#832,#833,#927,.T.);
#654=EDGE_CURVE('',#833,#783,#928,.F.);
#655=EDGE_CURVE('',#834,#783,#929,.F.);
#656=EDGE_CURVE('',#834,#835,#930,.T.);
#657=EDGE_CURVE('',#835,#832,#931,.T.);
#658=EDGE_CURVE('',#836,#837,#56,.T.);
#659=EDGE_CURVE('',#837,#836,#932,.F.);
#660=EDGE_CURVE('',#838,#839,#933,.F.);
#661=EDGE_CURVE('',#840,#839,#57,.T.);
#662=EDGE_CURVE('',#840,#841,#934,.F.);
#663=EDGE_CURVE('',#841,#838,#58,.T.);
#664=EDGE_CURVE('',#842,#843,#59,.T.);
#665=EDGE_CURVE('',#842,#843,#935,.F.);
#666=EDGE_CURVE('',#844,#845,#199,.F.);
#667=EDGE_CURVE('',#846,#844,#936,.T.);
#668=EDGE_CURVE('',#847,#846,#200,.F.);
#669=EDGE_CURVE('',#848,#847,#201,.F.);
#670=EDGE_CURVE('',#849,#848,#937,.T.);
#671=EDGE_CURVE('',#845,#849,#202,.F.);
#672=EDGE_CURVE('',#850,#851,#938,.T.);
#673=EDGE_CURVE('',#851,#834,#939,.F.);
#674=EDGE_CURVE('',#782,#852,#940,.F.);
#675=EDGE_CURVE('',#852,#853,#941,.T.);
#676=EDGE_CURVE('',#853,#850,#942,.F.);
#677=EDGE_CURVE('',#854,#855,#943,.T.);
#678=EDGE_CURVE('',#855,#818,#944,.T.);
#679=EDGE_CURVE('',#819,#856,#945,.T.);
#680=EDGE_CURVE('',#856,#857,#946,.T.);
#681=EDGE_CURVE('',#857,#858,#947,.T.);
#682=EDGE_CURVE('',#858,#859,#948,.T.);
#683=EDGE_CURVE('',#859,#860,#949,.T.);
#684=EDGE_CURVE('',#861,#860,#950,.T.);
#685=EDGE_CURVE('',#862,#861,#951,.T.);
#686=EDGE_CURVE('',#821,#862,#952,.T.);
#687=EDGE_CURVE('',#823,#863,#953,.T.);
#688=EDGE_CURVE('',#863,#864,#954,.T.);
#689=EDGE_CURVE('',#864,#865,#955,.T.);
#690=EDGE_CURVE('',#865,#866,#956,.T.);
#691=EDGE_CURVE('',#866,#867,#957,.T.);
#692=EDGE_CURVE('',#868,#867,#958,.T.);
#693=EDGE_CURVE('',#869,#868,#959,.T.);
#694=EDGE_CURVE('',#824,#869,#960,.T.);
#695=EDGE_CURVE('',#870,#825,#961,.T.);
#696=EDGE_CURVE('',#871,#870,#962,.T.);
#697=EDGE_CURVE('',#872,#871,#963,.T.);
#698=EDGE_CURVE('',#872,#873,#964,.T.);
#699=EDGE_CURVE('',#873,#874,#965,.T.);
#700=EDGE_CURVE('',#874,#875,#966,.T.);
#701=EDGE_CURVE('',#875,#876,#967,.T.);
#702=EDGE_CURVE('',#876,#822,#968,.T.);
#703=EDGE_CURVE('',#877,#820,#969,.T.);
#704=EDGE_CURVE('',#878,#877,#970,.T.);
#705=EDGE_CURVE('',#879,#878,#971,.T.);
#706=EDGE_CURVE('',#879,#880,#972,.T.);
#707=EDGE_CURVE('',#880,#881,#973,.T.);
#708=EDGE_CURVE('',#881,#854,#974,.T.);
#709=EDGE_CURVE('',#882,#816,#975,.T.);
#710=EDGE_CURVE('',#815,#882,#976,.T.);
#711=EDGE_CURVE('',#883,#884,#977,.T.);
#712=EDGE_CURVE('',#884,#839,#978,.T.);
#713=EDGE_CURVE('',#885,#838,#979,.T.);
#714=EDGE_CURVE('',#886,#885,#980,.T.);
#715=EDGE_CURVE('',#887,#886,#981,.T.);
#716=EDGE_CURVE('',#887,#888,#982,.T.);
#717=EDGE_CURVE('',#888,#889,#983,.T.);
#718=EDGE_CURVE('',#889,#890,#984,.T.);
#719=EDGE_CURVE('',#890,#891,#985,.T.);
#720=EDGE_CURVE('',#891,#843,#986,.T.);
#721=EDGE_CURVE('',#842,#892,#987,.T.);
#722=EDGE_CURVE('',#892,#893,#988,.T.);
#723=EDGE_CURVE('',#893,#894,#989,.T.);
#724=EDGE_CURVE('',#894,#895,#990,.T.);
#725=EDGE_CURVE('',#895,#896,#991,.T.);
#726=EDGE_CURVE('',#897,#896,#992,.T.);
#727=EDGE_CURVE('',#898,#897,#993,.T.);
#728=EDGE_CURVE('',#841,#898,#994,.T.);
#729=EDGE_CURVE('',#840,#899,#995,.T.);
#730=EDGE_CURVE('',#899,#900,#996,.T.);
#731=EDGE_CURVE('',#900,#901,#997,.T.);
#732=EDGE_CURVE('',#901,#902,#998,.T.);
#733=EDGE_CURVE('',#902,#903,#999,.T.);
#734=EDGE_CURVE('',#904,#903,#1000,.T.);
#735=EDGE_CURVE('',#905,#904,#1001,.T.);
#736=EDGE_CURVE('',#836,#905,#1002,.T.);
#737=EDGE_CURVE('',#906,#837,#1003,.T.);
#738=EDGE_CURVE('',#907,#906,#1004,.T.);
#739=EDGE_CURVE('',#908,#907,#1005,.T.);
#740=EDGE_CURVE('',#908,#909,#1006,.T.);
#741=EDGE_CURVE('',#909,#910,#1007,.T.);
#742=EDGE_CURVE('',#910,#883,#1008,.T.);
#743=EDGE_CURVE('',#892,#891,#60,.T.);
#744=EDGE_CURVE('',#898,#885,#61,.T.);
#745=EDGE_CURVE('',#894,#889,#62,.T.);
#746=EDGE_CURVE('',#893,#890,#63,.T.);
#747=EDGE_CURVE('',#887,#896,#64,.F.);
#748=EDGE_CURVE('',#897,#886,#65,.T.);
#749=EDGE_CURVE('',#895,#888,#66,.F.);
#750=EDGE_CURVE('',#899,#884,#67,.T.);
#751=EDGE_CURVE('',#905,#906,#68,.T.);
#752=EDGE_CURVE('',#900,#883,#69,.T.);
#753=EDGE_CURVE('',#901,#910,#70,.T.);
#754=EDGE_CURVE('',#904,#907,#71,.T.);
#755=EDGE_CURVE('',#908,#903,#72,.F.);
#756=EDGE_CURVE('',#909,#902,#73,.F.);
#757=EDGE_CURVE('',#876,#863,#74,.T.);
#758=EDGE_CURVE('',#870,#869,#75,.T.);
#759=EDGE_CURVE('',#875,#864,#76,.T.);
#760=EDGE_CURVE('',#874,#865,#77,.T.);
#761=EDGE_CURVE('',#871,#868,#78,.T.);
#762=EDGE_CURVE('',#867,#872,#79,.F.);
#763=EDGE_CURVE('',#866,#873,#80,.F.);
#764=EDGE_CURVE('',#855,#856,#81,.T.);
#765=EDGE_CURVE('',#877,#862,#82,.T.);
#766=EDGE_CURVE('',#881,#858,#83,.T.);
#767=EDGE_CURVE('',#854,#857,#84,.T.);
#768=EDGE_CURVE('',#860,#879,#85,.F.);
#769=EDGE_CURVE('',#878,#861,#86,.T.);
#770=EDGE_CURVE('',#880,#859,#87,.F.);
#771=EDGE_CURVE('',#852,#813,#1009,.F.);
#772=EDGE_CURVE('',#791,#833,#1010,.F.);
#773=EDGE_CURVE('',#853,#786,#1011,.T.);
#774=EDGE_CURVE('',#790,#832,#1012,.F.);
#775=EDGE_CURVE('',#850,#785,#1013,.F.);
#776=EDGE_CURVE('',#814,#835,#1014,.F.);
#777=EDGE_CURVE('',#851,#788,#1015,.T.);
#778=EDGE_CURVE('',#787,#834,#1016,.T.);
#779=VERTEX_POINT('',#1631);
#780=VERTEX_POINT('',#1632);
#781=VERTEX_POINT('',#1634);
#782=VERTEX_POINT('',#1639);
#783=VERTEX_POINT('',#1644);
#784=VERTEX_POINT('',#1654);
#785=VERTEX_POINT('',#1655);
#786=VERTEX_POINT('',#1657);
#787=VERTEX_POINT('',#1661);
#788=VERTEX_POINT('',#1662);
#789=VERTEX_POINT('',#1669);
#790=VERTEX_POINT('',#1677);
#791=VERTEX_POINT('',#1679);
#792=VERTEX_POINT('',#1687);
#793=VERTEX_POINT('',#1688);
#794=VERTEX_POINT('',#1690);
#795=VERTEX_POINT('',#1692);
#796=VERTEX_POINT('',#1695);
#797=VERTEX_POINT('',#1697);
#798=VERTEX_POINT('',#1699);
#799=VERTEX_POINT('',#1700);
#800=VERTEX_POINT('',#1702);
#801=VERTEX_POINT('',#1704);
#802=VERTEX_POINT('',#1708);
#803=VERTEX_POINT('',#1709);
#804=VERTEX_POINT('',#1711);
#805=VERTEX_POINT('',#1713);
#806=VERTEX_POINT('',#1716);
#807=VERTEX_POINT('',#1718);
#808=VERTEX_POINT('',#1720);
#809=VERTEX_POINT('',#1721);
#810=VERTEX_POINT('',#1723);
#811=VERTEX_POINT('',#1725);
#812=VERTEX_POINT('',#1730);
#813=VERTEX_POINT('',#1733);
#814=VERTEX_POINT('',#1745);
#815=VERTEX_POINT('',#1752);
#816=VERTEX_POINT('',#1753);
#817=VERTEX_POINT('',#1762);
#818=VERTEX_POINT('',#1794);
#819=VERTEX_POINT('',#1795);
#820=VERTEX_POINT('',#1798);
#821=VERTEX_POINT('',#1799);
#822=VERTEX_POINT('',#1804);
#823=VERTEX_POINT('',#1806);
#824=VERTEX_POINT('',#1825);
#825=VERTEX_POINT('',#1826);
#826=VERTEX_POINT('',#1829);
#827=VERTEX_POINT('',#1830);
#828=VERTEX_POINT('',#1832);
#829=VERTEX_POINT('',#1834);
#830=VERTEX_POINT('',#1836);
#831=VERTEX_POINT('',#1838);
#832=VERTEX_POINT('',#2395);
#833=VERTEX_POINT('',#2396);
#834=VERTEX_POINT('',#2425);
#835=VERTEX_POINT('',#2432);
#836=VERTEX_POINT('',#2462);
#837=VERTEX_POINT('',#2463);
#838=VERTEX_POINT('',#2481);
#839=VERTEX_POINT('',#2482);
#840=VERTEX_POINT('',#2484);
#841=VERTEX_POINT('',#2489);
#842=VERTEX_POINT('',#2492);
#843=VERTEX_POINT('',#2493);
#844=VERTEX_POINT('',#2508);
#845=VERTEX_POINT('',#2509);
#846=VERTEX_POINT('',#2514);
#847=VERTEX_POINT('',#2516);
#848=VERTEX_POINT('',#2518);
#849=VERTEX_POINT('',#2523);
#850=VERTEX_POINT('',#3077);
#851=VERTEX_POINT('',#3078);
#852=VERTEX_POINT('',#3087);
#853=VERTEX_POINT('',#3101);
#854=VERTEX_POINT('',#4904);
#855=VERTEX_POINT('',#4905);
#856=VERTEX_POINT('',#4914);
#857=VERTEX_POINT('',#4919);
#858=VERTEX_POINT('',#4924);
#859=VERTEX_POINT('',#4929);
#860=VERTEX_POINT('',#4934);
#861=VERTEX_POINT('',#4939);
#862=VERTEX_POINT('',#4944);
#863=VERTEX_POINT('',#4953);
#864=VERTEX_POINT('',#4958);
#865=VERTEX_POINT('',#4963);
#866=VERTEX_POINT('',#4968);
#867=VERTEX_POINT('',#4973);
#868=VERTEX_POINT('',#4978);
#869=VERTEX_POINT('',#4983);
#870=VERTEX_POINT('',#4992);
#871=VERTEX_POINT('',#4997);
#872=VERTEX_POINT('',#5002);
#873=VERTEX_POINT('',#5007);
#874=VERTEX_POINT('',#5012);
#875=VERTEX_POINT('',#5017);
#876=VERTEX_POINT('',#5022);
#877=VERTEX_POINT('',#5031);
#878=VERTEX_POINT('',#5036);
#879=VERTEX_POINT('',#5041);
#880=VERTEX_POINT('',#5046);
#881=VERTEX_POINT('',#5051);
#882=VERTEX_POINT('',#5060);
#883=VERTEX_POINT('',#6883);
#884=VERTEX_POINT('',#6884);
#885=VERTEX_POINT('',#6893);
#886=VERTEX_POINT('',#6898);
#887=VERTEX_POINT('',#6903);
#888=VERTEX_POINT('',#6908);
#889=VERTEX_POINT('',#6913);
#890=VERTEX_POINT('',#6918);
#891=VERTEX_POINT('',#6923);
#892=VERTEX_POINT('',#6932);
#893=VERTEX_POINT('',#6937);
#894=VERTEX_POINT('',#6942);
#895=VERTEX_POINT('',#6947);
#896=VERTEX_POINT('',#6952);
#897=VERTEX_POINT('',#6957);
#898=VERTEX_POINT('',#6962);
#899=VERTEX_POINT('',#6971);
#900=VERTEX_POINT('',#6976);
#901=VERTEX_POINT('',#6981);
#902=VERTEX_POINT('',#6986);
#903=VERTEX_POINT('',#6991);
#904=VERTEX_POINT('',#6996);
#905=VERTEX_POINT('',#7001);
#906=VERTEX_POINT('',#7010);
#907=VERTEX_POINT('',#7015);
#908=VERTEX_POINT('',#7020);
#909=VERTEX_POINT('',#7025);
#910=VERTEX_POINT('',#7030);
#911=B_SPLINE_CURVE_WITH_KNOTS('',3,(#1627,#1628,#1629,#1630),
 .UNSPECIFIED.,.F.,.F.,(4,4),(0.,0.999999929422964),.UNSPECIFIED.);
#912=B_SPLINE_CURVE_WITH_KNOTS('',3,(#1635,#1636,#1637,#1638),
 .UNSPECIFIED.,.F.,.F.,(4,4),(0.,1.),.UNSPECIFIED.);
#913=B_SPLINE_CURVE_WITH_KNOTS('',3,(#1640,#1641,#1642,#1643),
 .UNSPECIFIED.,.F.,.F.,(4,4),(2.4677125901067E-7,0.00970692020576203),
 .PIECEWISE_BEZIER_KNOTS.);
#914=B_SPLINE_CURVE_WITH_KNOTS('',3,(#1645,#1646,#1647,#1648),
 .UNSPECIFIED.,.F.,.F.,(4,4),(0.,1.),.UNSPECIFIED.);
#915=B_SPLINE_CURVE_WITH_KNOTS('',3,(#1650,#1651,#1652,#1653),
 .UNSPECIFIED.,.F.,.F.,(4,4),(0.,1.),.UNSPECIFIED.);
#916=B_SPLINE_CURVE_WITH_KNOTS('',3,(#1663,#1664,#1665,#1666,#1667),
 .UNSPECIFIED.,.F.,.F.,(4,1,4),(0.,0.5,1.),.UNSPECIFIED.);
#917=B_SPLINE_CURVE_WITH_KNOTS('',3,(#1670,#1671,#1672,#1673,#1674),
 .UNSPECIFIED.,.F.,.F.,(4,1,4),(0.,0.5,1.),.UNSPECIFIED.);
#918=B_SPLINE_CURVE_WITH_KNOTS('',3,(#1680,#1681,#1682,#1683,#1684),
 .UNSPECIFIED.,.F.,.F.,(4,1,4),(0.,0.5,1.),.UNSPECIFIED.);
#919=B_SPLINE_CURVE_WITH_KNOTS('',3,(#1734,#1735,#1736,#1737),
 .UNSPECIFIED.,.F.,.F.,(4,4),(7.53348064871696E-15,0.000385905925411191),
 .UNSPECIFIED.);
#920=B_SPLINE_CURVE_WITH_KNOTS('',3,(#1740,#1741,#1742,#1743,#1744),
 .UNSPECIFIED.,.F.,.F.,(4,1,4),(0.,0.5,1.),.UNSPECIFIED.);
#921=B_SPLINE_CURVE_WITH_KNOTS('',3,(#1746,#1747,#1748,#1749),
 .UNSPECIFIED.,.F.,.F.,(4,4),(0.,1.),.UNSPECIFIED.);
#922=B_SPLINE_CURVE_WITH_KNOTS('',3,(#1754,#1755,#1756,#1757,#1758,#1759,
#1760),.UNSPECIFIED.,.F.,.F.,(4,1,1,1,4),(0.0431136110442599,0.0490151941446819,
0.0549167772451039,0.0608183603455259,0.0667199434459479),.UNSPECIFIED.);
#923=B_SPLINE_CURVE_WITH_KNOTS('',3,(#1781,#1782,#1783,#1784,#1785,#1786,
#1787,#1788,#1789,#1790,#1791,#1792,#1793),.UNSPECIFIED.,.F.,.F.,(4,1,1,
1,1,1,1,1,1,1,4),(0.0231774648558407,0.023787554564433,0.0243976442730254,
0.0256178236902101,0.0268380031073948,0.0280581825245796,0.0292783619417643,
0.030498541358949,0.0317187207761338,0.0323288104847261,0.0329389001933185),
 .UNSPECIFIED.);
#924=B_SPLINE_CURVE_WITH_KNOTS('',3,(#1800,#1801,#1802,#1803),
 .UNSPECIFIED.,.F.,.F.,(4,4),(0.0150112774722003,0.0223807636476806),
 .UNSPECIFIED.);
#925=B_SPLINE_CURVE_WITH_KNOTS('',3,(#1807,#1808,#1809,#1810),
 .UNSPECIFIED.,.F.,.F.,(4,4),(0.0337360724380235,0.0411229940697843),
 .UNSPECIFIED.);
#926=B_SPLINE_CURVE_WITH_KNOTS('',3,(#1811,#1812,#1813,#1814,#1815,#1816,
#1817,#1818,#1819,#1820,#1821,#1822,#1823,#1824),.UNSPECIFIED.,.F.,.F.,
(4,1,1,1,1,1,1,1,1,1,1,4),(0.00450000000000001,0.00510716101650253,0.00571432203300504,
0.00632148304950756,0.00692864406601008,0.00814296609901511,0.00935728813202014,
0.0105716101650252,0.0117859321980302,0.0130002542310352,0.0136074152475378,
0.0142145762640403),.UNSPECIFIED.);
#927=B_SPLINE_CURVE_WITH_KNOTS('',3,(#2386,#2387,#2388,#2389,#2390,#2391,
#2392,#2393,#2394),.UNSPECIFIED.,.F.,.F.,(4,1,1,1,1,1,4),(0.,0.25,0.375,
0.5,0.625,0.75,1.),.UNSPECIFIED.);
#928=B_SPLINE_CURVE_WITH_KNOTS('',3,(#2397,#2398,#2399,#2400),
 .UNSPECIFIED.,.F.,.F.,(4,4),(0.,1.),.UNSPECIFIED.);
#929=B_SPLINE_CURVE_WITH_KNOTS('',3,(#2401,#2402,#2403,#2404,#2405,#2406,
#2407,#2408,#2409,#2410,#2411,#2412,#2413,#2414,#2415,#2416,#2417,#2418,
#2419,#2420,#2421,#2422,#2423,#2424),.UNSPECIFIED.,.F.,.F.,(4,1,1,1,1,1,
1,1,1,1,1,1,1,1,1,1,1,1,1,1,1,4),(0.00104916827632933,0.00519256095006366,
0.009335953623798,0.0134793462975323,0.0176227389712667,0.021766131645001,
0.0238378279818682,0.0259095243187353,0.0279812206556025,0.0300529169924697,
0.0321246133293368,0.034196309666204,0.0362680060030712,0.0383397023399383,
0.0404113986768055,0.0424830950136727,0.046626487687407,0.0507698803611413,
0.0549132730348757,0.05905666570861,0.0632000583823443,0.0673434510560787),
 .UNSPECIFIED.);
#930=B_SPLINE_CURVE_WITH_KNOTS('',3,(#2426,#2427,#2428,#2429,#2430,#2431),
 .UNSPECIFIED.,.F.,.F.,(4,1,1,4),(0.,0.25,0.5,1.),.UNSPECIFIED.);
#931=B_SPLINE_CURVE_WITH_KNOTS('',3,(#2433,#2434,#2435,#2436,#2437,#2438,
#2439,#2440,#2441,#2442,#2443,#2444,#2445,#2446,#2447,#2448,#2449,#2450,
#2451,#2452,#2453,#2454,#2455,#2456,#2457,#2458,#2459),.UNSPECIFIED.,.F.,
 .F.,(4,1,1,1,1,1,1,1,1,1,1,1,1,1,1,1,1,1,1,1,1,1,1,1,4),(0.,0.125,0.25,
0.3125,0.375,0.40625,0.4375,0.46875,0.484375,0.4921875,0.5,0.5078125,0.515625,
0.53125,0.5625,0.59375,0.625,0.6875,0.75,0.8125,0.875,0.9375,0.96875,0.984375,
1.),.UNSPECIFIED.);
#932=B_SPLINE_CURVE_WITH_KNOTS('',3,(#2464,#2465,#2466,#2467,#2468,#2469,
#2470,#2471,#2472,#2473,#2474,#2475,#2476),.UNSPECIFIED.,.F.,.F.,(4,1,1,
1,1,1,1,1,1,1,4),(0.0235843645258988,0.0241898912542922,0.0247954179826856,
0.0260064714394723,0.027217524896259,0.0284285783530458,0.0296396318098325,
0.0308506852666193,0.032061738723406,0.0326672654517994,0.0332727921801928),
 .UNSPECIFIED.);
#933=B_SPLINE_CURVE_WITH_KNOTS('',3,(#2477,#2478,#2479,#2480),
 .UNSPECIFIED.,.F.,.F.,(4,4),(0.0340653073565779,0.0414020210131935),
 .UNSPECIFIED.);
#934=B_SPLINE_CURVE_WITH_KNOTS('',3,(#2485,#2486,#2487,#2488),
 .UNSPECIFIED.,.F.,.F.,(4,4),(0.0154266430748699,0.0227884892623838),
 .UNSPECIFIED.);
#935=B_SPLINE_CURVE_WITH_KNOTS('',3,(#2494,#2495,#2496,#2497,#2498,#2499,
#2500,#2501,#2502,#2503,#2504,#2505,#2506),.UNSPECIFIED.,.F.,.F.,(4,1,1,
1,1,1,1,1,1,1,4),(0.00491482136831563,0.00552206802100558,0.00612931467369554,
0.00734380797907544,0.00855830128445534,0.00977279458983524,0.0109872878952151,
0.012201781200595,0.0134162745059749,0.0140235211586649,0.0146307678113549),
 .UNSPECIFIED.);
#936=B_SPLINE_CURVE_WITH_KNOTS('',3,(#2510,#2511,#2512,#2513),
 .UNSPECIFIED.,.F.,.F.,(4,4),(0.,1.),.UNSPECIFIED.);
#937=B_SPLINE_CURVE_WITH_KNOTS('',3,(#2519,#2520,#2521,#2522),
 .UNSPECIFIED.,.F.,.F.,(4,4),(0.,1.),.UNSPECIFIED.);
#938=B_SPLINE_CURVE_WITH_KNOTS('',3,(#3071,#3072,#3073,#3074,#3075,#3076),
 .UNSPECIFIED.,.F.,.F.,(4,1,1,4),(0.,0.5,0.75,1.),.UNSPECIFIED.);
#939=B_SPLINE_CURVE_WITH_KNOTS('',3,(#3079,#3080,#3081,#3082),
 .UNSPECIFIED.,.F.,.F.,(4,4),(0.,1.),.UNSPECIFIED.);
#940=B_SPLINE_CURVE_WITH_KNOTS('',3,(#3083,#3084,#3085,#3086),
 .UNSPECIFIED.,.F.,.F.,(4,4),(0.,1.),.UNSPECIFIED.);
#941=B_SPLINE_CURVE_WITH_KNOTS('',3,(#3088,#3089,#3090,#3091,#3092,#3093,
#3094,#3095,#3096,#3097,#3098,#3099,#3100),.UNSPECIFIED.,.F.,.F.,(4,1,1,
1,1,1,1,1,1,1,4),(0.,0.015625,0.03125,0.0625,0.125,0.1875,0.25,0.375,0.5,
0.75,1.),.UNSPECIFIED.);
#942=B_SPLINE_CURVE_WITH_KNOTS('',3,(#3102,#3103,#3104,#3105),
 .UNSPECIFIED.,.F.,.F.,(4,4),(0.,1.),.UNSPECIFIED.);
#943=B_SPLINE_CURVE_WITH_KNOTS('',3,(#4900,#4901,#4902,#4903),
 .UNSPECIFIED.,.F.,.F.,(4,4),(0.,0.000475817873037181),.UNSPECIFIED.);
#944=B_SPLINE_CURVE_WITH_KNOTS('',3,(#4906,#4907,#4908,#4909),
 .UNSPECIFIED.,.F.,.F.,(4,4),(1.52283132857917E-17,0.0018358173070949),
 .UNSPECIFIED.);
#945=B_SPLINE_CURVE_WITH_KNOTS('',3,(#4910,#4911,#4912,#4913),
 .UNSPECIFIED.,.F.,.F.,(4,4),(7.96132246529041E-18,0.00442390995119242),
 .UNSPECIFIED.);
#946=B_SPLINE_CURVE_WITH_KNOTS('',3,(#4915,#4916,#4917,#4918),
 .UNSPECIFIED.,.F.,.F.,(4,4),(0.,0.000485901792847654),.UNSPECIFIED.);
#947=B_SPLINE_CURVE_WITH_KNOTS('',3,(#4920,#4921,#4922,#4923),
 .UNSPECIFIED.,.F.,.F.,(4,4),(0.,0.00299753124003271),.UNSPECIFIED.);
#948=B_SPLINE_CURVE_WITH_KNOTS('',3,(#4925,#4926,#4927,#4928),
 .UNSPECIFIED.,.F.,.F.,(4,4),(0.,0.000850489690170251),.UNSPECIFIED.);
#949=B_SPLINE_CURVE_WITH_KNOTS('',3,(#4930,#4931,#4932,#4933),
 .UNSPECIFIED.,.F.,.F.,(4,4),(0.,0.000836040451473532),.UNSPECIFIED.);
#950=B_SPLINE_CURVE_WITH_KNOTS('',3,(#4935,#4936,#4937,#4938),
 .UNSPECIFIED.,.F.,.F.,(4,4),(0.,0.00300854169493256),.UNSPECIFIED.);
#951=B_SPLINE_CURVE_WITH_KNOTS('',3,(#4940,#4941,#4942,#4943),
 .UNSPECIFIED.,.F.,.F.,(4,4),(0.,0.0005392554089099),.UNSPECIFIED.);
#952=B_SPLINE_CURVE_WITH_KNOTS('',3,(#4945,#4946,#4947,#4948),
 .UNSPECIFIED.,.F.,.F.,(4,4),(0.,0.00444247963164615),.UNSPECIFIED.);
#953=B_SPLINE_CURVE_WITH_KNOTS('',3,(#4949,#4950,#4951,#4952),
 .UNSPECIFIED.,.F.,.F.,(4,4),(0.,0.00347377397988243),.UNSPECIFIED.);
#954=B_SPLINE_CURVE_WITH_KNOTS('',3,(#4954,#4955,#4956,#4957),
 .UNSPECIFIED.,.F.,.F.,(4,4),(1.14083624821025E-17,0.00236980560793076),
 .UNSPECIFIED.);
#955=B_SPLINE_CURVE_WITH_KNOTS('',3,(#4959,#4960,#4961,#4962),
 .UNSPECIFIED.,.F.,.F.,(4,4),(9.59758397313593E-17,0.00220010682862522),
 .UNSPECIFIED.);
#956=B_SPLINE_CURVE_WITH_KNOTS('',3,(#4964,#4965,#4966,#4967),
 .UNSPECIFIED.,.F.,.F.,(4,4),(0.,0.000836199775011637),.UNSPECIFIED.);
#957=B_SPLINE_CURVE_WITH_KNOTS('',3,(#4969,#4970,#4971,#4972),
 .UNSPECIFIED.,.F.,.F.,(4,4),(0.,0.000850346804413473),.UNSPECIFIED.);
#958=B_SPLINE_CURVE_WITH_KNOTS('',3,(#4974,#4975,#4976,#4977),
 .UNSPECIFIED.,.F.,.F.,(4,4),(1.11076499342709E-17,0.00218823182545791),
 .UNSPECIFIED.);
#959=B_SPLINE_CURVE_WITH_KNOTS('',3,(#4979,#4980,#4981,#4982),
 .UNSPECIFIED.,.F.,.F.,(4,4),(5.19041903220593E-17,0.0025964830819562),
 .UNSPECIFIED.);
#960=B_SPLINE_CURVE_WITH_KNOTS('',3,(#4984,#4985,#4986,#4987),
 .UNSPECIFIED.,.F.,.F.,(4,4),(0.,0.00346569732301126),.UNSPECIFIED.);
#961=B_SPLINE_CURVE_WITH_KNOTS('',3,(#4988,#4989,#4990,#4991),
 .UNSPECIFIED.,.F.,.F.,(4,4),(5.20417042793042E-18,0.000857406500491544),
 .UNSPECIFIED.);
#962=B_SPLINE_CURVE_WITH_KNOTS('',3,(#4993,#4994,#4995,#4996),
 .UNSPECIFIED.,.F.,.F.,(4,4),(1.74822347316868E-18,0.00257069808967885),
 .UNSPECIFIED.);
#963=B_SPLINE_CURVE_WITH_KNOTS('',3,(#4998,#4999,#5000,#5001),
 .UNSPECIFIED.,.F.,.F.,(4,4),(0.,0.00216997454442298),.UNSPECIFIED.);
#964=B_SPLINE_CURVE_WITH_KNOTS('',3,(#5003,#5004,#5005,#5006),
 .UNSPECIFIED.,.F.,.F.,(4,4),(0.,0.000843318118483519),.UNSPECIFIED.);
#965=B_SPLINE_CURVE_WITH_KNOTS('',3,(#5008,#5009,#5010,#5011),
 .UNSPECIFIED.,.F.,.F.,(4,4),(0.,0.00083768834366706),.UNSPECIFIED.);
#966=B_SPLINE_CURVE_WITH_KNOTS('',3,(#5013,#5014,#5015,#5016),
 .UNSPECIFIED.,.F.,.F.,(4,4),(0.,0.00217113766398515),.UNSPECIFIED.);
#967=B_SPLINE_CURVE_WITH_KNOTS('',3,(#5018,#5019,#5020,#5021),
 .UNSPECIFIED.,.F.,.F.,(4,4),(2.86623357719269E-17,0.002318733300479),
 .UNSPECIFIED.);
#968=B_SPLINE_CURVE_WITH_KNOTS('',3,(#5023,#5024,#5025,#5026),
 .UNSPECIFIED.,.F.,.F.,(4,4),(1.93947980722443E-18,0.000855212235887271),
 .UNSPECIFIED.);
#969=B_SPLINE_CURVE_WITH_KNOTS('',3,(#5027,#5028,#5029,#5030),
 .UNSPECIFIED.,.F.,.F.,(4,4),(4.69978819200303E-17,0.0018334971894591),
 .UNSPECIFIED.);
#970=B_SPLINE_CURVE_WITH_KNOTS('',3,(#5032,#5033,#5034,#5035),
 .UNSPECIFIED.,.F.,.F.,(4,4),(0.,0.000525393041681011),.UNSPECIFIED.);
#971=B_SPLINE_CURVE_WITH_KNOTS('',3,(#5037,#5038,#5039,#5040),
 .UNSPECIFIED.,.F.,.F.,(4,4),(5.06126198621641E-17,0.00296875199180071),
 .UNSPECIFIED.);
#972=B_SPLINE_CURVE_WITH_KNOTS('',3,(#5042,#5043,#5044,#5045),
 .UNSPECIFIED.,.F.,.F.,(4,4),(0.,0.000837545030375615),.UNSPECIFIED.);
#973=B_SPLINE_CURVE_WITH_KNOTS('',3,(#5047,#5048,#5049,#5050),
 .UNSPECIFIED.,.F.,.F.,(4,4),(0.,0.000843199373520408),.UNSPECIFIED.);
#974=B_SPLINE_CURVE_WITH_KNOTS('',3,(#5052,#5053,#5054,#5055),
 .UNSPECIFIED.,.F.,.F.,(4,4),(1.3576358650571E-17,0.00296478814171136),
 .UNSPECIFIED.);
#975=B_SPLINE_CURVE_WITH_KNOTS('',3,(#5056,#5057,#5058,#5059),
 .UNSPECIFIED.,.F.,.F.,(4,4),(0.,1.),.UNSPECIFIED.);
#976=B_SPLINE_CURVE_WITH_KNOTS('',3,(#5061,#5062,#5063,#5064,#5065,#5066,
#5067,#5068,#5069,#5070,#5071,#5072,#5073,#5074,#5075,#5076,#5077,#5078,
#5079,#5080,#5081,#5082,#5083,#5084),.UNSPECIFIED.,.F.,.F.,(4,1,1,1,1,1,
1,1,1,1,1,1,1,1,1,1,1,1,1,1,1,4),(0.,0.0038606093705032,0.0077212187410064,
0.0115818281115096,0.0154424374820128,0.019303046852516,0.0231636562230192,
0.0250939609082708,0.0270242655935224,0.028954570278774,0.0308848749640256,
0.0328151796492772,0.0347454843345288,0.0366757890197804,0.038606093705032,
0.0405363983902836,0.0424667030755352,0.0463273124460384,0.0501879218165416,
0.0540485311870448,0.057909140557548,0.0617697499280512),.UNSPECIFIED.);
#977=B_SPLINE_CURVE_WITH_KNOTS('',3,(#6879,#6880,#6881,#6882),
 .UNSPECIFIED.,.F.,.F.,(4,4),(1.1042438118641E-16,0.00236980560793066),
 .UNSPECIFIED.);
#978=B_SPLINE_CURVE_WITH_KNOTS('',3,(#6885,#6886,#6887,#6888),
 .UNSPECIFIED.,.F.,.F.,(4,4),(1.59226449305808E-17,0.00347377397988245),
 .UNSPECIFIED.);
#979=B_SPLINE_CURVE_WITH_KNOTS('',3,(#6889,#6890,#6891,#6892),
 .UNSPECIFIED.,.F.,.F.,(4,4),(4.60028911012382E-17,0.0044424796316462),
 .UNSPECIFIED.);
#980=B_SPLINE_CURVE_WITH_KNOTS('',3,(#6894,#6895,#6896,#6897),
 .UNSPECIFIED.,.F.,.F.,(4,4),(3.40487818953186E-17,0.000539255408909933),
 .UNSPECIFIED.);
#981=B_SPLINE_CURVE_WITH_KNOTS('',3,(#6899,#6900,#6901,#6902),
 .UNSPECIFIED.,.F.,.F.,(4,4),(4.86341722757834E-17,0.00300854169493261),
 .UNSPECIFIED.);
#982=B_SPLINE_CURVE_WITH_KNOTS('',3,(#6904,#6905,#6906,#6907),
 .UNSPECIFIED.,.F.,.F.,(4,4),(0.,0.000836274068727341),.UNSPECIFIED.);
#983=B_SPLINE_CURVE_WITH_KNOTS('',3,(#6909,#6910,#6911,#6912),
 .UNSPECIFIED.,.F.,.F.,(4,4),(0.,0.00085036045942654),.UNSPECIFIED.);
#984=B_SPLINE_CURVE_WITH_KNOTS('',3,(#6914,#6915,#6916,#6917),
 .UNSPECIFIED.,.F.,.F.,(4,4),(1.37962330106861E-17,0.00299753124003273),
 .UNSPECIFIED.);
#985=B_SPLINE_CURVE_WITH_KNOTS('',3,(#6919,#6920,#6921,#6922),
 .UNSPECIFIED.,.F.,.F.,(4,4),(0.,0.000485901792847655),.UNSPECIFIED.);
#986=B_SPLINE_CURVE_WITH_KNOTS('',3,(#6924,#6925,#6926,#6927),
 .UNSPECIFIED.,.F.,.F.,(4,4),(1.56125112837913E-17,0.00442390995119242),
 .UNSPECIFIED.);
#987=B_SPLINE_CURVE_WITH_KNOTS('',3,(#6928,#6929,#6930,#6931),
 .UNSPECIFIED.,.F.,.F.,(4,4),(0.,0.00183500320365045),.UNSPECIFIED.);
#988=B_SPLINE_CURVE_WITH_KNOTS('',3,(#6933,#6934,#6935,#6936),
 .UNSPECIFIED.,.F.,.F.,(4,4),(0.,0.000475817873037181),.UNSPECIFIED.);
#989=B_SPLINE_CURVE_WITH_KNOTS('',3,(#6938,#6939,#6940,#6941),
 .UNSPECIFIED.,.F.,.F.,(4,4),(0.,0.00296478814171134),.UNSPECIFIED.);
#990=B_SPLINE_CURVE_WITH_KNOTS('',3,(#6943,#6944,#6945,#6946),
 .UNSPECIFIED.,.F.,.F.,(4,4),(0.,0.00084322483629992),.UNSPECIFIED.);
#991=B_SPLINE_CURVE_WITH_KNOTS('',3,(#6948,#6949,#6950,#6951),
 .UNSPECIFIED.,.F.,.F.,(4,4),(0.,0.000836313538971515),.UNSPECIFIED.);
#992=B_SPLINE_CURVE_WITH_KNOTS('',3,(#6953,#6954,#6955,#6956),
 .UNSPECIFIED.,.F.,.F.,(4,4),(3.81842398508329E-17,0.0029687519918007),
 .UNSPECIFIED.);
#993=B_SPLINE_CURVE_WITH_KNOTS('',3,(#6958,#6959,#6960,#6961),
 .UNSPECIFIED.,.F.,.F.,(4,4),(1.47451495458029E-17,0.000525393041680998),
 .UNSPECIFIED.);
#994=B_SPLINE_CURVE_WITH_KNOTS('',3,(#6963,#6964,#6965,#6966),
 .UNSPECIFIED.,.F.,.F.,(4,4),(1.85268548447951E-18,0.00183249539614315),
 .UNSPECIFIED.);
#995=B_SPLINE_CURVE_WITH_KNOTS('',3,(#6967,#6968,#6969,#6970),
 .UNSPECIFIED.,.F.,.F.,(4,4),(3.25462973226292E-17,0.000855212235887236),
 .UNSPECIFIED.);
#996=B_SPLINE_CURVE_WITH_KNOTS('',3,(#6972,#6973,#6974,#6975),
 .UNSPECIFIED.,.F.,.F.,(4,4),(1.62789264526066E-17,0.00232149672021862),
 .UNSPECIFIED.);
#997=B_SPLINE_CURVE_WITH_KNOTS('',3,(#6977,#6978,#6979,#6980),
 .UNSPECIFIED.,.F.,.F.,(4,4),(1.25167842147092E-17,0.00217113766398516),
 .UNSPECIFIED.);
#998=B_SPLINE_CURVE_WITH_KNOTS('',3,(#6982,#6983,#6984,#6985),
 .UNSPECIFIED.,.F.,.F.,(4,4),(0.,0.000837677821479196),.UNSPECIFIED.);
#999=B_SPLINE_CURVE_WITH_KNOTS('',3,(#6987,#6988,#6989,#6990),
 .UNSPECIFIED.,.F.,.F.,(4,4),(3.82648110329091E-17,0.000844876564936605),
 .UNSPECIFIED.);
#1000=B_SPLINE_CURVE_WITH_KNOTS('',3,(#6992,#6993,#6994,#6995),
 .UNSPECIFIED.,.F.,.F.,(4,4),(1.2509268882771E-17,0.00216997454442299),
 .UNSPECIFIED.);
#1001=B_SPLINE_CURVE_WITH_KNOTS('',3,(#6997,#6998,#6999,#7000),
 .UNSPECIFIED.,.F.,.F.,(4,4),(4.53984334001046E-17,0.00257107749528212),
 .UNSPECIFIED.);
#1002=B_SPLINE_CURVE_WITH_KNOTS('',3,(#7002,#7003,#7004,#7005),
 .UNSPECIFIED.,.F.,.F.,(4,4),(0.,0.000857406500491541),.UNSPECIFIED.);
#1003=B_SPLINE_CURVE_WITH_KNOTS('',3,(#7006,#7007,#7008,#7009),
 .UNSPECIFIED.,.F.,.F.,(4,4),(5.55382496713543E-18,0.00346569732301127),
 .UNSPECIFIED.);
#1004=B_SPLINE_CURVE_WITH_KNOTS('',3,(#7011,#7012,#7013,#7014),
 .UNSPECIFIED.,.F.,.F.,(4,4),(3.97475081924031E-18,0.00259648308195614),
 .UNSPECIFIED.);
#1005=B_SPLINE_CURVE_WITH_KNOTS('',3,(#7016,#7017,#7018,#7019),
 .UNSPECIFIED.,.F.,.F.,(4,4),(0.,0.0021882318254579),.UNSPECIFIED.);
#1006=B_SPLINE_CURVE_WITH_KNOTS('',3,(#7021,#7022,#7023,#7024),
 .UNSPECIFIED.,.F.,.F.,(4,4),(0.,0.000850508549192312),.UNSPECIFIED.);
#1007=B_SPLINE_CURVE_WITH_KNOTS('',3,(#7026,#7027,#7028,#7029),
 .UNSPECIFIED.,.F.,.F.,(4,4),(0.,0.000835844770818644),.UNSPECIFIED.);
#1008=B_SPLINE_CURVE_WITH_KNOTS('',3,(#7031,#7032,#7033,#7034),
 .UNSPECIFIED.,.F.,.F.,(4,4),(0.,0.00220010682862513),.UNSPECIFIED.);
#1009=B_SPLINE_CURVE_WITH_KNOTS('',3,(#7096,#7097,#7098,#7099),
 .UNSPECIFIED.,.F.,.F.,(4,4),(0.,1.),.UNSPECIFIED.);
#1010=B_SPLINE_CURVE_WITH_KNOTS('',3,(#7101,#7102,#7103,#7104),
 .UNSPECIFIED.,.F.,.F.,(4,4),(0.,1.),.UNSPECIFIED.);
#1011=B_SPLINE_CURVE_WITH_KNOTS('',3,(#7113,#7114,#7115,#7116),
 .UNSPECIFIED.,.F.,.F.,(4,4),(0.,1.),.UNSPECIFIED.);
#1012=B_SPLINE_CURVE_WITH_KNOTS('',3,(#7129,#7130,#7131,#7132),
 .UNSPECIFIED.,.F.,.F.,(4,4),(0.,1.),.UNSPECIFIED.);
#1013=B_SPLINE_CURVE_WITH_KNOTS('',3,(#7134,#7135,#7136,#7137),
 .UNSPECIFIED.,.F.,.F.,(4,4),(0.,1.),.UNSPECIFIED.);
#1014=B_SPLINE_CURVE_WITH_KNOTS('',3,(#7150,#7151,#7152,#7153),
 .UNSPECIFIED.,.F.,.F.,(4,4),(0.,1.),.UNSPECIFIED.);
#1015=B_SPLINE_CURVE_WITH_KNOTS('',3,(#7162,#7163,#7164,#7165),
 .UNSPECIFIED.,.F.,.F.,(4,4),(0.,1.),.UNSPECIFIED.);
#1016=B_SPLINE_CURVE_WITH_KNOTS('',3,(#7174,#7175,#7176,#7177),
 .UNSPECIFIED.,.F.,.F.,(4,4),(0.,1.),.UNSPECIFIED.);
#1017=EDGE_LOOP('',(#203,#204,#205,#206,#207));
#1018=EDGE_LOOP('',(#208,#209,#210));
#1019=EDGE_LOOP('',(#211,#212,#213,#214));
#1020=EDGE_LOOP('',(#215,#216,#217,#218));
#1021=EDGE_LOOP('',(#219,#220,#221,#222));
#1022=EDGE_LOOP('',(#223));
#1023=EDGE_LOOP('',(#224));
#1024=EDGE_LOOP('',(#225,#226,#227,#228));
#1025=EDGE_LOOP('',(#229,#230,#231,#232));
#1026=EDGE_LOOP('',(#233));
#1027=EDGE_LOOP('',(#234));
#1028=EDGE_LOOP('',(#235,#236,#237,#238));
#1029=EDGE_LOOP('',(#239));
#1030=EDGE_LOOP('',(#240));
#1031=EDGE_LOOP('',(#241));
#1032=EDGE_LOOP('',(#242));
#1033=EDGE_LOOP('',(#243,#244,#245,#246,#247,#248,#249));
#1034=EDGE_LOOP('',(#250));
#1035=EDGE_LOOP('',(#251,#252,#253));
#1036=EDGE_LOOP('',(#254,#255));
#1037=EDGE_LOOP('',(#256));
#1038=EDGE_LOOP('',(#257));
#1039=EDGE_LOOP('',(#258));
#1040=EDGE_LOOP('',(#259,#260,#261,#262));
#1041=EDGE_LOOP('',(#263,#264,#265,#266));
#1042=EDGE_LOOP('',(#267,#268,#269,#270));
#1043=EDGE_LOOP('',(#271,#272,#273,#274));
#1044=EDGE_LOOP('',(#275,#276,#277,#278));
#1045=EDGE_LOOP('',(#279,#280,#281,#282));
#1046=EDGE_LOOP('',(#283,#284,#285,#286));
#1047=EDGE_LOOP('',(#287,#288,#289,#290));
#1048=EDGE_LOOP('',(#291,#292));
#1049=EDGE_LOOP('',(#293,#294,#295,#296));
#1050=EDGE_LOOP('',(#297,#298));
#1051=EDGE_LOOP('',(#299,#300,#301,#302,#303,#304));
#1052=EDGE_LOOP('',(#305,#306,#307,#308,#309,#310));
#1053=EDGE_LOOP('',(#311,#312,#313,#314,#315));
#1054=EDGE_LOOP('',(#316,#317));
#1055=EDGE_LOOP('',(#318,#319,#320,#321));
#1056=EDGE_LOOP('',(#322,#323));
#1057=EDGE_LOOP('',(#324,#325,#326,#327,#328,#329));
#1058=EDGE_LOOP('',(#330,#331,#332,#333,#334,#335));
#1059=EDGE_LOOP('',(#336,#337,#338,#339,#340,#341,#342));
#1060=EDGE_LOOP('',(#343,#344,#345,#346,#347,#348,#349,#350,#351,#352,#353,
#354,#355,#356,#357,#358,#359,#360,#361,#362,#363,#364,#365,#366,#367,#368,
#369,#370,#371,#372,#373,#374,#375,#376,#377,#378));
#1061=EDGE_LOOP('',(#379,#380,#381));
#1062=EDGE_LOOP('',(#382,#383,#384,#385,#386,#387,#388,#389,#390,#391,#392,
#393,#394,#395,#396,#397,#398,#399,#400,#401,#402,#403,#404,#405,#406,#407,
#408,#409,#410,#411,#412,#413,#414,#415,#416,#417));
#1063=EDGE_LOOP('',(#418,#419,#420));
#1064=EDGE_LOOP('',(#421,#422,#423,#424));
#1065=EDGE_LOOP('',(#425,#426,#427,#428));
#1066=EDGE_LOOP('',(#429,#430,#431,#432));
#1067=EDGE_LOOP('',(#433,#434,#435,#436));
#1068=EDGE_LOOP('',(#437,#438,#439,#440));
#1069=EDGE_LOOP('',(#441,#442,#443,#444));
#1070=EDGE_LOOP('',(#445,#446,#447,#448));
#1071=EDGE_LOOP('',(#449,#450,#451,#452));
#1072=EDGE_LOOP('',(#453,#454,#455,#456));
#1073=EDGE_LOOP('',(#457,#458,#459,#460));
#1074=EDGE_LOOP('',(#461,#462,#463,#464));
#1075=EDGE_LOOP('',(#465,#466,#467,#468));
#1076=EDGE_LOOP('',(#469,#470,#471,#472));
#1077=EDGE_LOOP('',(#473,#474,#475,#476));
#1078=EDGE_LOOP('',(#477,#478,#479,#480));
#1079=EDGE_LOOP('',(#481,#482,#483,#484));
#1080=EDGE_LOOP('',(#485,#486,#487,#488));
#1081=EDGE_LOOP('',(#489,#490,#491,#492));
#1082=EDGE_LOOP('',(#493,#494,#495,#496));
#1083=EDGE_LOOP('',(#497,#498,#499,#500));
#1084=EDGE_LOOP('',(#501,#502,#503,#504));
#1085=EDGE_LOOP('',(#505,#506,#507,#508));
#1086=EDGE_LOOP('',(#509,#510,#511,#512));
#1087=EDGE_LOOP('',(#513,#514,#515,#516));
#1088=EDGE_LOOP('',(#517,#518,#519,#520));
#1089=EDGE_LOOP('',(#521,#522,#523,#524));
#1090=EDGE_LOOP('',(#525,#526,#527,#528));
#1091=EDGE_LOOP('',(#529,#530,#531,#532));
#1092=EDGE_LOOP('',(#533,#534,#535,#536));
#1093=EDGE_LOOP('',(#537,#538,#539,#540));
#1094=EDGE_LOOP('',(#541,#542,#543,#544));
#1095=EDGE_LOOP('',(#545,#546,#547,#548));
#1096=EDGE_LOOP('',(#549,#550,#551,#552));
#1097=EDGE_LOOP('',(#553,#554,#555,#556));
#1098=EDGE_LOOP('',(#557,#558,#559,#560));
#1099=EDGE_LOOP('',(#561,#562,#563,#564));
#1100=EDGE_LOOP('',(#565,#566,#567,#568));
#1101=EDGE_LOOP('',(#569,#570,#571,#572));
#1102=EDGE_LOOP('',(#573,#574,#575,#576,#577));
#1103=EDGE_LOOP('',(#578,#579,#580,#581,#582));
#1104=EDGE_LOOP('',(#583,#584,#585,#586));
#1105=FACE_BOUND('',#1017,.T.);
#1106=FACE_BOUND('',#1018,.T.);
#1107=FACE_BOUND('',#1019,.T.);
#1108=FACE_BOUND('',#1020,.T.);
#1109=FACE_BOUND('',#1021,.T.);
#1110=FACE_BOUND('',#1022,.T.);
#1111=FACE_BOUND('',#1023,.T.);
#1112=FACE_BOUND('',#1024,.T.);
#1113=FACE_BOUND('',#1025,.T.);
#1114=FACE_BOUND('',#1026,.T.);
#1115=FACE_BOUND('',#1027,.T.);
#1116=FACE_BOUND('',#1028,.T.);
#1117=FACE_BOUND('',#1029,.T.);
#1118=FACE_BOUND('',#1030,.T.);
#1119=FACE_BOUND('',#1031,.T.);
#1120=FACE_BOUND('',#1032,.T.);
#1121=FACE_BOUND('',#1033,.T.);
#1122=FACE_BOUND('',#1034,.T.);
#1123=FACE_BOUND('',#1035,.T.);
#1124=FACE_BOUND('',#1036,.T.);
#1125=FACE_BOUND('',#1037,.T.);
#1126=FACE_BOUND('',#1038,.T.);
#1127=FACE_BOUND('',#1039,.T.);
#1128=FACE_BOUND('',#1040,.T.);
#1129=FACE_BOUND('',#1041,.T.);
#1130=FACE_BOUND('',#1042,.T.);
#1131=FACE_BOUND('',#1043,.T.);
#1132=FACE_BOUND('',#1044,.T.);
#1133=FACE_BOUND('',#1045,.T.);
#1134=FACE_BOUND('',#1046,.T.);
#1135=FACE_BOUND('',#1047,.T.);
#1136=FACE_BOUND('',#1048,.T.);
#1137=FACE_BOUND('',#1049,.T.);
#1138=FACE_BOUND('',#1050,.T.);
#1139=FACE_BOUND('',#1051,.T.);
#1140=FACE_BOUND('',#1052,.T.);
#1141=FACE_BOUND('',#1053,.T.);
#1142=FACE_BOUND('',#1054,.T.);
#1143=FACE_BOUND('',#1055,.T.);
#1144=FACE_BOUND('',#1056,.T.);
#1145=FACE_BOUND('',#1057,.T.);
#1146=FACE_BOUND('',#1058,.T.);
#1147=FACE_BOUND('',#1059,.T.);
#1148=FACE_BOUND('',#1060,.T.);
#1149=FACE_BOUND('',#1061,.T.);
#1150=FACE_BOUND('',#1062,.T.);
#1151=FACE_BOUND('',#1063,.T.);
#1152=FACE_BOUND('',#1064,.T.);
#1153=FACE_BOUND('',#1065,.T.);
#1154=FACE_BOUND('',#1066,.T.);
#1155=FACE_BOUND('',#1067,.T.);
#1156=FACE_BOUND('',#1068,.T.);
#1157=FACE_BOUND('',#1069,.T.);
#1158=FACE_BOUND('',#1070,.T.);
#1159=FACE_BOUND('',#1071,.T.);
#1160=FACE_BOUND('',#1072,.T.);
#1161=FACE_BOUND('',#1073,.T.);
#1162=FACE_BOUND('',#1074,.T.);
#1163=FACE_BOUND('',#1075,.T.);
#1164=FACE_BOUND('',#1076,.T.);
#1165=FACE_BOUND('',#1077,.T.);
#1166=FACE_BOUND('',#1078,.T.);
#1167=FACE_BOUND('',#1079,.T.);
#1168=FACE_BOUND('',#1080,.T.);
#1169=FACE_BOUND('',#1081,.T.);
#1170=FACE_BOUND('',#1082,.T.);
#1171=FACE_BOUND('',#1083,.T.);
#1172=FACE_BOUND('',#1084,.T.);
#1173=FACE_BOUND('',#1085,.T.);
#1174=FACE_BOUND('',#1086,.T.);
#1175=FACE_BOUND('',#1087,.T.);
#1176=FACE_BOUND('',#1088,.T.);
#1177=FACE_BOUND('',#1089,.T.);
#1178=FACE_BOUND('',#1090,.T.);
#1179=FACE_BOUND('',#1091,.T.);
#1180=FACE_BOUND('',#1092,.T.);
#1181=FACE_BOUND('',#1093,.T.);
#1182=FACE_BOUND('',#1094,.T.);
#1183=FACE_BOUND('',#1095,.T.);
#1184=FACE_BOUND('',#1096,.T.);
#1185=FACE_BOUND('',#1097,.T.);
#1186=FACE_BOUND('',#1098,.T.);
#1187=FACE_BOUND('',#1099,.T.);
#1188=FACE_BOUND('',#1100,.T.);
#1189=FACE_BOUND('',#1101,.T.);
#1190=FACE_BOUND('',#1102,.T.);
#1191=FACE_BOUND('',#1103,.T.);
#1192=FACE_BOUND('',#1104,.T.);
#1193=B_SPLINE_SURFACE_WITH_KNOTS('',1,3,((#1619,#1620,#1621,#1622),(#1623,
#1624,#1625,#1626)),.RULED_SURF.,.F.,.F.,.F.,(2,2),(4,4),(0.,1.),(2.4677125901067E-7,
0.00970692020576203),.PIECEWISE_BEZIER_KNOTS.);
#1194=B_SPLINE_SURFACE_WITH_KNOTS('',3,3,((#1840,#1841,#1842,#1843,#1844,
#1845,#1846),(#1847,#1848,#1849,#1850,#1851,#1852,#1853),(#1854,#1855,#1856,
#1857,#1858,#1859,#1860),(#1861,#1862,#1863,#1864,#1865,#1866,#1867),(#1868,
#1869,#1870,#1871,#1872,#1873,#1874),(#1875,#1876,#1877,#1878,#1879,#1880,
#1881),(#1882,#1883,#1884,#1885,#1886,#1887,#1888),(#1889,#1890,#1891,#1892,
#1893,#1894,#1895),(#1896,#1897,#1898,#1899,#1900,#1901,#1902),(#1903,#1904,
#1905,#1906,#1907,#1908,#1909),(#1910,#1911,#1912,#1913,#1914,#1915,#1916),
(#1917,#1918,#1919,#1920,#1921,#1922,#1923),(#1924,#1925,#1926,#1927,#1928,
#1929,#1930),(#1931,#1932,#1933,#1934,#1935,#1936,#1937),(#1938,#1939,#1940,
#1941,#1942,#1943,#1944),(#1945,#1946,#1947,#1948,#1949,#1950,#1951),(#1952,
#1953,#1954,#1955,#1956,#1957,#1958),(#1959,#1960,#1961,#1962,#1963,#1964,
#1965),(#1966,#1967,#1968,#1969,#1970,#1971,#1972),(#1973,#1974,#1975,#1976,
#1977,#1978,#1979),(#1980,#1981,#1982,#1983,#1984,#1985,#1986),(#1987,#1988,
#1989,#1990,#1991,#1992,#1993),(#1994,#1995,#1996,#1997,#1998,#1999,#2000),
(#2001,#2002,#2003,#2004,#2005,#2006,#2007),(#2008,#2009,#2010,#2011,#2012,
#2013,#2014),(#2015,#2016,#2017,#2018,#2019,#2020,#2021),(#2022,#2023,#2024,
#2025,#2026,#2027,#2028),(#2029,#2030,#2031,#2032,#2033,#2034,#2035),(#2036,
#2037,#2038,#2039,#2040,#2041,#2042),(#2043,#2044,#2045,#2046,#2047,#2048,
#2049),(#2050,#2051,#2052,#2053,#2054,#2055,#2056),(#2057,#2058,#2059,#2060,
#2061,#2062,#2063),(#2064,#2065,#2066,#2067,#2068,#2069,#2070),(#2071,#2072,
#2073,#2074,#2075,#2076,#2077),(#2078,#2079,#2080,#2081,#2082,#2083,#2084),
(#2085,#2086,#2087,#2088,#2089,#2090,#2091),(#2092,#2093,#2094,#2095,#2096,
#2097,#2098),(#2099,#2100,#2101,#2102,#2103,#2104,#2105),(#2106,#2107,#2108,
#2109,#2110,#2111,#2112),(#2113,#2114,#2115,#2116,#2117,#2118,#2119),(#2120,
#2121,#2122,#2123,#2124,#2125,#2126),(#2127,#2128,#2129,#2130,#2131,#2132,
#2133),(#2134,#2135,#2136,#2137,#2138,#2139,#2140),(#2141,#2142,#2143,#2144,
#2145,#2146,#2147),(#2148,#2149,#2150,#2151,#2152,#2153,#2154),(#2155,#2156,
#2157,#2158,#2159,#2160,#2161),(#2162,#2163,#2164,#2165,#2166,#2167,#2168),
(#2169,#2170,#2171,#2172,#2173,#2174,#2175),(#2176,#2177,#2178,#2179,#2180,
#2181,#2182),(#2183,#2184,#2185,#2186,#2187,#2188,#2189),(#2190,#2191,#2192,
#2193,#2194,#2195,#2196),(#2197,#2198,#2199,#2200,#2201,#2202,#2203),(#2204,
#2205,#2206,#2207,#2208,#2209,#2210),(#2211,#2212,#2213,#2214,#2215,#2216,
#2217),(#2218,#2219,#2220,#2221,#2222,#2223,#2224),(#2225,#2226,#2227,#2228,
#2229,#2230,#2231),(#2232,#2233,#2234,#2235,#2236,#2237,#2238),(#2239,#2240,
#2241,#2242,#2243,#2244,#2245),(#2246,#2247,#2248,#2249,#2250,#2251,#2252),
(#2253,#2254,#2255,#2256,#2257,#2258,#2259),(#2260,#2261,#2262,#2263,#2264,
#2265,#2266),(#2267,#2268,#2269,#2270,#2271,#2272,#2273),(#2274,#2275,#2276,
#2277,#2278,#2279,#2280),(#2281,#2282,#2283,#2284,#2285,#2286,#2287),(#2288,
#2289,#2290,#2291,#2292,#2293,#2294),(#2295,#2296,#2297,#2298,#2299,#2300,
#2301),(#2302,#2303,#2304,#2305,#2306,#2307,#2308),(#2309,#2310,#2311,#2312,
#2313,#2314,#2315),(#2316,#2317,#2318,#2319,#2320,#2321,#2322),(#2323,#2324,
#2325,#2326,#2327,#2328,#2329),(#2330,#2331,#2332,#2333,#2334,#2335,#2336),
(#2337,#2338,#2339,#2340,#2341,#2342,#2343),(#2344,#2345,#2346,#2347,#2348,
#2349,#2350),(#2351,#2352,#2353,#2354,#2355,#2356,#2357),(#2358,#2359,#2360,
#2361,#2362,#2363,#2364),(#2365,#2366,#2367,#2368,#2369,#2370,#2371),(#2372,
#2373,#2374,#2375,#2376,#2377,#2378),(#2379,#2380,#2381,#2382,#2383,#2384,
#2385)),.UNSPECIFIED.,.T.,.F.,.F.,(2,2,2,2,2,2,2,2,2,2,2,2,2,2,2,2,2,2,
2,2,2,2,2,2,2,2,2,2,2,2,2,2,2,2,2,2,2,2,2,2,2),(4,1,1,1,4),(-0.0188827210693845,
0.,0.0196760918332962,0.0393521836665923,0.0590282754998885,0.0787043673331846,
0.0983804591664808,0.118056550999777,0.137732642833073,0.157408734666369,
0.181349921763688,0.205291108861008,0.253173483055647,0.301055857250285,
0.348938231444924,0.386703673583694,0.424469115722462,0.443351836791847,
0.462234557861231,0.481117278930616,0.5,0.519676091833296,0.539352183666592,
0.559028275499889,0.578704367333185,0.598380459166481,0.618056550999777,
0.637732642833073,0.657408734666369,0.681349921763689,0.705291108861008,
0.753173483055647,0.801055857250286,0.848938231444924,0.886703673583693,
0.924469115722462,0.943351836791847,0.962234557861231,0.981117278930616,
1.,1.0196760918333),(0.00640460155946782,0.500818741782685,0.786368974123898,
0.928269647974369,1.),.UNSPECIFIED.);
#1195=B_SPLINE_SURFACE_WITH_KNOTS('',3,3,((#2525,#2526,#2527,#2528,#2529,
#2530,#2531),(#2532,#2533,#2534,#2535,#2536,#2537,#2538),(#2539,#2540,#2541,
#2542,#2543,#2544,#2545),(#2546,#2547,#2548,#2549,#2550,#2551,#2552),(#2553,
#2554,#2555,#2556,#2557,#2558,#2559),(#2560,#2561,#2562,#2563,#2564,#2565,
#2566),(#2567,#2568,#2569,#2570,#2571,#2572,#2573),(#2574,#2575,#2576,#2577,
#2578,#2579,#2580),(#2581,#2582,#2583,#2584,#2585,#2586,#2587),(#2588,#2589,
#2590,#2591,#2592,#2593,#2594),(#2595,#2596,#2597,#2598,#2599,#2600,#2601),
(#2602,#2603,#2604,#2605,#2606,#2607,#2608),(#2609,#2610,#2611,#2612,#2613,
#2614,#2615),(#2616,#2617,#2618,#2619,#2620,#2621,#2622),(#2623,#2624,#2625,
#2626,#2627,#2628,#2629),(#2630,#2631,#2632,#2633,#2634,#2635,#2636),(#2637,
#2638,#2639,#2640,#2641,#2642,#2643),(#2644,#2645,#2646,#2647,#2648,#2649,
#2650),(#2651,#2652,#2653,#2654,#2655,#2656,#2657),(#2658,#2659,#2660,#2661,
#2662,#2663,#2664),(#2665,#2666,#2667,#2668,#2669,#2670,#2671),(#2672,#2673,
#2674,#2675,#2676,#2677,#2678),(#2679,#2680,#2681,#2682,#2683,#2684,#2685),
(#2686,#2687,#2688,#2689,#2690,#2691,#2692),(#2693,#2694,#2695,#2696,#2697,
#2698,#2699),(#2700,#2701,#2702,#2703,#2704,#2705,#2706),(#2707,#2708,#2709,
#2710,#2711,#2712,#2713),(#2714,#2715,#2716,#2717,#2718,#2719,#2720),(#2721,
#2722,#2723,#2724,#2725,#2726,#2727),(#2728,#2729,#2730,#2731,#2732,#2733,
#2734),(#2735,#2736,#2737,#2738,#2739,#2740,#2741),(#2742,#2743,#2744,#2745,
#2746,#2747,#2748),(#2749,#2750,#2751,#2752,#2753,#2754,#2755),(#2756,#2757,
#2758,#2759,#2760,#2761,#2762),(#2763,#2764,#2765,#2766,#2767,#2768,#2769),
(#2770,#2771,#2772,#2773,#2774,#2775,#2776),(#2777,#2778,#2779,#2780,#2781,
#2782,#2783),(#2784,#2785,#2786,#2787,#2788,#2789,#2790),(#2791,#2792,#2793,
#2794,#2795,#2796,#2797),(#2798,#2799,#2800,#2801,#2802,#2803,#2804),(#2805,
#2806,#2807,#2808,#2809,#2810,#2811),(#2812,#2813,#2814,#2815,#2816,#2817,
#2818),(#2819,#2820,#2821,#2822,#2823,#2824,#2825),(#2826,#2827,#2828,#2829,
#2830,#2831,#2832),(#2833,#2834,#2835,#2836,#2837,#2838,#2839),(#2840,#2841,
#2842,#2843,#2844,#2845,#2846),(#2847,#2848,#2849,#2850,#2851,#2852,#2853),
(#2854,#2855,#2856,#2857,#2858,#2859,#2860),(#2861,#2862,#2863,#2864,#2865,
#2866,#2867),(#2868,#2869,#2870,#2871,#2872,#2873,#2874),(#2875,#2876,#2877,
#2878,#2879,#2880,#2881),(#2882,#2883,#2884,#2885,#2886,#2887,#2888),(#2889,
#2890,#2891,#2892,#2893,#2894,#2895),(#2896,#2897,#2898,#2899,#2900,#2901,
#2902),(#2903,#2904,#2905,#2906,#2907,#2908,#2909),(#2910,#2911,#2912,#2913,
#2914,#2915,#2916),(#2917,#2918,#2919,#2920,#2921,#2922,#2923),(#2924,#2925,
#2926,#2927,#2928,#2929,#2930),(#2931,#2932,#2933,#2934,#2935,#2936,#2937),
(#2938,#2939,#2940,#2941,#2942,#2943,#2944),(#2945,#2946,#2947,#2948,#2949,
#2950,#2951),(#2952,#2953,#2954,#2955,#2956,#2957,#2958),(#2959,#2960,#2961,
#2962,#2963,#2964,#2965),(#2966,#2967,#2968,#2969,#2970,#2971,#2972),(#2973,
#2974,#2975,#2976,#2977,#2978,#2979),(#2980,#2981,#2982,#2983,#2984,#2985,
#2986),(#2987,#2988,#2989,#2990,#2991,#2992,#2993),(#2994,#2995,#2996,#2997,
#2998,#2999,#3000),(#3001,#3002,#3003,#3004,#3005,#3006,#3007),(#3008,#3009,
#3010,#3011,#3012,#3013,#3014),(#3015,#3016,#3017,#3018,#3019,#3020,#3021),
(#3022,#3023,#3024,#3025,#3026,#3027,#3028),(#3029,#3030,#3031,#3032,#3033,
#3034,#3035),(#3036,#3037,#3038,#3039,#3040,#3041,#3042),(#3043,#3044,#3045,
#3046,#3047,#3048,#3049),(#3050,#3051,#3052,#3053,#3054,#3055,#3056),(#3057,
#3058,#3059,#3060,#3061,#3062,#3063),(#3064,#3065,#3066,#3067,#3068,#3069,
#3070)),.UNSPECIFIED.,.T.,.F.,.F.,(2,2,2,2,2,2,2,2,2,2,2,2,2,2,2,2,2,2,
2,2,2,2,2,2,2,2,2,2,2,2,2,2,2,2,2,2,2,2,2,2,2),(4,1,1,1,4),(-0.0188827210693845,
0.,0.0196760918332962,0.0393521836665923,0.0590282754998885,0.0787043673331846,
0.0983804591664808,0.118056550999777,0.137732642833073,0.157408734666369,
0.181349921763688,0.205291108861008,0.253173483055647,0.301055857250285,
0.348938231444924,0.386703673583694,0.424469115722462,0.443351836791847,
0.462234557861231,0.481117278930616,0.5,0.519676091833296,0.539352183666592,
0.559028275499889,0.578704367333185,0.598380459166481,0.618056550999777,
0.637732642833073,0.657408734666369,0.681349921763689,0.705291108861008,
0.753173483055647,0.801055857250286,0.848938231444924,0.886703673583693,
0.924469115722462,0.943351836791847,0.962234557861231,0.981117278930616,
1.,1.0196760918333),(0.00640460155946812,0.500818741782685,0.786368974123898,
0.928269647974369,1.),.UNSPECIFIED.);
#1196=B_SPLINE_SURFACE_WITH_KNOTS('',3,3,((#3106,#3107,#3108,#3109,#3110,
#3111,#3112,#3113,#3114,#3115,#3116,#3117,#3118,#3119,#3120,#3121,#3122,
#3123,#3124,#3125,#3126,#3127,#3128),(#3129,#3130,#3131,#3132,#3133,#3134,
#3135,#3136,#3137,#3138,#3139,#3140,#3141,#3142,#3143,#3144,#3145,#3146,
#3147,#3148,#3149,#3150,#3151),(#3152,#3153,#3154,#3155,#3156,#3157,#3158,
#3159,#3160,#3161,#3162,#3163,#3164,#3165,#3166,#3167,#3168,#3169,#3170,
#3171,#3172,#3173,#3174),(#3175,#3176,#3177,#3178,#3179,#3180,#3181,#3182,
#3183,#3184,#3185,#3186,#3187,#3188,#3189,#3190,#3191,#3192,#3193,#3194,
#3195,#3196,#3197),(#3198,#3199,#3200,#3201,#3202,#3203,#3204,#3205,#3206,
#3207,#3208,#3209,#3210,#3211,#3212,#3213,#3214,#3215,#3216,#3217,#3218,
#3219,#3220),(#3221,#3222,#3223,#3224,#3225,#3226,#3227,#3228,#3229,#3230,
#3231,#3232,#3233,#3234,#3235,#3236,#3237,#3238,#3239,#3240,#3241,#3242,
#3243),(#3244,#3245,#3246,#3247,#3248,#3249,#3250,#3251,#3252,#3253,#3254,
#3255,#3256,#3257,#3258,#3259,#3260,#3261,#3262,#3263,#3264,#3265,#3266),
(#3267,#3268,#3269,#3270,#3271,#3272,#3273,#3274,#3275,#3276,#3277,#3278,
#3279,#3280,#3281,#3282,#3283,#3284,#3285,#3286,#3287,#3288,#3289),(#3290,
#3291,#3292,#3293,#3294,#3295,#3296,#3297,#3298,#3299,#3300,#3301,#3302,
#3303,#3304,#3305,#3306,#3307,#3308,#3309,#3310,#3311,#3312),(#3313,#3314,
#3315,#3316,#3317,#3318,#3319,#3320,#3321,#3322,#3323,#3324,#3325,#3326,
#3327,#3328,#3329,#3330,#3331,#3332,#3333,#3334,#3335),(#3336,#3337,#3338,
#3339,#3340,#3341,#3342,#3343,#3344,#3345,#3346,#3347,#3348,#3349,#3350,
#3351,#3352,#3353,#3354,#3355,#3356,#3357,#3358),(#3359,#3360,#3361,#3362,
#3363,#3364,#3365,#3366,#3367,#3368,#3369,#3370,#3371,#3372,#3373,#3374,
#3375,#3376,#3377,#3378,#3379,#3380,#3381),(#3382,#3383,#3384,#3385,#3386,
#3387,#3388,#3389,#3390,#3391,#3392,#3393,#3394,#3395,#3396,#3397,#3398,
#3399,#3400,#3401,#3402,#3403,#3404),(#3405,#3406,#3407,#3408,#3409,#3410,
#3411,#3412,#3413,#3414,#3415,#3416,#3417,#3418,#3419,#3420,#3421,#3422,
#3423,#3424,#3425,#3426,#3427),(#3428,#3429,#3430,#3431,#3432,#3433,#3434,
#3435,#3436,#3437,#3438,#3439,#3440,#3441,#3442,#3443,#3444,#3445,#3446,
#3447,#3448,#3449,#3450),(#3451,#3452,#3453,#3454,#3455,#3456,#3457,#3458,
#3459,#3460,#3461,#3462,#3463,#3464,#3465,#3466,#3467,#3468,#3469,#3470,
#3471,#3472,#3473),(#3474,#3475,#3476,#3477,#3478,#3479,#3480,#3481,#3482,
#3483,#3484,#3485,#3486,#3487,#3488,#3489,#3490,#3491,#3492,#3493,#3494,
#3495,#3496),(#3497,#3498,#3499,#3500,#3501,#3502,#3503,#3504,#3505,#3506,
#3507,#3508,#3509,#3510,#3511,#3512,#3513,#3514,#3515,#3516,#3517,#3518,
#3519),(#3520,#3521,#3522,#3523,#3524,#3525,#3526,#3527,#3528,#3529,#3530,
#3531,#3532,#3533,#3534,#3535,#3536,#3537,#3538,#3539,#3540,#3541,#3542),
(#3543,#3544,#3545,#3546,#3547,#3548,#3549,#3550,#3551,#3552,#3553,#3554,
#3555,#3556,#3557,#3558,#3559,#3560,#3561,#3562,#3563,#3564,#3565),(#3566,
#3567,#3568,#3569,#3570,#3571,#3572,#3573,#3574,#3575,#3576,#3577,#3578,
#3579,#3580,#3581,#3582,#3583,#3584,#3585,#3586,#3587,#3588),(#3589,#3590,
#3591,#3592,#3593,#3594,#3595,#3596,#3597,#3598,#3599,#3600,#3601,#3602,
#3603,#3604,#3605,#3606,#3607,#3608,#3609,#3610,#3611),(#3612,#3613,#3614,
#3615,#3616,#3617,#3618,#3619,#3620,#3621,#3622,#3623,#3624,#3625,#3626,
#3627,#3628,#3629,#3630,#3631,#3632,#3633,#3634),(#3635,#3636,#3637,#3638,
#3639,#3640,#3641,#3642,#3643,#3644,#3645,#3646,#3647,#3648,#3649,#3650,
#3651,#3652,#3653,#3654,#3655,#3656,#3657),(#3658,#3659,#3660,#3661,#3662,
#3663,#3664,#3665,#3666,#3667,#3668,#3669,#3670,#3671,#3672,#3673,#3674,
#3675,#3676,#3677,#3678,#3679,#3680),(#3681,#3682,#3683,#3684,#3685,#3686,
#3687,#3688,#3689,#3690,#3691,#3692,#3693,#3694,#3695,#3696,#3697,#3698,
#3699,#3700,#3701,#3702,#3703),(#3704,#3705,#3706,#3707,#3708,#3709,#3710,
#3711,#3712,#3713,#3714,#3715,#3716,#3717,#3718,#3719,#3720,#3721,#3722,
#3723,#3724,#3725,#3726),(#3727,#3728,#3729,#3730,#3731,#3732,#3733,#3734,
#3735,#3736,#3737,#3738,#3739,#3740,#3741,#3742,#3743,#3744,#3745,#3746,
#3747,#3748,#3749),(#3750,#3751,#3752,#3753,#3754,#3755,#3756,#3757,#3758,
#3759,#3760,#3761,#3762,#3763,#3764,#3765,#3766,#3767,#3768,#3769,#3770,
#3771,#3772),(#3773,#3774,#3775,#3776,#3777,#3778,#3779,#3780,#3781,#3782,
#3783,#3784,#3785,#3786,#3787,#3788,#3789,#3790,#3791,#3792,#3793,#3794,
#3795),(#3796,#3797,#3798,#3799,#3800,#3801,#3802,#3803,#3804,#3805,#3806,
#3807,#3808,#3809,#3810,#3811,#3812,#3813,#3814,#3815,#3816,#3817,#3818),
(#3819,#3820,#3821,#3822,#3823,#3824,#3825,#3826,#3827,#3828,#3829,#3830,
#3831,#3832,#3833,#3834,#3835,#3836,#3837,#3838,#3839,#3840,#3841),(#3842,
#3843,#3844,#3845,#3846,#3847,#3848,#3849,#3850,#3851,#3852,#3853,#3854,
#3855,#3856,#3857,#3858,#3859,#3860,#3861,#3862,#3863,#3864),(#3865,#3866,
#3867,#3868,#3869,#3870,#3871,#3872,#3873,#3874,#3875,#3876,#3877,#3878,
#3879,#3880,#3881,#3882,#3883,#3884,#3885,#3886,#3887),(#3888,#3889,#3890,
#3891,#3892,#3893,#3894,#3895,#3896,#3897,#3898,#3899,#3900,#3901,#3902,
#3903,#3904,#3905,#3906,#3907,#3908,#3909,#3910),(#3911,#3912,#3913,#3914,
#3915,#3916,#3917,#3918,#3919,#3920,#3921,#3922,#3923,#3924,#3925,#3926,
#3927,#3928,#3929,#3930,#3931,#3932,#3933),(#3934,#3935,#3936,#3937,#3938,
#3939,#3940,#3941,#3942,#3943,#3944,#3945,#3946,#3947,#3948,#3949,#3950,
#3951,#3952,#3953,#3954,#3955,#3956),(#3957,#3958,#3959,#3960,#3961,#3962,
#3963,#3964,#3965,#3966,#3967,#3968,#3969,#3970,#3971,#3972,#3973,#3974,
#3975,#3976,#3977,#3978,#3979),(#3980,#3981,#3982,#3983,#3984,#3985,#3986,
#3987,#3988,#3989,#3990,#3991,#3992,#3993,#3994,#3995,#3996,#3997,#3998,
#3999,#4000,#4001,#4002),(#4003,#4004,#4005,#4006,#4007,#4008,#4009,#4010,
#4011,#4012,#4013,#4014,#4015,#4016,#4017,#4018,#4019,#4020,#4021,#4022,
#4023,#4024,#4025),(#4026,#4027,#4028,#4029,#4030,#4031,#4032,#4033,#4034,
#4035,#4036,#4037,#4038,#4039,#4040,#4041,#4042,#4043,#4044,#4045,#4046,
#4047,#4048),(#4049,#4050,#4051,#4052,#4053,#4054,#4055,#4056,#4057,#4058,
#4059,#4060,#4061,#4062,#4063,#4064,#4065,#4066,#4067,#4068,#4069,#4070,
#4071),(#4072,#4073,#4074,#4075,#4076,#4077,#4078,#4079,#4080,#4081,#4082,
#4083,#4084,#4085,#4086,#4087,#4088,#4089,#4090,#4091,#4092,#4093,#4094),
(#4095,#4096,#4097,#4098,#4099,#4100,#4101,#4102,#4103,#4104,#4105,#4106,
#4107,#4108,#4109,#4110,#4111,#4112,#4113,#4114,#4115,#4116,#4117),(#4118,
#4119,#4120,#4121,#4122,#4123,#4124,#4125,#4126,#4127,#4128,#4129,#4130,
#4131,#4132,#4133,#4134,#4135,#4136,#4137,#4138,#4139,#4140),(#4141,#4142,
#4143,#4144,#4145,#4146,#4147,#4148,#4149,#4150,#4151,#4152,#4153,#4154,
#4155,#4156,#4157,#4158,#4159,#4160,#4161,#4162,#4163),(#4164,#4165,#4166,
#4167,#4168,#4169,#4170,#4171,#4172,#4173,#4174,#4175,#4176,#4177,#4178,
#4179,#4180,#4181,#4182,#4183,#4184,#4185,#4186),(#4187,#4188,#4189,#4190,
#4191,#4192,#4193,#4194,#4195,#4196,#4197,#4198,#4199,#4200,#4201,#4202,
#4203,#4204,#4205,#4206,#4207,#4208,#4209),(#4210,#4211,#4212,#4213,#4214,
#4215,#4216,#4217,#4218,#4219,#4220,#4221,#4222,#4223,#4224,#4225,#4226,
#4227,#4228,#4229,#4230,#4231,#4232),(#4233,#4234,#4235,#4236,#4237,#4238,
#4239,#4240,#4241,#4242,#4243,#4244,#4245,#4246,#4247,#4248,#4249,#4250,
#4251,#4252,#4253,#4254,#4255),(#4256,#4257,#4258,#4259,#4260,#4261,#4262,
#4263,#4264,#4265,#4266,#4267,#4268,#4269,#4270,#4271,#4272,#4273,#4274,
#4275,#4276,#4277,#4278),(#4279,#4280,#4281,#4282,#4283,#4284,#4285,#4286,
#4287,#4288,#4289,#4290,#4291,#4292,#4293,#4294,#4295,#4296,#4297,#4298,
#4299,#4300,#4301),(#4302,#4303,#4304,#4305,#4306,#4307,#4308,#4309,#4310,
#4311,#4312,#4313,#4314,#4315,#4316,#4317,#4318,#4319,#4320,#4321,#4322,
#4323,#4324),(#4325,#4326,#4327,#4328,#4329,#4330,#4331,#4332,#4333,#4334,
#4335,#4336,#4337,#4338,#4339,#4340,#4341,#4342,#4343,#4344,#4345,#4346,
#4347),(#4348,#4349,#4350,#4351,#4352,#4353,#4354,#4355,#4356,#4357,#4358,
#4359,#4360,#4361,#4362,#4363,#4364,#4365,#4366,#4367,#4368,#4369,#4370),
(#4371,#4372,#4373,#4374,#4375,#4376,#4377,#4378,#4379,#4380,#4381,#4382,
#4383,#4384,#4385,#4386,#4387,#4388,#4389,#4390,#4391,#4392,#4393),(#4394,
#4395,#4396,#4397,#4398,#4399,#4400,#4401,#4402,#4403,#4404,#4405,#4406,
#4407,#4408,#4409,#4410,#4411,#4412,#4413,#4414,#4415,#4416),(#4417,#4418,
#4419,#4420,#4421,#4422,#4423,#4424,#4425,#4426,#4427,#4428,#4429,#4430,
#4431,#4432,#4433,#4434,#4435,#4436,#4437,#4438,#4439),(#4440,#4441,#4442,
#4443,#4444,#4445,#4446,#4447,#4448,#4449,#4450,#4451,#4452,#4453,#4454,
#4455,#4456,#4457,#4458,#4459,#4460,#4461,#4462),(#4463,#4464,#4465,#4466,
#4467,#4468,#4469,#4470,#4471,#4472,#4473,#4474,#4475,#4476,#4477,#4478,
#4479,#4480,#4481,#4482,#4483,#4484,#4485),(#4486,#4487,#4488,#4489,#4490,
#4491,#4492,#4493,#4494,#4495,#4496,#4497,#4498,#4499,#4500,#4501,#4502,
#4503,#4504,#4505,#4506,#4507,#4508),(#4509,#4510,#4511,#4512,#4513,#4514,
#4515,#4516,#4517,#4518,#4519,#4520,#4521,#4522,#4523,#4524,#4525,#4526,
#4527,#4528,#4529,#4530,#4531),(#4532,#4533,#4534,#4535,#4536,#4537,#4538,
#4539,#4540,#4541,#4542,#4543,#4544,#4545,#4546,#4547,#4548,#4549,#4550,
#4551,#4552,#4553,#4554),(#4555,#4556,#4557,#4558,#4559,#4560,#4561,#4562,
#4563,#4564,#4565,#4566,#4567,#4568,#4569,#4570,#4571,#4572,#4573,#4574,
#4575,#4576,#4577),(#4578,#4579,#4580,#4581,#4582,#4583,#4584,#4585,#4586,
#4587,#4588,#4589,#4590,#4591,#4592,#4593,#4594,#4595,#4596,#4597,#4598,
#4599,#4600),(#4601,#4602,#4603,#4604,#4605,#4606,#4607,#4608,#4609,#4610,
#4611,#4612,#4613,#4614,#4615,#4616,#4617,#4618,#4619,#4620,#4621,#4622,
#4623),(#4624,#4625,#4626,#4627,#4628,#4629,#4630,#4631,#4632,#4633,#4634,
#4635,#4636,#4637,#4638,#4639,#4640,#4641,#4642,#4643,#4644,#4645,#4646),
(#4647,#4648,#4649,#4650,#4651,#4652,#4653,#4654,#4655,#4656,#4657,#4658,
#4659,#4660,#4661,#4662,#4663,#4664,#4665,#4666,#4667,#4668,#4669),(#4670,
#4671,#4672,#4673,#4674,#4675,#4676,#4677,#4678,#4679,#4680,#4681,#4682,
#4683,#4684,#4685,#4686,#4687,#4688,#4689,#4690,#4691,#4692),(#4693,#4694,
#4695,#4696,#4697,#4698,#4699,#4700,#4701,#4702,#4703,#4704,#4705,#4706,
#4707,#4708,#4709,#4710,#4711,#4712,#4713,#4714,#4715),(#4716,#4717,#4718,
#4719,#4720,#4721,#4722,#4723,#4724,#4725,#4726,#4727,#4728,#4729,#4730,
#4731,#4732,#4733,#4734,#4735,#4736,#4737,#4738),(#4739,#4740,#4741,#4742,
#4743,#4744,#4745,#4746,#4747,#4748,#4749,#4750,#4751,#4752,#4753,#4754,
#4755,#4756,#4757,#4758,#4759,#4760,#4761),(#4762,#4763,#4764,#4765,#4766,
#4767,#4768,#4769,#4770,#4771,#4772,#4773,#4774,#4775,#4776,#4777,#4778,
#4779,#4780,#4781,#4782,#4783,#4784),(#4785,#4786,#4787,#4788,#4789,#4790,
#4791,#4792,#4793,#4794,#4795,#4796,#4797,#4798,#4799,#4800,#4801,#4802,
#4803,#4804,#4805,#4806,#4807),(#4808,#4809,#4810,#4811,#4812,#4813,#4814,
#4815,#4816,#4817,#4818,#4819,#4820,#4821,#4822,#4823,#4824,#4825,#4826,
#4827,#4828,#4829,#4830),(#4831,#4832,#4833,#4834,#4835,#4836,#4837,#4838,
#4839,#4840,#4841,#4842,#4843,#4844,#4845,#4846,#4847,#4848,#4849,#4850,
#4851,#4852,#4853),(#4854,#4855,#4856,#4857,#4858,#4859,#4860,#4861,#4862,
#4863,#4864,#4865,#4866,#4867,#4868,#4869,#4870,#4871,#4872,#4873,#4874,
#4875,#4876),(#4877,#4878,#4879,#4880,#4881,#4882,#4883,#4884,#4885,#4886,
#4887,#4888,#4889,#4890,#4891,#4892,#4893,#4894,#4895,#4896,#4897,#4898,
#4899)),.UNSPECIFIED.,.T.,.F.,.F.,(1,1,1,1,1,1,1,1,1,1,1,1,1,1,1,1,1,1,
1,1,1,1,1,1,1,1,1,1,1,1,1,1,1,1,1,1,1,1,1,1,1,1,1,1,1,1,1,1,1,1,1,1,1,1,
1,1,1,1,1,1,1,1,1,1,1,1,1,1,1,1,1,1,1,1,1,1,1,1,1,1,1,1),(4,1,1,1,1,1,1,
1,1,1,1,1,1,1,1,1,1,1,1,1,4),(-0.046875,-0.03125,-0.015625,0.,0.015625,
0.03125,0.0625,0.09375,0.109375,0.125,0.1328125,0.140625,0.1484375,0.15234375,
0.15625,0.158203125,0.16015625,0.1640625,0.171875,0.1875,0.203125,0.21875,
0.25,0.28125,0.296875,0.3125,0.328125,0.3359375,0.34375,0.34765625,0.349609375,
0.3515625,0.35546875,0.359375,0.375,0.390625,0.40625,0.4375,0.46875,0.484375,
0.5,0.515625,0.53125,0.5625,0.59375,0.609375,0.625,0.6328125,0.640625,0.6484375,
0.65234375,0.65625,0.658203125,0.66015625,0.6640625,0.671875,0.6875,0.703125,
0.71875,0.75,0.78125,0.796875,0.8125,0.828125,0.8359375,0.84375,0.84765625,
0.849609375,0.8515625,0.85546875,0.859375,0.875,0.890625,0.90625,0.9375,
0.953125,0.96875,0.984375,1.,1.015625,1.03125,1.0625),(-1.45944482942056E-16,
0.25,0.354166666666667,0.4375,0.5,0.5625,0.625,0.677083333333333,0.71875,
0.75,0.78125,0.8125,0.84375,0.875,0.901041666666667,0.921875,0.9375,0.953125,
0.96875,0.981770833333333,1.),.UNSPECIFIED.);
#1197=B_SPLINE_SURFACE_WITH_KNOTS('',3,3,((#5085,#5086,#5087,#5088,#5089,
#5090,#5091,#5092,#5093,#5094,#5095,#5096,#5097,#5098,#5099,#5100,#5101,
#5102,#5103,#5104,#5105,#5106,#5107),(#5108,#5109,#5110,#5111,#5112,#5113,
#5114,#5115,#5116,#5117,#5118,#5119,#5120,#5121,#5122,#5123,#5124,#5125,
#5126,#5127,#5128,#5129,#5130),(#5131,#5132,#5133,#5134,#5135,#5136,#5137,
#5138,#5139,#5140,#5141,#5142,#5143,#5144,#5145,#5146,#5147,#5148,#5149,
#5150,#5151,#5152,#5153),(#5154,#5155,#5156,#5157,#5158,#5159,#5160,#5161,
#5162,#5163,#5164,#5165,#5166,#5167,#5168,#5169,#5170,#5171,#5172,#5173,
#5174,#5175,#5176),(#5177,#5178,#5179,#5180,#5181,#5182,#5183,#5184,#5185,
#5186,#5187,#5188,#5189,#5190,#5191,#5192,#5193,#5194,#5195,#5196,#5197,
#5198,#5199),(#5200,#5201,#5202,#5203,#5204,#5205,#5206,#5207,#5208,#5209,
#5210,#5211,#5212,#5213,#5214,#5215,#5216,#5217,#5218,#5219,#5220,#5221,
#5222),(#5223,#5224,#5225,#5226,#5227,#5228,#5229,#5230,#5231,#5232,#5233,
#5234,#5235,#5236,#5237,#5238,#5239,#5240,#5241,#5242,#5243,#5244,#5245),
(#5246,#5247,#5248,#5249,#5250,#5251,#5252,#5253,#5254,#5255,#5256,#5257,
#5258,#5259,#5260,#5261,#5262,#5263,#5264,#5265,#5266,#5267,#5268),(#5269,
#5270,#5271,#5272,#5273,#5274,#5275,#5276,#5277,#5278,#5279,#5280,#5281,
#5282,#5283,#5284,#5285,#5286,#5287,#5288,#5289,#5290,#5291),(#5292,#5293,
#5294,#5295,#5296,#5297,#5298,#5299,#5300,#5301,#5302,#5303,#5304,#5305,
#5306,#5307,#5308,#5309,#5310,#5311,#5312,#5313,#5314),(#5315,#5316,#5317,
#5318,#5319,#5320,#5321,#5322,#5323,#5324,#5325,#5326,#5327,#5328,#5329,
#5330,#5331,#5332,#5333,#5334,#5335,#5336,#5337),(#5338,#5339,#5340,#5341,
#5342,#5343,#5344,#5345,#5346,#5347,#5348,#5349,#5350,#5351,#5352,#5353,
#5354,#5355,#5356,#5357,#5358,#5359,#5360),(#5361,#5362,#5363,#5364,#5365,
#5366,#5367,#5368,#5369,#5370,#5371,#5372,#5373,#5374,#5375,#5376,#5377,
#5378,#5379,#5380,#5381,#5382,#5383),(#5384,#5385,#5386,#5387,#5388,#5389,
#5390,#5391,#5392,#5393,#5394,#5395,#5396,#5397,#5398,#5399,#5400,#5401,
#5402,#5403,#5404,#5405,#5406),(#5407,#5408,#5409,#5410,#5411,#5412,#5413,
#5414,#5415,#5416,#5417,#5418,#5419,#5420,#5421,#5422,#5423,#5424,#5425,
#5426,#5427,#5428,#5429),(#5430,#5431,#5432,#5433,#5434,#5435,#5436,#5437,
#5438,#5439,#5440,#5441,#5442,#5443,#5444,#5445,#5446,#5447,#5448,#5449,
#5450,#5451,#5452),(#5453,#5454,#5455,#5456,#5457,#5458,#5459,#5460,#5461,
#5462,#5463,#5464,#5465,#5466,#5467,#5468,#5469,#5470,#5471,#5472,#5473,
#5474,#5475),(#5476,#5477,#5478,#5479,#5480,#5481,#5482,#5483,#5484,#5485,
#5486,#5487,#5488,#5489,#5490,#5491,#5492,#5493,#5494,#5495,#5496,#5497,
#5498),(#5499,#5500,#5501,#5502,#5503,#5504,#5505,#5506,#5507,#5508,#5509,
#5510,#5511,#5512,#5513,#5514,#5515,#5516,#5517,#5518,#5519,#5520,#5521),
(#5522,#5523,#5524,#5525,#5526,#5527,#5528,#5529,#5530,#5531,#5532,#5533,
#5534,#5535,#5536,#5537,#5538,#5539,#5540,#5541,#5542,#5543,#5544),(#5545,
#5546,#5547,#5548,#5549,#5550,#5551,#5552,#5553,#5554,#5555,#5556,#5557,
#5558,#5559,#5560,#5561,#5562,#5563,#5564,#5565,#5566,#5567),(#5568,#5569,
#5570,#5571,#5572,#5573,#5574,#5575,#5576,#5577,#5578,#5579,#5580,#5581,
#5582,#5583,#5584,#5585,#5586,#5587,#5588,#5589,#5590),(#5591,#5592,#5593,
#5594,#5595,#5596,#5597,#5598,#5599,#5600,#5601,#5602,#5603,#5604,#5605,
#5606,#5607,#5608,#5609,#5610,#5611,#5612,#5613),(#5614,#5615,#5616,#5617,
#5618,#5619,#5620,#5621,#5622,#5623,#5624,#5625,#5626,#5627,#5628,#5629,
#5630,#5631,#5632,#5633,#5634,#5635,#5636),(#5637,#5638,#5639,#5640,#5641,
#5642,#5643,#5644,#5645,#5646,#5647,#5648,#5649,#5650,#5651,#5652,#5653,
#5654,#5655,#5656,#5657,#5658,#5659),(#5660,#5661,#5662,#5663,#5664,#5665,
#5666,#5667,#5668,#5669,#5670,#5671,#5672,#5673,#5674,#5675,#5676,#5677,
#5678,#5679,#5680,#5681,#5682),(#5683,#5684,#5685,#5686,#5687,#5688,#5689,
#5690,#5691,#5692,#5693,#5694,#5695,#5696,#5697,#5698,#5699,#5700,#5701,
#5702,#5703,#5704,#5705),(#5706,#5707,#5708,#5709,#5710,#5711,#5712,#5713,
#5714,#5715,#5716,#5717,#5718,#5719,#5720,#5721,#5722,#5723,#5724,#5725,
#5726,#5727,#5728),(#5729,#5730,#5731,#5732,#5733,#5734,#5735,#5736,#5737,
#5738,#5739,#5740,#5741,#5742,#5743,#5744,#5745,#5746,#5747,#5748,#5749,
#5750,#5751),(#5752,#5753,#5754,#5755,#5756,#5757,#5758,#5759,#5760,#5761,
#5762,#5763,#5764,#5765,#5766,#5767,#5768,#5769,#5770,#5771,#5772,#5773,
#5774),(#5775,#5776,#5777,#5778,#5779,#5780,#5781,#5782,#5783,#5784,#5785,
#5786,#5787,#5788,#5789,#5790,#5791,#5792,#5793,#5794,#5795,#5796,#5797),
(#5798,#5799,#5800,#5801,#5802,#5803,#5804,#5805,#5806,#5807,#5808,#5809,
#5810,#5811,#5812,#5813,#5814,#5815,#5816,#5817,#5818,#5819,#5820),(#5821,
#5822,#5823,#5824,#5825,#5826,#5827,#5828,#5829,#5830,#5831,#5832,#5833,
#5834,#5835,#5836,#5837,#5838,#5839,#5840,#5841,#5842,#5843),(#5844,#5845,
#5846,#5847,#5848,#5849,#5850,#5851,#5852,#5853,#5854,#5855,#5856,#5857,
#5858,#5859,#5860,#5861,#5862,#5863,#5864,#5865,#5866),(#5867,#5868,#5869,
#5870,#5871,#5872,#5873,#5874,#5875,#5876,#5877,#5878,#5879,#5880,#5881,
#5882,#5883,#5884,#5885,#5886,#5887,#5888,#5889),(#5890,#5891,#5892,#5893,
#5894,#5895,#5896,#5897,#5898,#5899,#5900,#5901,#5902,#5903,#5904,#5905,
#5906,#5907,#5908,#5909,#5910,#5911,#5912),(#5913,#5914,#5915,#5916,#5917,
#5918,#5919,#5920,#5921,#5922,#5923,#5924,#5925,#5926,#5927,#5928,#5929,
#5930,#5931,#5932,#5933,#5934,#5935),(#5936,#5937,#5938,#5939,#5940,#5941,
#5942,#5943,#5944,#5945,#5946,#5947,#5948,#5949,#5950,#5951,#5952,#5953,
#5954,#5955,#5956,#5957,#5958),(#5959,#5960,#5961,#5962,#5963,#5964,#5965,
#5966,#5967,#5968,#5969,#5970,#5971,#5972,#5973,#5974,#5975,#5976,#5977,
#5978,#5979,#5980,#5981),(#5982,#5983,#5984,#5985,#5986,#5987,#5988,#5989,
#5990,#5991,#5992,#5993,#5994,#5995,#5996,#5997,#5998,#5999,#6000,#6001,
#6002,#6003,#6004),(#6005,#6006,#6007,#6008,#6009,#6010,#6011,#6012,#6013,
#6014,#6015,#6016,#6017,#6018,#6019,#6020,#6021,#6022,#6023,#6024,#6025,
#6026,#6027),(#6028,#6029,#6030,#6031,#6032,#6033,#6034,#6035,#6036,#6037,
#6038,#6039,#6040,#6041,#6042,#6043,#6044,#6045,#6046,#6047,#6048,#6049,
#6050),(#6051,#6052,#6053,#6054,#6055,#6056,#6057,#6058,#6059,#6060,#6061,
#6062,#6063,#6064,#6065,#6066,#6067,#6068,#6069,#6070,#6071,#6072,#6073),
(#6074,#6075,#6076,#6077,#6078,#6079,#6080,#6081,#6082,#6083,#6084,#6085,
#6086,#6087,#6088,#6089,#6090,#6091,#6092,#6093,#6094,#6095,#6096),(#6097,
#6098,#6099,#6100,#6101,#6102,#6103,#6104,#6105,#6106,#6107,#6108,#6109,
#6110,#6111,#6112,#6113,#6114,#6115,#6116,#6117,#6118,#6119),(#6120,#6121,
#6122,#6123,#6124,#6125,#6126,#6127,#6128,#6129,#6130,#6131,#6132,#6133,
#6134,#6135,#6136,#6137,#6138,#6139,#6140,#6141,#6142),(#6143,#6144,#6145,
#6146,#6147,#6148,#6149,#6150,#6151,#6152,#6153,#6154,#6155,#6156,#6157,
#6158,#6159,#6160,#6161,#6162,#6163,#6164,#6165),(#6166,#6167,#6168,#6169,
#6170,#6171,#6172,#6173,#6174,#6175,#6176,#6177,#6178,#6179,#6180,#6181,
#6182,#6183,#6184,#6185,#6186,#6187,#6188),(#6189,#6190,#6191,#6192,#6193,
#6194,#6195,#6196,#6197,#6198,#6199,#6200,#6201,#6202,#6203,#6204,#6205,
#6206,#6207,#6208,#6209,#6210,#6211),(#6212,#6213,#6214,#6215,#6216,#6217,
#6218,#6219,#6220,#6221,#6222,#6223,#6224,#6225,#6226,#6227,#6228,#6229,
#6230,#6231,#6232,#6233,#6234),(#6235,#6236,#6237,#6238,#6239,#6240,#6241,
#6242,#6243,#6244,#6245,#6246,#6247,#6248,#6249,#6250,#6251,#6252,#6253,
#6254,#6255,#6256,#6257),(#6258,#6259,#6260,#6261,#6262,#6263,#6264,#6265,
#6266,#6267,#6268,#6269,#6270,#6271,#6272,#6273,#6274,#6275,#6276,#6277,
#6278,#6279,#6280),(#6281,#6282,#6283,#6284,#6285,#6286,#6287,#6288,#6289,
#6290,#6291,#6292,#6293,#6294,#6295,#6296,#6297,#6298,#6299,#6300,#6301,
#6302,#6303),(#6304,#6305,#6306,#6307,#6308,#6309,#6310,#6311,#6312,#6313,
#6314,#6315,#6316,#6317,#6318,#6319,#6320,#6321,#6322,#6323,#6324,#6325,
#6326),(#6327,#6328,#6329,#6330,#6331,#6332,#6333,#6334,#6335,#6336,#6337,
#6338,#6339,#6340,#6341,#6342,#6343,#6344,#6345,#6346,#6347,#6348,#6349),
(#6350,#6351,#6352,#6353,#6354,#6355,#6356,#6357,#6358,#6359,#6360,#6361,
#6362,#6363,#6364,#6365,#6366,#6367,#6368,#6369,#6370,#6371,#6372),(#6373,
#6374,#6375,#6376,#6377,#6378,#6379,#6380,#6381,#6382,#6383,#6384,#6385,
#6386,#6387,#6388,#6389,#6390,#6391,#6392,#6393,#6394,#6395),(#6396,#6397,
#6398,#6399,#6400,#6401,#6402,#6403,#6404,#6405,#6406,#6407,#6408,#6409,
#6410,#6411,#6412,#6413,#6414,#6415,#6416,#6417,#6418),(#6419,#6420,#6421,
#6422,#6423,#6424,#6425,#6426,#6427,#6428,#6429,#6430,#6431,#6432,#6433,
#6434,#6435,#6436,#6437,#6438,#6439,#6440,#6441),(#6442,#6443,#6444,#6445,
#6446,#6447,#6448,#6449,#6450,#6451,#6452,#6453,#6454,#6455,#6456,#6457,
#6458,#6459,#6460,#6461,#6462,#6463,#6464),(#6465,#6466,#6467,#6468,#6469,
#6470,#6471,#6472,#6473,#6474,#6475,#6476,#6477,#6478,#6479,#6480,#6481,
#6482,#6483,#6484,#6485,#6486,#6487),(#6488,#6489,#6490,#6491,#6492,#6493,
#6494,#6495,#6496,#6497,#6498,#6499,#6500,#6501,#6502,#6503,#6504,#6505,
#6506,#6507,#6508,#6509,#6510),(#6511,#6512,#6513,#6514,#6515,#6516,#6517,
#6518,#6519,#6520,#6521,#6522,#6523,#6524,#6525,#6526,#6527,#6528,#6529,
#6530,#6531,#6532,#6533),(#6534,#6535,#6536,#6537,#6538,#6539,#6540,#6541,
#6542,#6543,#6544,#6545,#6546,#6547,#6548,#6549,#6550,#6551,#6552,#6553,
#6554,#6555,#6556),(#6557,#6558,#6559,#6560,#6561,#6562,#6563,#6564,#6565,
#6566,#6567,#6568,#6569,#6570,#6571,#6572,#6573,#6574,#6575,#6576,#6577,
#6578,#6579),(#6580,#6581,#6582,#6583,#6584,#6585,#6586,#6587,#6588,#6589,
#6590,#6591,#6592,#6593,#6594,#6595,#6596,#6597,#6598,#6599,#6600,#6601,
#6602),(#6603,#6604,#6605,#6606,#6607,#6608,#6609,#6610,#6611,#6612,#6613,
#6614,#6615,#6616,#6617,#6618,#6619,#6620,#6621,#6622,#6623,#6624,#6625),
(#6626,#6627,#6628,#6629,#6630,#6631,#6632,#6633,#6634,#6635,#6636,#6637,
#6638,#6639,#6640,#6641,#6642,#6643,#6644,#6645,#6646,#6647,#6648),(#6649,
#6650,#6651,#6652,#6653,#6654,#6655,#6656,#6657,#6658,#6659,#6660,#6661,
#6662,#6663,#6664,#6665,#6666,#6667,#6668,#6669,#6670,#6671),(#6672,#6673,
#6674,#6675,#6676,#6677,#6678,#6679,#6680,#6681,#6682,#6683,#6684,#6685,
#6686,#6687,#6688,#6689,#6690,#6691,#6692,#6693,#6694),(#6695,#6696,#6697,
#6698,#6699,#6700,#6701,#6702,#6703,#6704,#6705,#6706,#6707,#6708,#6709,
#6710,#6711,#6712,#6713,#6714,#6715,#6716,#6717),(#6718,#6719,#6720,#6721,
#6722,#6723,#6724,#6725,#6726,#6727,#6728,#6729,#6730,#6731,#6732,#6733,
#6734,#6735,#6736,#6737,#6738,#6739,#6740),(#6741,#6742,#6743,#6744,#6745,
#6746,#6747,#6748,#6749,#6750,#6751,#6752,#6753,#6754,#6755,#6756,#6757,
#6758,#6759,#6760,#6761,#6762,#6763),(#6764,#6765,#6766,#6767,#6768,#6769,
#6770,#6771,#6772,#6773,#6774,#6775,#6776,#6777,#6778,#6779,#6780,#6781,
#6782,#6783,#6784,#6785,#6786),(#6787,#6788,#6789,#6790,#6791,#6792,#6793,
#6794,#6795,#6796,#6797,#6798,#6799,#6800,#6801,#6802,#6803,#6804,#6805,
#6806,#6807,#6808,#6809),(#6810,#6811,#6812,#6813,#6814,#6815,#6816,#6817,
#6818,#6819,#6820,#6821,#6822,#6823,#6824,#6825,#6826,#6827,#6828,#6829,
#6830,#6831,#6832),(#6833,#6834,#6835,#6836,#6837,#6838,#6839,#6840,#6841,
#6842,#6843,#6844,#6845,#6846,#6847,#6848,#6849,#6850,#6851,#6852,#6853,
#6854,#6855),(#6856,#6857,#6858,#6859,#6860,#6861,#6862,#6863,#6864,#6865,
#6866,#6867,#6868,#6869,#6870,#6871,#6872,#6873,#6874,#6875,#6876,#6877,
#6878)),.UNSPECIFIED.,.T.,.F.,.F.,(1,1,1,1,1,1,1,1,1,1,1,1,1,1,1,1,1,1,
1,1,1,1,1,1,1,1,1,1,1,1,1,1,1,1,1,1,1,1,1,1,1,1,1,1,1,1,1,1,1,1,1,1,1,1,
1,1,1,1,1,1,1,1,1,1,1,1,1,1,1,1,1,1,1,1,1,1,1,1,1,1,1,1),(4,1,1,1,1,1,1,
1,1,1,1,1,1,1,1,1,1,1,1,1,4),(-0.046875,-0.03125,-0.015625,0.,0.015625,
0.03125,0.0625,0.09375,0.109375,0.125,0.1328125,0.140625,0.1484375,0.15234375,
0.15625,0.158203125,0.16015625,0.1640625,0.171875,0.1875,0.203125,0.21875,
0.25,0.28125,0.296875,0.3125,0.328125,0.3359375,0.34375,0.34765625,0.349609375,
0.3515625,0.35546875,0.359375,0.375,0.390625,0.40625,0.4375,0.46875,0.484375,
0.5,0.515625,0.53125,0.5625,0.59375,0.609375,0.625,0.6328125,0.640625,0.6484375,
0.65234375,0.65625,0.658203125,0.66015625,0.6640625,0.671875,0.6875,0.703125,
0.71875,0.75,0.78125,0.796875,0.8125,0.828125,0.8359375,0.84375,0.84765625,
0.849609375,0.8515625,0.85546875,0.859375,0.875,0.890625,0.90625,0.9375,
0.953125,0.96875,0.984375,1.,1.015625,1.03125,1.0625),(-4.04109547761165E-32,
0.25,0.354166666666667,0.4375,0.5,0.5625,0.625,0.677083333333333,0.71875,
0.75,0.78125,0.8125,0.84375,0.875,0.901041666666667,0.921875,0.9375,0.953125,
0.96875,0.981770833333333,1.),.UNSPECIFIED.);
#1198=B_SPLINE_SURFACE_WITH_KNOTS('',1,3,((#7105,#7106,#7107,#7108),(#7109,
#7110,#7111,#7112)),.RULED_SURF.,.F.,.F.,.F.,(2,2),(4,4),(0.,1.),(-1.24247198128114E-6,
0.00951176524736078),.PIECEWISE_BEZIER_KNOTS.);
#1199=B_SPLINE_SURFACE_WITH_KNOTS('',1,3,((#7117,#7118,#7119,#7120,#7121,
#7122),(#7123,#7124,#7125,#7126,#7127,#7128)),.RULED_SURF.,.F.,.F.,.F.,
(2,2),(4,2,4),(0.,1.),(0.,0.00495180976443942,0.00990361952887884),
 .UNSPECIFIED.);
#1200=B_SPLINE_SURFACE_WITH_KNOTS('',1,3,((#7138,#7139,#7140,#7141,#7142,
#7143),(#7144,#7145,#7146,#7147,#7148,#7149)),.RULED_SURF.,.F.,.F.,.F.,
(2,2),(4,2,4),(0.,1.),(0.,0.00495241816691126,0.00990483633382253),
 .UNSPECIFIED.);
#1201=B_SPLINE_SURFACE_WITH_KNOTS('',1,3,((#7154,#7155,#7156,#7157),(#7158,
#7159,#7160,#7161)),.RULED_SURF.,.F.,.F.,.F.,(2,2),(4,4),(0.,1.),(2.32928200615333E-6,
0.00949969312188483),.PIECEWISE_BEZIER_KNOTS.);
#1202=B_SPLINE_SURFACE_WITH_KNOTS('',1,3,((#7166,#7167,#7168,#7169),(#7170,
#7171,#7172,#7173)),.RULED_SURF.,.F.,.F.,.F.,(2,2),(4,4),(0.,1.),(0.,0.00969306138926639),
 .PIECEWISE_BEZIER_KNOTS.);
#1203=ADVANCED_FACE('',(#1105),#1193,.T.);
#1204=ADVANCED_FACE('',(#1106),#137,.F.);
#1205=ADVANCED_FACE('',(#1107),#138,.F.);
#1206=ADVANCED_FACE('',(#1108),#139,.F.);
#1207=ADVANCED_FACE('',(#1109,#1110,#1111,#1112),#14,.F.);
#1208=ADVANCED_FACE('',(#1113,#1114,#1115,#1116),#15,.T.);
#1209=ADVANCED_FACE('',(#1117,#1118),#13,.T.);
#1210=ADVANCED_FACE('',(#1119,#1120),#12,.T.);
#1211=ADVANCED_FACE('',(#1121,#1122),#16,.T.);
#1212=ADVANCED_FACE('',(#1123),#140,.F.);
#1213=ADVANCED_FACE('',(#1124,#1125),#17,.F.);
#1214=ADVANCED_FACE('',(#1126,#1127),#141,.F.);
#1215=ADVANCED_FACE('',(#1128),#142,.F.);
#1216=ADVANCED_FACE('',(#1129),#143,.T.);
#1217=ADVANCED_FACE('',(#1130),#144,.F.);
#1218=ADVANCED_FACE('',(#1131),#145,.T.);
#1219=ADVANCED_FACE('',(#1132),#18,.T.);
#1220=ADVANCED_FACE('',(#1133),#19,.T.);
#1221=ADVANCED_FACE('',(#1134),#20,.T.);
#1222=ADVANCED_FACE('',(#1135),#21,.T.);
#1223=ADVANCED_FACE('',(#1136,#1137,#1138,#1139),#146,.F.);
#1224=ADVANCED_FACE('',(#1140,#1141),#1194,.T.);
#1225=ADVANCED_FACE('',(#1142,#1143,#1144,#1145),#147,.F.);
#1226=ADVANCED_FACE('',(#1146,#1147),#1195,.F.);
#1227=ADVANCED_FACE('',(#1148,#1149),#1196,.F.);
#1228=ADVANCED_FACE('',(#1150,#1151),#1197,.T.);
#1229=ADVANCED_FACE('',(#1152),#148,.T.);
#1230=ADVANCED_FACE('',(#1153),#149,.F.);
#1231=ADVANCED_FACE('',(#1154),#150,.T.);
#1232=ADVANCED_FACE('',(#1155),#22,.F.);
#1233=ADVANCED_FACE('',(#1156),#151,.F.);
#1234=ADVANCED_FACE('',(#1157),#23,.T.);
#1235=ADVANCED_FACE('',(#1158),#24,.T.);
#1236=ADVANCED_FACE('',(#1159),#25,.T.);
#1237=ADVANCED_FACE('',(#1160),#152,.T.);
#1238=ADVANCED_FACE('',(#1161),#153,.F.);
#1239=ADVANCED_FACE('',(#1162),#26,.F.);
#1240=ADVANCED_FACE('',(#1163),#154,.T.);
#1241=ADVANCED_FACE('',(#1164),#27,.T.);
#1242=ADVANCED_FACE('',(#1165),#155,.F.);
#1243=ADVANCED_FACE('',(#1166),#28,.T.);
#1244=ADVANCED_FACE('',(#1167),#29,.T.);
#1245=ADVANCED_FACE('',(#1168),#156,.T.);
#1246=ADVANCED_FACE('',(#1169),#157,.F.);
#1247=ADVANCED_FACE('',(#1170),#30,.F.);
#1248=ADVANCED_FACE('',(#1171),#158,.T.);
#1249=ADVANCED_FACE('',(#1172),#31,.T.);
#1250=ADVANCED_FACE('',(#1173),#159,.F.);
#1251=ADVANCED_FACE('',(#1174),#32,.T.);
#1252=ADVANCED_FACE('',(#1175),#33,.T.);
#1253=ADVANCED_FACE('',(#1176),#160,.T.);
#1254=ADVANCED_FACE('',(#1177),#161,.F.);
#1255=ADVANCED_FACE('',(#1178),#162,.T.);
#1256=ADVANCED_FACE('',(#1179),#34,.F.);
#1257=ADVANCED_FACE('',(#1180),#163,.F.);
#1258=ADVANCED_FACE('',(#1181),#35,.T.);
#1259=ADVANCED_FACE('',(#1182),#36,.T.);
#1260=ADVANCED_FACE('',(#1183),#37,.T.);
#1261=ADVANCED_FACE('',(#1184),#38,.T.);
#1262=ADVANCED_FACE('',(#1185),#164,.T.);
#1263=ADVANCED_FACE('',(#1186),#1198,.T.);
#1264=ADVANCED_FACE('',(#1187),#1199,.T.);
#1265=ADVANCED_FACE('',(#1188),#39,.T.);
#1266=ADVANCED_FACE('',(#1189),#1200,.T.);
#1267=ADVANCED_FACE('',(#1190),#1201,.T.);
#1268=ADVANCED_FACE('',(#1191),#1202,.T.);
#1269=ADVANCED_FACE('',(#1192),#165,.T.);
#1270=CLOSED_SHELL('',(#1203,#1204,#1205,#1206,#1207,#1208,#1209,#1210,
#1211,#1212,#1213,#1214,#1215,#1216,#1217,#1218,#1219,#1220,#1221,#1222,
#1223,#1224,#1225,#1226,#1227,#1228,#1229,#1230,#1231,#1232,#1233,#1234,
#1235,#1236,#1237,#1238,#1239,#1240,#1241,#1242,#1243,#1244,#1245,#1246,
#1247,#1248,#1249,#1250,#1251,#1252,#1253,#1254,#1255,#1256,#1257,#1258,
#1259,#1260,#1261,#1262,#1263,#1264,#1265,#1266,#1267,#1268,#1269));
#1271=STYLED_ITEM('',(#1272),#1279);
#1272=PRESENTATION_STYLE_ASSIGNMENT((#1273));
#1273=SURFACE_STYLE_USAGE(.BOTH.,#1274);
#1274=SURFACE_SIDE_STYLE('',(#1275));
#1275=SURFACE_STYLE_FILL_AREA(#1276);
#1276=FILL_AREA_STYLE('',(#1277));
#1277=FILL_AREA_STYLE_COLOUR('',#1278);
#1278=COLOUR_RGB('',0.250980392156863,0.250980392156863,0.250980392156863);
#1279=MANIFOLD_SOLID_BREP('DuctIntake',#1270);
#1280=SHAPE_DEFINITION_REPRESENTATION(#7185,#1281);
#1281=SHAPE_REPRESENTATION('DuctIntake',(#1282),#7180);
#1282=AXIS2_PLACEMENT_3D('',#1618,#1378,#1379);
#1283=AXIS2_PLACEMENT_3D('',#1633,#1380,#1381);
#1284=AXIS2_PLACEMENT_3D('',#1649,#1382,#1383);
#1285=AXIS2_PLACEMENT_3D('',#1656,#1384,#1385);
#1286=AXIS2_PLACEMENT_3D('',#1658,#1386,#1387);
#1287=AXIS2_PLACEMENT_3D('',#1659,#1388,#1389);
#1288=AXIS2_PLACEMENT_3D('',#1668,#1391,#1392);
#1289=AXIS2_PLACEMENT_3D('',#1675,#1393,#1394);
#1290=AXIS2_PLACEMENT_3D('',#1676,#1395,#1396);
#1291=AXIS2_PLACEMENT_3D('',#1685,#1398,#1399);
#1292=AXIS2_PLACEMENT_3D('',#1689,#1401,#1402);
#1293=AXIS2_PLACEMENT_3D('',#1693,#1404,#1405);
#1294=AXIS2_PLACEMENT_3D('',#1694,#1406,#1407);
#1295=AXIS2_PLACEMENT_3D('',#1696,#1408,#1409);
#1296=AXIS2_PLACEMENT_3D('',#1701,#1411,#1412);
#1297=AXIS2_PLACEMENT_3D('',#1705,#1414,#1415);
#1298=AXIS2_PLACEMENT_3D('',#1706,#1416,#1417);
#1299=AXIS2_PLACEMENT_3D('',#1707,#1418,#1419);
#1300=AXIS2_PLACEMENT_3D('',#1712,#1421,#1422);
#1301=AXIS2_PLACEMENT_3D('',#1715,#1424,#1425);
#1302=AXIS2_PLACEMENT_3D('',#1717,#1426,#1427);
#1303=AXIS2_PLACEMENT_3D('',#1719,#1428,#1429);
#1304=AXIS2_PLACEMENT_3D('',#1724,#1431,#1432);
#1305=AXIS2_PLACEMENT_3D('',#1727,#1434,#1435);
#1306=AXIS2_PLACEMENT_3D('',#1728,#1436,#1437);
#1307=AXIS2_PLACEMENT_3D('',#1729,#1438,#1439);
#1308=AXIS2_PLACEMENT_3D('',#1731,#1440,#1441);
#1309=AXIS2_PLACEMENT_3D('',#1732,#1442,#1443);
#1310=AXIS2_PLACEMENT_3D('',#1738,#1444,#1445);
#1311=AXIS2_PLACEMENT_3D('',#1739,#1446,#1447);
#1312=AXIS2_PLACEMENT_3D('',#1750,#1448,#1449);
#1313=AXIS2_PLACEMENT_3D('',#1751,#1450,#1451);
#1314=AXIS2_PLACEMENT_3D('',#1761,#1452,#1453);
#1315=AXIS2_PLACEMENT_3D('',#1763,#1454,#1455);
#1316=AXIS2_PLACEMENT_3D('',#1764,#1456,#1457);
#1317=AXIS2_PLACEMENT_3D('',#1765,#1458,#1459);
#1318=AXIS2_PLACEMENT_3D('',#1766,#1460,#1461);
#1319=AXIS2_PLACEMENT_3D('',#1767,#1462,#1463);
#1320=AXIS2_PLACEMENT_3D('',#1768,#1464,#1465);
#1321=AXIS2_PLACEMENT_3D('',#1769,#1466,#1467);
#1322=AXIS2_PLACEMENT_3D('',#1770,#1468,#1469);
#1323=AXIS2_PLACEMENT_3D('',#1771,#1470,#1471);
#1324=AXIS2_PLACEMENT_3D('',#1772,#1472,#1473);
#1325=AXIS2_PLACEMENT_3D('',#1773,#1474,#1475);
#1326=AXIS2_PLACEMENT_3D('',#1774,#1476,#1477);
#1327=AXIS2_PLACEMENT_3D('',#1775,#1478,#1479);
#1328=AXIS2_PLACEMENT_3D('',#1776,#1480,#1481);
#1329=AXIS2_PLACEMENT_3D('',#1777,#1482,#1483);
#1330=AXIS2_PLACEMENT_3D('',#1778,#1484,#1485);
#1331=AXIS2_PLACEMENT_3D('',#1779,#1486,#1487);
#1332=AXIS2_PLACEMENT_3D('',#1780,#1488,#1489);
#1333=AXIS2_PLACEMENT_3D('',#1831,#1495,#1496);
#1334=AXIS2_PLACEMENT_3D('',#1833,#1497,#1498);
#1335=AXIS2_PLACEMENT_3D('',#1837,#1500,#1501);
#1336=AXIS2_PLACEMENT_3D('',#1839,#1502,#1503);
#1337=AXIS2_PLACEMENT_3D('',#2460,#1504,#1505);
#1338=AXIS2_PLACEMENT_3D('',#2507,#1510,#1511);
#1339=AXIS2_PLACEMENT_3D('',#2515,#1512,#1513);
#1340=AXIS2_PLACEMENT_3D('',#2517,#1514,#1515);
#1341=AXIS2_PLACEMENT_3D('',#2524,#1516,#1517);
#1342=AXIS2_PLACEMENT_3D('',#7035,#1518,#1519);
#1343=AXIS2_PLACEMENT_3D('',#7037,#1521,#1522);
#1344=AXIS2_PLACEMENT_3D('',#7039,#1524,#1525);
#1345=AXIS2_PLACEMENT_3D('',#7042,#1528,#1529);
#1346=AXIS2_PLACEMENT_3D('',#7043,#1530,#1531);
#1347=AXIS2_PLACEMENT_3D('',#7046,#1534,#1535);
#1348=AXIS2_PLACEMENT_3D('',#7047,#1536,#1537);
#1349=AXIS2_PLACEMENT_3D('',#7049,#1539,#1540);
#1350=AXIS2_PLACEMENT_3D('',#7050,#1541,#1542);
#1351=AXIS2_PLACEMENT_3D('',#7052,#1544,#1545);
#1352=AXIS2_PLACEMENT_3D('',#7054,#1547,#1548);
#1353=AXIS2_PLACEMENT_3D('',#7056,#1550,#1551);
#1354=AXIS2_PLACEMENT_3D('',#7058,#1553,#1554);
#1355=AXIS2_PLACEMENT_3D('',#7060,#1556,#1557);
#1356=AXIS2_PLACEMENT_3D('',#7062,#1559,#1560);
#1357=AXIS2_PLACEMENT_3D('',#7064,#1562,#1563);
#1358=AXIS2_PLACEMENT_3D('',#7065,#1564,#1565);
#1359=AXIS2_PLACEMENT_3D('',#7067,#1567,#1568);
#1360=AXIS2_PLACEMENT_3D('',#7069,#1570,#1571);
#1361=AXIS2_PLACEMENT_3D('',#7071,#1573,#1574);
#1362=AXIS2_PLACEMENT_3D('',#7073,#1576,#1577);
#1363=AXIS2_PLACEMENT_3D('',#7075,#1579,#1580);
#1364=AXIS2_PLACEMENT_3D('',#7077,#1582,#1583);
#1365=AXIS2_PLACEMENT_3D('',#7079,#1585,#1586);
#1366=AXIS2_PLACEMENT_3D('',#7080,#1587,#1588);
#1367=AXIS2_PLACEMENT_3D('',#7082,#1590,#1591);
#1368=AXIS2_PLACEMENT_3D('',#7084,#1593,#1594);
#1369=AXIS2_PLACEMENT_3D('',#7087,#1597,#1598);
#1370=AXIS2_PLACEMENT_3D('',#7088,#1599,#1600);
#1371=AXIS2_PLACEMENT_3D('',#7091,#1603,#1604);
#1372=AXIS2_PLACEMENT_3D('',#7092,#1605,#1606);
#1373=AXIS2_PLACEMENT_3D('',#7094,#1608,#1609);
#1374=AXIS2_PLACEMENT_3D('',#7095,#1610,#1611);
#1375=AXIS2_PLACEMENT_3D('',#7100,#1612,#1613);
#1376=AXIS2_PLACEMENT_3D('',#7133,#1614,#1615);
#1377=AXIS2_PLACEMENT_3D('',#7178,#1616,#1617);
#1378=DIRECTION('',(0.,0.,1.));
#1379=DIRECTION('',(1.,0.,0.));
#1380=DIRECTION('',(0.,0.,1.));
#1381=DIRECTION('',(1.,0.,0.));
#1382=DIRECTION('',(0.,0.,1.));
#1383=DIRECTION('',(1.,0.,0.));
#1384=DIRECTION('',(0.,0.,1.));
#1385=DIRECTION('',(-0.859356862008999,0.51137636210334,0.));
#1386=DIRECTION('',(0.,0.,1.));
#1387=DIRECTION('',(1.,0.,0.));
#1388=DIRECTION('',(0.,0.,1.));
#1389=DIRECTION('',(1.,0.,0.));
#1390=DIRECTION('',(0.999970895677853,0.00762940346508433,0.));
#1391=DIRECTION('',(0.,0.,1.));
#1392=DIRECTION('',(1.,0.,0.));
#1393=DIRECTION('',(0.,0.,1.));
#1394=DIRECTION('',(1.,0.,0.));
#1395=DIRECTION('',(0.,0.,1.));
#1396=DIRECTION('',(1.,0.,0.));
#1397=DIRECTION('',(-0.999976519776878,-0.00685272901276676,0.));
#1398=DIRECTION('',(0.,0.,1.));
#1399=DIRECTION('',(1.,0.,0.));
#1400=DIRECTION('',(0.,0.,1.));
#1401=DIRECTION('',(0.,0.,1.));
#1402=DIRECTION('',(1.,0.,0.));
#1403=DIRECTION('',(0.,0.,1.));
#1404=DIRECTION('',(0.,0.,1.));
#1405=DIRECTION('',(1.,0.,0.));
#1406=DIRECTION('',(0.,0.,1.));
#1407=DIRECTION('',(1.,0.,0.));
#1408=DIRECTION('',(0.,0.,1.));
#1409=DIRECTION('',(1.,0.,0.));
#1410=DIRECTION('',(0.,0.,1.));
#1411=DIRECTION('',(0.,0.,-1.));
#1412=DIRECTION('',(-1.,0.,0.));
#1413=DIRECTION('',(0.,0.,1.));
#1414=DIRECTION('',(0.,0.,-1.));
#1415=DIRECTION('',(-1.,0.,0.));
#1416=DIRECTION('',(0.,0.,1.));
#1417=DIRECTION('',(1.,0.,0.));
#1418=DIRECTION('',(0.,0.,1.));
#1419=DIRECTION('',(1.,0.,0.));
#1420=DIRECTION('',(0.,0.,1.));
#1421=DIRECTION('',(0.,0.,1.));
#1422=DIRECTION('',(1.,0.,0.));
#1423=DIRECTION('',(0.,0.,1.));
#1424=DIRECTION('',(0.,0.,1.));
#1425=DIRECTION('',(1.,0.,0.));
#1426=DIRECTION('',(0.,0.,1.));
#1427=DIRECTION('',(1.,0.,0.));
#1428=DIRECTION('',(0.,0.,-1.));
#1429=DIRECTION('',(-1.,0.,0.));
#1430=DIRECTION('',(0.,0.,1.));
#1431=DIRECTION('',(0.,0.,-1.));
#1432=DIRECTION('',(-1.,0.,0.));
#1433=DIRECTION('',(0.,0.,1.));
#1434=DIRECTION('',(0.,0.,1.));
#1435=DIRECTION('',(1.,0.,0.));
#1436=DIRECTION('',(0.,0.,1.));
#1437=DIRECTION('',(1.,0.,0.));
#1438=DIRECTION('',(0.,0.,1.));
#1439=DIRECTION('',(1.,0.,0.));
#1440=DIRECTION('',(0.,0.,1.));
#1441=DIRECTION('',(1.,0.,0.));
#1442=DIRECTION('',(0.,0.,1.));
#1443=DIRECTION('',(1.,0.,0.));
#1444=DIRECTION('',(0.,0.,1.));
#1445=DIRECTION('',(1.,0.,0.));
#1446=DIRECTION('',(0.,0.,1.));
#1447=DIRECTION('',(1.,0.,0.));
#1448=DIRECTION('',(0.,0.,1.));
#1449=DIRECTION('',(1.,0.,0.));
#1450=DIRECTION('',(0.,0.,1.));
#1451=DIRECTION('',(1.,0.,0.));
#1452=DIRECTION('',(0.,0.,1.));
#1453=DIRECTION('',(1.,0.,0.));
#1454=DIRECTION('',(0.,0.,-1.));
#1455=DIRECTION('',(-1.,0.,0.));
#1456=DIRECTION('',(0.,0.,-1.));
#1457=DIRECTION('',(-1.,0.,0.));
#1458=DIRECTION('',(0.,0.,-1.));
#1459=DIRECTION('',(-1.,0.,0.));
#1460=DIRECTION('',(0.,0.,-1.));
#1461=DIRECTION('',(-1.,0.,0.));
#1462=DIRECTION('',(0.,0.,-1.));
#1463=DIRECTION('',(-1.,0.,0.));
#1464=DIRECTION('',(0.,0.,-1.));
#1465=DIRECTION('',(-1.,0.,0.));
#1466=DIRECTION('',(0.,0.,-1.));
#1467=DIRECTION('',(-1.,0.,0.));
#1468=DIRECTION('',(0.,0.,1.));
#1469=DIRECTION('',(1.,0.,0.));
#1470=DIRECTION('',(0.,0.,1.));
#1471=DIRECTION('',(1.,0.,0.));
#1472=DIRECTION('',(0.,0.,1.));
#1473=DIRECTION('',(1.,0.,0.));
#1474=DIRECTION('',(0.,0.,1.));
#1475=DIRECTION('',(1.,0.,0.));
#1476=DIRECTION('',(0.,0.,1.));
#1477=DIRECTION('',(1.,0.,0.));
#1478=DIRECTION('',(0.,0.,1.));
#1479=DIRECTION('',(1.,0.,0.));
#1480=DIRECTION('',(0.,0.,1.));
#1481=DIRECTION('',(1.,0.,0.));
#1482=DIRECTION('',(0.,0.,1.));
#1483=DIRECTION('',(1.,0.,0.));
#1484=DIRECTION('',(0.,0.,1.));
#1485=DIRECTION('',(1.,0.,0.));
#1486=DIRECTION('',(0.,0.,1.));
#1487=DIRECTION('',(1.,0.,0.));
#1488=DIRECTION('',(0.612372435695795,0.612372435695795,0.5));
#1489=DIRECTION('',(-0.790569415042095,0.474341649025257,0.387298334620742));
#1490=DIRECTION('',(-0.353553390593274,-0.353553390593274,0.866025403784439));
#1491=DIRECTION('',(-0.353553390593274,-0.353553390593274,0.866025403784439));
#1492=DIRECTION('',(-0.353553390593274,-0.353553390593274,0.866025403784439));
#1493=DIRECTION('',(-0.353553390593274,-0.353553390593274,0.866025403784439));
#1494=DIRECTION('',(-0.707106781186547,0.707106781186548,-1.17654522037634E-15));
#1495=DIRECTION('',(0.612372435695795,0.612372435695795,0.5));
#1496=DIRECTION('',(-0.707106781186548,0.707106781186548,0.));
#1497=DIRECTION('',(0.612372435695795,0.612372435695795,0.5));
#1498=DIRECTION('',(-0.707106781186548,0.707106781186548,0.));
#1499=DIRECTION('',(0.707106781186547,-0.707106781186548,1.43148761693507E-15));
#1500=DIRECTION('',(0.612372435695795,0.612372435695795,0.5));
#1501=DIRECTION('',(-0.707106781186548,0.707106781186548,0.));
#1502=DIRECTION('',(0.612372435695795,0.612372435695795,0.5));
#1503=DIRECTION('',(-0.707106781186548,0.707106781186548,0.));
#1504=DIRECTION('',(-0.612372435695795,0.612372435695795,0.5));
#1505=DIRECTION('',(0.790569415042095,0.474341649025257,0.387298334620742));
#1506=DIRECTION('',(0.353553390593274,-0.353553390593274,0.866025403784439));
#1507=DIRECTION('',(0.353553390593274,-0.353553390593274,0.866025403784439));
#1508=DIRECTION('',(0.353553390593274,-0.353553390593274,0.866025403784439));
#1509=DIRECTION('',(0.353553390593274,-0.353553390593274,0.866025403784439));
#1510=DIRECTION('',(0.612372435695795,-0.612372435695795,-0.5));
#1511=DIRECTION('',(0.707106781186548,0.707106781186548,0.));
#1512=DIRECTION('',(0.612372435695795,-0.612372435695795,-0.5));
#1513=DIRECTION('',(0.707106781186548,0.707106781186548,0.));
#1514=DIRECTION('',(0.612372435695795,-0.612372435695795,-0.5));
#1515=DIRECTION('',(0.707106781186548,0.707106781186548,0.));
#1516=DIRECTION('',(0.612372435695795,-0.612372435695795,-0.5));
#1517=DIRECTION('',(0.707106781186548,0.707106781186548,0.));
#1518=DIRECTION('',(-0.707106781186548,-0.707106781186548,0.));
#1519=DIRECTION('',(-0.707106781186548,0.707106781186548,0.));
#1520=DIRECTION('',(0.,0.,1.));
#1521=DIRECTION('',(-0.707106781186548,-0.707106781186548,0.));
#1522=DIRECTION('',(-0.707106781186548,0.707106781186548,0.));
#1523=DIRECTION('',(0.,0.,1.));
#1524=DIRECTION('',(-0.661621637086845,-0.749837855365093,0.));
#1525=DIRECTION('',(-0.749837855365094,0.661621637086845,0.));
#1526=DIRECTION('',(0.,0.,1.));
#1527=DIRECTION('',(0.,0.,1.));
#1528=DIRECTION('',(0.,0.,1.));
#1529=DIRECTION('',(-1.,0.,0.));
#1530=DIRECTION('',(-0.661621637086845,-0.749837855365093,0.));
#1531=DIRECTION('',(-0.749837855365094,0.661621637086845,0.));
#1532=DIRECTION('',(0.,0.,1.));
#1533=DIRECTION('',(0.,0.,1.));
#1534=DIRECTION('',(0.,0.,1.));
#1535=DIRECTION('',(-1.,0.,0.));
#1536=DIRECTION('',(0.,0.,-1.));
#1537=DIRECTION('',(1.,0.,0.));
#1538=DIRECTION('',(0.,0.,-1.));
#1539=DIRECTION('',(0.,0.,1.));
#1540=DIRECTION('',(-1.,0.,0.));
#1541=DIRECTION('',(-0.707106781186547,-0.707106781186548,0.));
#1542=DIRECTION('',(-0.707106781186548,0.707106781186547,0.));
#1543=DIRECTION('',(0.,0.,1.));
#1544=DIRECTION('',(-0.707106781186547,-0.707106781186548,0.));
#1545=DIRECTION('',(-0.707106781186548,0.707106781186547,0.));
#1546=DIRECTION('',(0.,0.,1.));
#1547=DIRECTION('',(0.,0.,1.));
#1548=DIRECTION('',(-1.,0.,0.));
#1549=DIRECTION('',(0.,0.,1.));
#1550=DIRECTION('',(-0.464006994670558,-0.885831535280156,0.));
#1551=DIRECTION('',(-0.885831535280156,0.464006994670558,0.));
#1552=DIRECTION('',(0.,0.,1.));
#1553=DIRECTION('',(0.,0.,1.));
#1554=DIRECTION('',(-1.,0.,0.));
#1555=DIRECTION('',(0.,0.,1.));
#1556=DIRECTION('',(-0.464006994670558,-0.885831535280156,0.));
#1557=DIRECTION('',(-0.885831535280156,0.464006994670558,0.));
#1558=DIRECTION('',(0.,0.,1.));
#1559=DIRECTION('',(0.,0.,1.));
#1560=DIRECTION('',(-1.,0.,0.));
#1561=DIRECTION('',(0.,0.,1.));
#1562=DIRECTION('',(0.,0.,-1.));
#1563=DIRECTION('',(1.,0.,0.));
#1564=DIRECTION('',(0.707106781186547,-0.707106781186548,0.));
#1565=DIRECTION('',(0.707106781186548,0.707106781186547,0.));
#1566=DIRECTION('',(0.,0.,1.));
#1567=DIRECTION('',(0.707106781186547,-0.707106781186548,0.));
#1568=DIRECTION('',(0.707106781186548,0.707106781186547,0.));
#1569=DIRECTION('',(0.,0.,1.));
#1570=DIRECTION('',(0.,0.,1.));
#1571=DIRECTION('',(1.,0.,0.));
#1572=DIRECTION('',(0.,0.,1.));
#1573=DIRECTION('',(0.464006994670558,-0.885831535280156,0.));
#1574=DIRECTION('',(0.885831535280156,0.464006994670558,0.));
#1575=DIRECTION('',(0.,0.,1.));
#1576=DIRECTION('',(0.,0.,1.));
#1577=DIRECTION('',(1.,0.,0.));
#1578=DIRECTION('',(0.,0.,1.));
#1579=DIRECTION('',(0.464006994670558,-0.885831535280156,0.));
#1580=DIRECTION('',(0.885831535280156,0.464006994670558,0.));
#1581=DIRECTION('',(0.,0.,1.));
#1582=DIRECTION('',(0.,0.,1.));
#1583=DIRECTION('',(1.,0.,0.));
#1584=DIRECTION('',(0.,0.,1.));
#1585=DIRECTION('',(0.,0.,-1.));
#1586=DIRECTION('',(-1.,0.,0.));
#1587=DIRECTION('',(0.707106781186548,-0.707106781186548,0.));
#1588=DIRECTION('',(0.707106781186548,0.707106781186548,0.));
#1589=DIRECTION('',(0.,0.,1.));
#1590=DIRECTION('',(0.707106781186548,-0.707106781186548,0.));
#1591=DIRECTION('',(0.707106781186548,0.707106781186548,0.));
#1592=DIRECTION('',(0.,0.,1.));
#1593=DIRECTION('',(0.661621637086845,-0.749837855365093,0.));
#1594=DIRECTION('',(0.749837855365094,0.661621637086845,0.));
#1595=DIRECTION('',(0.,0.,1.));
#1596=DIRECTION('',(0.,0.,1.));
#1597=DIRECTION('',(0.,0.,1.));
#1598=DIRECTION('',(1.,0.,0.));
#1599=DIRECTION('',(0.661621637086845,-0.749837855365093,0.));
#1600=DIRECTION('',(0.749837855365094,0.661621637086845,0.));
#1601=DIRECTION('',(0.,0.,1.));
#1602=DIRECTION('',(0.,0.,1.));
#1603=DIRECTION('',(0.,0.,1.));
#1604=DIRECTION('',(1.,0.,0.));
#1605=DIRECTION('',(0.,0.,-1.));
#1606=DIRECTION('',(-1.,0.,0.));
#1607=DIRECTION('',(0.,0.,-1.));
#1608=DIRECTION('',(0.,0.,1.));
#1609=DIRECTION('',(1.,0.,0.));
#1610=DIRECTION('',(-0.400595456179984,-0.232145560044066,0.886358685544276));
#1611=DIRECTION('',(-0.76747891526446,-0.443405149336475,-0.462998907305822));
#1612=DIRECTION('',(0.00605760631098311,-0.883949163282274,-0.467543775638548));
#1613=DIRECTION('',(0.,0.467552354039197,-0.883965381806553));
#1614=DIRECTION('',(-0.400184713709116,0.238137393337986,0.884953544999816));
#1615=DIRECTION('',(-0.765518008506307,0.444011513985216,-0.465656476494308));
#1616=DIRECTION('',(-0.00673236146947767,0.882397366906882,-0.470456759102095));
#1617=DIRECTION('',(0.,0.470467421118143,0.88241736478066));
#1618=CARTESIAN_POINT('',(0.,0.,0.));
#1619=CARTESIAN_POINT('',(-0.00812898365932265,0.0635838416679628,0.07375));
#1620=CARTESIAN_POINT('',(-0.00646303195085024,0.0607761699280774,0.07375));
#1621=CARTESIAN_POINT('',(-0.00325720678355449,0.0589801080028013,0.07375));
#1622=CARTESIAN_POINT('',(2.00944249042606E-6,0.0590178626658046,0.07375));
#1623=CARTESIAN_POINT('',(-0.00745882942726035,0.0639894159885249,0.0722501394737132));
#1624=CARTESIAN_POINT('',(-0.00593087388978989,0.0614144139102362,0.0722509158366744));
#1625=CARTESIAN_POINT('',(-0.00299024916537161,0.0597667287775511,0.0722606056710767));
#1626=CARTESIAN_POINT('',(-4.62087008264969E-15,0.0598013760641342,0.0722688764586397));
#1627=CARTESIAN_POINT('',(-0.00183820525753008,0.0591889971073353,0.07375));
#1628=CARTESIAN_POINT('',(-0.00122434532891308,0.0590678070957783,0.07375));
#1629=CARTESIAN_POINT('',(-0.00061094047216643,0.0590107622814336,0.07375));
#1630=CARTESIAN_POINT('',(2.00931270988023E-6,0.0590178626643013,0.07375));
#1631=CARTESIAN_POINT('',(-0.00183910391618973,0.0591844451600785,0.07375));
#1632=CARTESIAN_POINT('',(2.00942223884185E-6,0.0590178532090712,0.07375));
#1633=CARTESIAN_POINT('',(-3.46944695195361E-18,0.0685000000000075,0.07375));
#1634=CARTESIAN_POINT('',(-0.00812900644590513,0.0635838278873412,0.07375));
#1635=CARTESIAN_POINT('',(-0.00745882632371492,0.0639894178637784,0.0722501413675266));
#1636=CARTESIAN_POINT('',(-0.00768221561417436,0.0638542236748142,0.0727500967374657));
#1637=CARTESIAN_POINT('',(-0.00790560215291114,0.0637190311485219,0.0732500537865325));
#1638=CARTESIAN_POINT('',(-0.00812898594264992,0.0635838402894442,0.0737500125146855));
#1639=CARTESIAN_POINT('',(-0.00745882942726035,0.0639894159885249,0.0722501394737132));
#1640=CARTESIAN_POINT('',(-0.00745882942726035,0.0639894159885249,0.0722501394737132));
#1641=CARTESIAN_POINT('',(-0.00593087388978989,0.0614144139102362,0.0722509158366744));
#1642=CARTESIAN_POINT('',(-0.00299024916537161,0.0597667287775511,0.0722606056710767));
#1643=CARTESIAN_POINT('',(-4.62087008264969E-15,0.0598013760641342,0.0722688764586397));
#1644=CARTESIAN_POINT('',(1.21332218089906E-15,0.059801376060048,0.0722688788104009));
#1645=CARTESIAN_POINT('',(2.01154398948E-6,0.0590175547131067,0.073749842118203));
#1646=CARTESIAN_POINT('',(1.34194714960976E-6,0.0592786943613174,0.0732561167352174));
#1647=CARTESIAN_POINT('',(6.72350309739509E-7,0.0595398340095281,0.0727623913522317));
#1648=CARTESIAN_POINT('',(2.75346986926489E-9,0.0598009736577387,0.0722686659692461));
#1649=CARTESIAN_POINT('',(-3.46944695195361E-18,0.0600000000000075,0.07375));
#1650=CARTESIAN_POINT('',(-0.00763451089530571,0.0741408055867236,0.07375));
#1651=CARTESIAN_POINT('',(-0.00780891495777856,0.0739047595656543,0.07375));
#1652=CARTESIAN_POINT('',(-0.00797083231380897,0.0736613955314623,0.07375));
#1653=CARTESIAN_POINT('',(-0.00812026296339694,0.0734107134841476,0.07375));
#1654=CARTESIAN_POINT('',(-0.00763759286961603,0.0741430827225016,0.07375));
#1655=CARTESIAN_POINT('',(-0.00812026296339694,0.0734107134841476,0.07375));
#1656=CARTESIAN_POINT('',(0.00167838061476765,0.067478489187294,0.07375));
#1657=CARTESIAN_POINT('',(-0.00831713244150946,0.0730806687515694,0.07375));
#1658=CARTESIAN_POINT('',(-3.46944695195361E-18,0.0685000000000075,0.07375));
#1659=CARTESIAN_POINT('',(-3.46944695195361E-18,0.0600000000000075,0.07375));
#1660=CARTESIAN_POINT('',(-9.43553143106575E-5,0.0779706971320263,0.07375));
#1661=CARTESIAN_POINT('',(1.56211627632953E-6,0.0779710067117298,0.07375));
#1662=CARTESIAN_POINT('',(-0.000190658772777702,0.0779694267910131,0.07375));
#1663=CARTESIAN_POINT('',(-0.000190658772777708,0.0779694267910131,0.07375));
#1664=CARTESIAN_POINT('',(-0.00162668947349242,0.0779546665790646,0.07375));
#1665=CARTESIAN_POINT('',(-0.0045076262594189,0.0772072903402839,0.07375));
#1666=CARTESIAN_POINT('',(-0.00678036219491255,0.0752968474774374,0.07375));
#1667=CARTESIAN_POINT('',(-0.00763451089530571,0.0741408055867236,0.07375));
#1668=CARTESIAN_POINT('',(-3.46944695195361E-18,0.0685000000000075,0.07375));
#1669=CARTESIAN_POINT('',(0.00761221594133253,0.0741776386073998,0.07375));
#1670=CARTESIAN_POINT('',(0.00760932172093075,0.0741754799275071,0.07375));
#1671=CARTESIAN_POINT('',(0.00673693017756083,0.075345126899708,0.07375));
#1672=CARTESIAN_POINT('',(0.0044067249602121,0.0772704534095649,0.07375));
#1673=CARTESIAN_POINT('',(0.0014628989357231,0.0779859546843873,0.07375));
#1674=CARTESIAN_POINT('',(1.56195032280371E-6,0.0779710229532508,0.07375));
#1675=CARTESIAN_POINT('',(-3.46944695195361E-18,0.0600000000000075,0.07375));
#1676=CARTESIAN_POINT('',(-3.46944695195361E-18,0.0685000000000075,0.07375));
#1677=CARTESIAN_POINT('',(0.0083218962130813,0.0639178206115999,0.07375));
#1678=CARTESIAN_POINT('',(9.38941068212393E-5,0.0590181008663937,0.07375));
#1679=CARTESIAN_POINT('',(0.000190339734429719,0.0590193150569306,0.07375));
#1680=CARTESIAN_POINT('',(0.00019033973442972,0.0590193150569306,0.07375));
#1681=CARTESIAN_POINT('',(0.00184752896394404,0.0590466568335117,0.07375));
#1682=CARTESIAN_POINT('',(0.00513631248219466,0.0599938989817667,0.07375));
#1683=CARTESIAN_POINT('',(0.00752595861702366,0.0624648167184312,0.07375));
#1684=CARTESIAN_POINT('',(0.00832191117534208,0.0639178123731213,0.07375));
#1685=CARTESIAN_POINT('',(-3.46944695195361E-18,0.0685000000000075,0.08575));
#1686=CARTESIAN_POINT('',(0.00542857142857143,0.0762961921631663,0.08575));
#1687=CARTESIAN_POINT('',(0.00542857142857143,0.0762961921631663,0.09075));
#1688=CARTESIAN_POINT('',(0.00542857142857143,0.0762961921631663,0.09675));
#1689=CARTESIAN_POINT('',(-3.46944695195361E-18,0.0685000000000075,0.09675));
#1690=CARTESIAN_POINT('',(0.00904761904761905,0.0713966514407509,0.09675));
#1691=CARTESIAN_POINT('',(0.00904761904761905,0.0713966514407509,0.08575));
#1692=CARTESIAN_POINT('',(0.00904761904761905,0.0713966514407509,0.09075));
#1693=CARTESIAN_POINT('',(-3.46944695195361E-18,0.0685000000000075,0.09075));
#1694=CARTESIAN_POINT('',(-3.46944695195361E-18,0.0685000000000075,0.09775));
#1695=CARTESIAN_POINT('',(0.0095,0.0685000000000075,0.09775));
#1696=CARTESIAN_POINT('',(-3.46944695195361E-18,0.0685000000000075,0.08975));
#1697=CARTESIAN_POINT('',(0.0095,0.0685000000000075,0.08975));
#1698=CARTESIAN_POINT('',(-0.00904761904761905,0.071396651440751,0.08575));
#1699=CARTESIAN_POINT('',(-0.00904761904761905,0.071396651440751,0.09075));
#1700=CARTESIAN_POINT('',(-0.00904761904761905,0.071396651440751,0.09675));
#1701=CARTESIAN_POINT('',(-3.46944695195361E-18,0.0685000000000075,0.09675));
#1702=CARTESIAN_POINT('',(-0.00542857142857144,0.0762961921631663,0.09675));
#1703=CARTESIAN_POINT('',(-0.00542857142857144,0.0762961921631663,0.08575));
#1704=CARTESIAN_POINT('',(-0.00542857142857144,0.0762961921631663,0.09075));
#1705=CARTESIAN_POINT('',(-3.46944695195361E-18,0.0685000000000075,0.09075));
#1706=CARTESIAN_POINT('',(-3.46944695195361E-18,0.0685000000000075,0.08575));
#1707=CARTESIAN_POINT('',(-3.46944695195361E-18,0.0685000000000075,0.09675));
#1708=CARTESIAN_POINT('',(0.00657142857142857,0.0779374957764628,0.09675));
#1709=CARTESIAN_POINT('',(0.010952380952381,0.0720064727966969,0.09675));
#1710=CARTESIAN_POINT('',(0.00657142857142857,0.0779374957764628,0.08575));
#1711=CARTESIAN_POINT('',(0.00657142857142858,0.0779374957764628,0.09075));
#1712=CARTESIAN_POINT('',(-3.46944695195361E-18,0.0685000000000075,0.09075));
#1713=CARTESIAN_POINT('',(0.010952380952381,0.0720064727966969,0.09075));
#1714=CARTESIAN_POINT('',(0.010952380952381,0.0720064727966969,0.08575));
#1715=CARTESIAN_POINT('',(-3.46944695195361E-18,0.0685000000000075,0.08775));
#1716=CARTESIAN_POINT('',(0.0115,0.0685000000000075,0.08775));
#1717=CARTESIAN_POINT('',(-3.46944695195361E-18,0.0685000000000075,0.09775));
#1718=CARTESIAN_POINT('',(0.0115,0.0685000000000075,0.09775));
#1719=CARTESIAN_POINT('',(-3.46944695195361E-18,0.0685000000000075,0.09675));
#1720=CARTESIAN_POINT('',(-0.00657142857142858,0.0779374957764628,0.09675));
#1721=CARTESIAN_POINT('',(-0.010952380952381,0.0720064727966969,0.09675));
#1722=CARTESIAN_POINT('',(-0.010952380952381,0.0720064727966969,0.08575));
#1723=CARTESIAN_POINT('',(-0.010952380952381,0.0720064727966969,0.09075));
#1724=CARTESIAN_POINT('',(-3.46944695195361E-18,0.0685000000000075,0.09075));
#1725=CARTESIAN_POINT('',(-0.00657142857142858,0.0779374957764628,0.09075));
#1726=CARTESIAN_POINT('',(-0.00657142857142858,0.0779374957764628,0.08575));
#1727=CARTESIAN_POINT('',(-3.46944695195361E-18,0.0685000000000075,0.09775));
#1728=CARTESIAN_POINT('',(-3.46944695195361E-18,0.0685000000000075,0.08775));
#1729=CARTESIAN_POINT('',(-3.46944695195361E-18,0.0685000000000075,0.08375));
#1730=CARTESIAN_POINT('',(0.0095,0.0685000000000075,0.08375));
#1731=CARTESIAN_POINT('',(-3.46944695195361E-18,0.0685000000000075,0.08575));
#1732=CARTESIAN_POINT('',(-3.46944695195361E-18,0.0685000000000075,0.07375));
#1733=CARTESIAN_POINT('',(-0.00832199960970792,0.0639180089404982,0.07375));
#1734=CARTESIAN_POINT('',(-0.00832198491841756,0.0639180171303723,0.0737499422075134));
#1735=CARTESIAN_POINT('',(-0.00825992946183687,0.0638053094689813,0.073749745194855));
#1736=CARTESIAN_POINT('',(-0.00819561094122362,0.0636939085380862,0.0737498008216576));
#1737=CARTESIAN_POINT('',(-0.00812902936823278,0.0635838143311775,0.0737501093857387));
#1738=CARTESIAN_POINT('',(-3.46944695195361E-18,0.0685000000000075,0.07375));
#1739=CARTESIAN_POINT('',(-3.46944695195361E-18,0.0600000000000075,0.07375));
#1740=CARTESIAN_POINT('',(0.00832191117534212,0.0639178123731214,0.07375));
#1741=CARTESIAN_POINT('',(0.0091230669196303,0.0653682534121077,0.07375));
#1742=CARTESIAN_POINT('',(0.00993724470240225,0.0686961447624476,0.07375));
#1743=CARTESIAN_POINT('',(0.00898270370513974,0.071996732921604,0.07375));
#1744=CARTESIAN_POINT('',(0.00811958877326449,0.073411849056777,0.07375));
#1745=CARTESIAN_POINT('',(0.00811958877326449,0.0734118490567771,0.07375));
#1746=CARTESIAN_POINT('',(0.00811958877326449,0.073411849056777,0.07375));
#1747=CARTESIAN_POINT('',(0.00796362528981712,0.0736739531758078,0.07375));
#1748=CARTESIAN_POINT('',(0.00779353627237254,0.0739284967993845,0.07375));
#1749=CARTESIAN_POINT('',(0.00760932172093075,0.0741754799275071,0.07375));
#1750=CARTESIAN_POINT('',(-3.46944695195361E-18,0.0685000000000075,0.08575));
#1751=CARTESIAN_POINT('',(-3.46944695195361E-18,0.0685000000000075,0.07375));
#1752=CARTESIAN_POINT('',(6.39070679991167E-14,0.0760000080669736,0.07375));
#1753=CARTESIAN_POINT('',(-0.000153131158084473,0.061001543115819,0.07375));
#1754=CARTESIAN_POINT('',(6.48128069338257E-14,0.0760000080669736,0.07375));
#1755=CARTESIAN_POINT('',(0.00198342816422924,0.0760001831329446,0.07375));
#1756=CARTESIAN_POINT('',(0.00591572815792483,0.0743519921753814,0.07375));
#1757=CARTESIAN_POINT('',(0.00832429149045064,0.0684028760791771,0.07375));
#1758=CARTESIAN_POINT('',(0.00578406047895159,0.0625239698760129,0.07375));
#1759=CARTESIAN_POINT('',(0.00182759096382695,0.0609612637992765,0.07375));
#1760=CARTESIAN_POINT('',(-0.000153131200726806,0.0610015410188184,0.07375));
#1761=CARTESIAN_POINT('',(-3.46944695195361E-18,0.0685000000000075,0.08975));
#1762=CARTESIAN_POINT('',(0.0075,0.0685000000000075,0.08975));
#1763=CARTESIAN_POINT('',(-3.46944695195361E-18,0.0600000000000075,0.08975));
#1764=CARTESIAN_POINT('',(-0.008,0.0680000000000075,0.09075));
#1765=CARTESIAN_POINT('',(-0.006,0.0771168439698145,0.09075));
#1766=CARTESIAN_POINT('',(-0.01,0.0717015621187239,0.09075));
#1767=CARTESIAN_POINT('',(-0.008,0.0680000000000075,0.09675));
#1768=CARTESIAN_POINT('',(-0.01,0.0717015621187239,0.09675));
#1769=CARTESIAN_POINT('',(-0.006,0.0771168439698145,0.09675));
#1770=CARTESIAN_POINT('',(0.008,0.0680000000000075,0.09675));
#1771=CARTESIAN_POINT('',(0.006,0.0771168439698145,0.09675));
#1772=CARTESIAN_POINT('',(0.01,0.0717015621187239,0.09675));
#1773=CARTESIAN_POINT('',(0.008,0.0680000000000075,0.09075));
#1774=CARTESIAN_POINT('',(0.01,0.0717015621187239,0.09075));
#1775=CARTESIAN_POINT('',(0.006,0.0771168439698145,0.09075));
#1776=CARTESIAN_POINT('',(-0.01,0.0717015621187239,0.08575));
#1777=CARTESIAN_POINT('',(-0.006,0.0771168439698146,0.08575));
#1778=CARTESIAN_POINT('',(0.006,0.0771168439698146,0.08575));
#1779=CARTESIAN_POINT('',(0.01,0.0717015621187239,0.08575));
#1780=CARTESIAN_POINT('',(0.00973971130383913,0.0120448290408313,0.00550854305095741));
#1781=CARTESIAN_POINT('',(0.0172579436674837,0.0105872641637861,-0.00191422837046495));
#1782=CARTESIAN_POINT('',(0.0174023386018822,0.0104428692293876,-0.00191422837046495));
#1783=CARTESIAN_POINT('',(0.017688721778425,0.0101525347436189,-0.00190938902475526));
#1784=CARTESIAN_POINT('',(0.0182807416695427,0.00958422270785653,-0.00193842509901339));
#1785=CARTESIAN_POINT('',(0.0188773268856607,0.00877588968536682,-0.00167908805913114));
#1786=CARTESIAN_POINT('',(0.0191654580783029,0.00784050364295894,-0.000886366001397307));
#1787=CARTESIAN_POINT('',(0.0189582175369788,0.00718995529266051,0.000164206544354065));
#1788=CARTESIAN_POINT('',(0.0183068132035293,0.00698225492124004,0.00121639062563196));
#1789=CARTESIAN_POINT('',(0.0173723669557505,0.00727108879461307,0.00200710107009234));
#1790=CARTESIAN_POINT('',(0.0165632090490947,0.00786810171387013,0.00226692455540023));
#1791=CARTESIAN_POINT('',(0.0159953853616335,0.00845966682366282,0.00223784737016038));
#1792=CARTESIAN_POINT('',(0.0157051970063381,0.00874589827523626,0.00224269356770036));
#1793=CARTESIAN_POINT('',(0.015560887392636,0.00889020788893835,0.00224269356770036));
#1794=CARTESIAN_POINT('',(0.0172579436674838,0.0105872641637861,-0.00191422837046494));
#1795=CARTESIAN_POINT('',(0.015560887392636,0.00889020788893835,0.00224269356770037));
#1796=CARTESIAN_POINT('',(0.0187157017241821,0.0120450222204844,-0.00548499177780712));
#1797=CARTESIAN_POINT('',(0.0181500162992329,0.0126107076454337,-0.00548499177780712));
#1798=CARTESIAN_POINT('',(0.0166922582425345,0.0111529495887353,-0.00191422837046494));
#1799=CARTESIAN_POINT('',(0.0149952019676868,0.00945589331388759,0.00224269356770036));
#1800=CARTESIAN_POINT('',(0.0114596680617541,0.0163855397695157,-0.00191422837046496));
#1801=CARTESIAN_POINT('',(0.0132038647886809,0.0146413430425889,-0.00191422837046495));
#1802=CARTESIAN_POINT('',(0.0149480615156077,0.0128971463156621,-0.00191422837046496));
#1803=CARTESIAN_POINT('',(0.0166922582425345,0.0111529495887353,-0.00191422837046495));
#1804=CARTESIAN_POINT('',(0.011459668061754,0.0163855397695158,-0.00191422837046495));
#1805=CARTESIAN_POINT('',(0.012894440553442,0.0178203122612036,-0.00542868887208193));
#1806=CARTESIAN_POINT('',(0.00976261178690634,0.0146884834946681,0.00224269356770035));
#1807=CARTESIAN_POINT('',(0.0149952019676868,0.00945589331388758,0.00224269356770036));
#1808=CARTESIAN_POINT('',(0.0132479117051014,0.011203183576473,0.00224269356770036));
#1809=CARTESIAN_POINT('',(0.0115037259128769,0.0129473693686975,0.00224269356770036));
#1810=CARTESIAN_POINT('',(0.00976261178690633,0.014688483494668,0.00224269356770034));
#1811=CARTESIAN_POINT('',(0.0091969263619571,0.0152541689196173,0.00224269356770034));
#1812=CARTESIAN_POINT('',(0.00905381713794342,0.015397278143631,0.00224269356770034));
#1813=CARTESIAN_POINT('',(0.00876955123102258,0.0156850722072451,0.00223837247588486));
#1814=CARTESIAN_POINT('',(0.00833143712400252,0.0161073096091456,0.00225781738905455));
#1815=CARTESIAN_POINT('',(0.00794123451900489,0.0165669745133737,0.0021727437943171));
#1816=CARTESIAN_POINT('',(0.00753418396744888,0.0172146811618349,0.00187800147386331));
#1817=CARTESIAN_POINT('',(0.00728901329473837,0.0179962311463459,0.00122107366261508));
#1818=CARTESIAN_POINT('',(0.00749404353971816,0.0186498707650248,0.000169422150880439));
#1819=CARTESIAN_POINT('',(0.00814796645013173,0.0188593380730725,-0.000888010591189481));
#1820=CARTESIAN_POINT('',(0.00908160804184842,0.0185715070436067,-0.00167896376519685));
#1821=CARTESIAN_POINT('',(0.00989713441590369,0.0179681719583479,-0.00193884395790434));
#1822=CARTESIAN_POINT('',(0.0104610644629565,0.0173801236597169,-0.00190930525297708));
#1823=CARTESIAN_POINT('',(0.0107502808599802,0.0170949269712896,-0.00191422837046496));
#1824=CARTESIAN_POINT('',(0.0108939826368048,0.016951225194465,-0.00191422837046496));
#1825=CARTESIAN_POINT('',(0.0091969263619571,0.0152541689196173,0.00224269356770035));
#1826=CARTESIAN_POINT('',(0.0108939826368048,0.016951225194465,-0.00191422837046495));
#1827=CARTESIAN_POINT('',(0.0123287551284927,0.0183859976861529,-0.00542868887208193));
#1828=CARTESIAN_POINT('',(0.0145002272208562,0.0141935087478375,-0.00295345885500628));
#1829=CARTESIAN_POINT('',(0.0105404292462115,0.0181533067224822,-0.00295345885500628));
#1830=CARTESIAN_POINT('',(0.0184600251955009,0.0102337107731928,-0.00295345885500627));
#1831=CARTESIAN_POINT('',(0.0171872329893651,0.00896091856705701,0.000164232598617708));
#1832=CARTESIAN_POINT('',(0.0197328174016367,0.00641533415478543,0.000164232598617708));
#1833=CARTESIAN_POINT('',(0.0171872329893651,0.00896091856705701,0.000164232598617705));
#1834=CARTESIAN_POINT('',(0.0159144407832293,0.00768812636092122,0.00328192405224169));
#1835=CARTESIAN_POINT('',(0.0119546428085846,0.0116479243355659,0.00328192405224168));
#1836=CARTESIAN_POINT('',(0.00799484483393997,0.0156077223102106,0.00328192405224167));
#1837=CARTESIAN_POINT('',(0.00926763704007576,0.0168805145163464,0.000164232598617688));
#1838=CARTESIAN_POINT('',(0.00672205262780419,0.0194260989286179,0.000164232598617694));
#1839=CARTESIAN_POINT('',(0.00926763704007576,0.0168805145163464,0.000164232598617697));
#1840=CARTESIAN_POINT('',(0.00780390907821949,0.0646294490672483,0.0731051316339183));
#1841=CARTESIAN_POINT('',(0.00797916082436417,0.0646246072020961,0.0565085667840739));
#1842=CARTESIAN_POINT('',(0.0188865824619362,0.0642444379884906,0.0300268236759987));
#1843=CARTESIAN_POINT('',(0.0400019054718364,0.0407310433958124,0.00861922694922464));
#1844=CARTESIAN_POINT('',(0.0309682111748103,0.0123550940702745,-0.000412634435692895));
#1845=CARTESIAN_POINT('',(0.0214186944848323,0.00810121123798113,0.00127421714610914));
#1846=CARTESIAN_POINT('',(0.0198144247019696,0.00649694145511835,-3.56636464839872E-5));
#1847=CARTESIAN_POINT('',(0.00743775742777295,0.0639643212425493,0.0731117953265067));
#1848=CARTESIAN_POINT('',(0.00761893212578929,0.0639637125651241,0.0566867802733649));
#1849=CARTESIAN_POINT('',(0.0188901605467091,0.0638466598769974,0.0304839677864694));
#1850=CARTESIAN_POINT('',(0.0393141363613714,0.0407411575806558,0.0088997154111975));
#1851=CARTESIAN_POINT('',(0.0311228789132288,0.0123503516555417,0.000231966643784489));
#1852=CARTESIAN_POINT('',(0.021314930173771,0.00799744692691978,0.00173374896901638));
#1853=CARTESIAN_POINT('',(0.0196477813133676,0.00633029806651629,0.000372527624599378));
#1854=CARTESIAN_POINT('',(0.00722695538523936,0.0636352810658766,0.0731151706075947));
#1855=CARTESIAN_POINT('',(0.00741101298028639,0.0636367737172107,0.0567770667930297));
#1856=CARTESIAN_POINT('',(0.0188593739498632,0.0636502680502171,0.0307176962215517));
#1857=CARTESIAN_POINT('',(0.0389630602374677,0.0407290789803473,0.00901537041372864));
#1858=CARTESIAN_POINT('',(0.0311479964272688,0.0123874321265309,0.000576820086808422));
#1859=CARTESIAN_POINT('',(0.0212479756659402,0.00796432787628801,0.00195966508144341));
#1860=CARTESIAN_POINT('',(0.0195491819899452,0.00626553420029306,0.000572605853291892));
#1861=CARTESIAN_POINT('',(0.00676139145628652,0.0630068071468691,0.0731214263037969));
#1862=CARTESIAN_POINT('',(0.00695103236529192,0.0630124343307897,0.0569444144786201));
#1863=CARTESIAN_POINT('',(0.0187425895386341,0.0632826009626651,0.0311523527080553));
#1864=CARTESIAN_POINT('',(0.0382676156891582,0.0406689569771786,0.00922594810474521));
#1865=CARTESIAN_POINT('',(0.03110399338619,0.0125393700560108,0.00123711562973063));
#1866=CARTESIAN_POINT('',(0.0210898440393826,0.00792865677977292,0.00239067802673435));
#1867=CARTESIAN_POINT('',(0.0193317561609778,0.00617056890136809,0.000955205285046332));
#1868=CARTESIAN_POINT('',(0.00650663933192701,0.0627073905349488,0.0731243189784293));
#1869=CARTESIAN_POINT('',(0.00669898409630144,0.0627150353915895,0.057021803485708));
#1870=CARTESIAN_POINT('',(0.0186568152677795,0.0631103736723923,0.0313541159801895));
#1871=CARTESIAN_POINT('',(0.0379228201073917,0.040621873835967,0.00932029546409489));
#1872=CARTESIAN_POINT('',(0.0310363866696409,0.0126528179985649,0.00155301381577291));
#1873=CARTESIAN_POINT('',(0.0209986807860553,0.00792613277778718,0.00259588309283415));
#1874=CARTESIAN_POINT('',(0.0192128946653205,0.00614034665705246,0.00113779483098606));
#1875=CARTESIAN_POINT('',(0.00595918368315857,0.0621458780887738,0.0731294854584746));
#1876=CARTESIAN_POINT('',(0.00615691148887542,0.062157244274836,0.0571600299413982));
#1877=CARTESIAN_POINT('',(0.0184458835636148,0.062783379754016,0.031715163314209));
#1878=CARTESIAN_POINT('',(0.0372281974704254,0.0405066980783478,0.00950219263042828));
#1879=CARTESIAN_POINT('',(0.0308388055046708,0.0129333421599052,0.00213616091349579));
#1880=CARTESIAN_POINT('',(0.020794876320447,0.0079474625263412,0.00298568035684291));
#1881=CARTESIAN_POINT('',(0.0189581676686134,0.00611075387450749,0.00148601402246031));
#1882=CARTESIAN_POINT('',(0.0056663413096153,0.0618840467245339,0.0731317604632093));
#1883=CARTESIAN_POINT('',(0.00586676244376085,0.0618971037305952,0.0572208996822318));
#1884=CARTESIAN_POINT('',(0.0183214694859707,0.0626280758707601,0.0318745555293106));
#1885=CARTESIAN_POINT('',(0.0368772847331899,0.0404394452821273,0.00958938385014189));
#1886=CARTESIAN_POINT('',(0.0307102448460222,0.013099241086127,0.0024040459485961));
#1887=CARTESIAN_POINT('',(0.0206824423576848,0.00797104568807572,0.00317058730385778));
#1888=CARTESIAN_POINT('',(0.0188224367974762,0.00611104012786711,0.00165189912344088));
#1889=CARTESIAN_POINT('',(0.0050507044423734,0.0614032528054767,0.07313572931767));
#1890=CARTESIAN_POINT('',(0.005256531645321,0.06141921143042,0.0573271000307994));
#1891=CARTESIAN_POINT('',(0.0180439749081717,0.0623301021023234,0.0321538970360391));
#1892=CARTESIAN_POINT('',(0.036166038249859,0.0402949534132096,0.00975027115380425));
#1893=CARTESIAN_POINT('',(0.0304089419966839,0.013466573967929,0.00290093607812684));
#1894=CARTESIAN_POINT('',(0.0204372334982869,0.00804506429797648,0.00352039070600484));
#1895=CARTESIAN_POINT('',(0.018534319300946,0.00614215010063559,0.00196666777007717));
#1896=CARTESIAN_POINT('',(0.00472790994861604,0.0611842902506008,0.073137422592954));
#1897=CARTESIAN_POINT('',(0.00493644988893423,0.0612014596714241,0.0573724156269174));
#1898=CARTESIAN_POINT('',(0.0178908942209527,0.0621874320300785,0.0322738502533839));
#1899=CARTESIAN_POINT('',(0.0358057047943942,0.040217714631143,0.00982396708231314));
#1900=CARTESIAN_POINT('',(0.0302361993999642,0.0136680075174792,0.00312994087815035));
#1901=CARTESIAN_POINT('',(0.0203044590397124,0.00809550018420411,0.00368528751881263));
#1902=CARTESIAN_POINT('',(0.0183819326755528,0.00617297382004447,0.00211555131573287));
#1903=CARTESIAN_POINT('',(0.00406064582097153,0.060794253043862,0.073140265647492));
#1904=CARTESIAN_POINT('',(0.00427464653965047,0.0608132237988818,0.0574485168006809));
#1905=CARTESIAN_POINT('',(0.0175653023861251,0.0619109796633828,0.0324771219611578));
#1906=CARTESIAN_POINT('',(0.0350733894847072,0.0400625851303365,0.00995187746905387));
#1907=CARTESIAN_POINT('',(0.0298619041736798,0.0140906838631034,0.00355757798864217));
#1908=CARTESIAN_POINT('',(0.0200192778198144,0.00822422605968946,0.00399503218548853));
#1909=CARTESIAN_POINT('',(0.0180605826618215,0.00626553090169656,0.00239576428590764));
#1910=CARTESIAN_POINT('',(0.00371633992201827,0.0606229271136031,0.0731413999928439));
#1911=CARTESIAN_POINT('',(0.00393309355742259,0.0606424758628066,0.0574788919608211));
#1912=CARTESIAN_POINT('',(0.0173932510607772,0.0617761648951136,0.0325596760760704));
#1913=CARTESIAN_POINT('',(0.0346988918974506,0.0399856642620134,0.0100077722295639));
#1914=CARTESIAN_POINT('',(0.029661842106455,0.0143109209541766,0.00375436208173572));
#1915=CARTESIAN_POINT('',(0.0198665859855071,0.00830278557157056,0.00413963127395836));
#1916=CARTESIAN_POINT('',(0.0178914162004211,0.00632761578648465,0.00252691189768397));
#1917=CARTESIAN_POINT('',(0.00301586902597301,0.0603294226870864,0.0731431880127877));
#1918=CARTESIAN_POINT('',(0.00323819918954488,0.0603495231832789,0.0575267960935938));
#1919=CARTESIAN_POINT('',(0.0170417525864605,0.0615177052886516,0.0326928796928083));
#1920=CARTESIAN_POINT('',(0.0339488774925533,0.0398382277747741,0.0100906437914689));
#1921=CARTESIAN_POINT('',(0.029243893523023,0.0147561827250156,0.00412622546772058));
#1922=CARTESIAN_POINT('',(0.0195409806482727,0.00849280233734252,0.00440409183428124));
#1923=CARTESIAN_POINT('',(0.01753568239875,0.00648750408781982,0.0027667726698056));
#1924=CARTESIAN_POINT('',(0.00265972251954727,0.060207242928537,0.0731438418176011));
#1925=CARTESIAN_POINT('',(0.00288485598758961,0.0602273094591005,0.0575443318668084));
#1926=CARTESIAN_POINT('',(0.016861054127225,0.0613935757122799,0.0327439469427659));
#1927=CARTESIAN_POINT('',(0.0335738470986397,0.0397676435553671,0.0101176183183093));
#1928=CARTESIAN_POINT('',(0.0290259118467777,0.0149812770374678,0.00430133596333061));
#1929=CARTESIAN_POINT('',(0.0193679943342745,0.00860428959765192,0.00452398824748334));
#1930=CARTESIAN_POINT('',(0.0173490476005932,0.00658534286397063,0.00287552514235737));
#1931=CARTESIAN_POINT('',(0.00194516349775164,0.0600115061025559,0.0731447630694559));
#1932=CARTESIAN_POINT('',(0.00217585632471633,0.0600308317955359,0.057569094390358));
#1933=CARTESIAN_POINT('',(0.0164944559732332,0.0611516888860093,0.0328224550772268));
#1934=CARTESIAN_POINT('',(0.0328282522406733,0.0396400036301845,0.0101365261501668));
#1935=CARTESIAN_POINT('',(0.0285787421224709,0.0154228900341392,0.00464205708997942));
#1936=CARTESIAN_POINT('',(0.0190033089720825,0.00886619119945309,0.00473048614412519));
#1937=CARTESIAN_POINT('',(0.0169596793385815,0.00682256156595203,0.00306186953568899));
#1938=CARTESIAN_POINT('',(0.00158676806036615,0.0599379428999046,0.0731450280639307));
#1939=CARTESIAN_POINT('',(0.00182021765741865,0.0599565630081017,0.0575762568704874));
#1940=CARTESIAN_POINT('',(0.0163086186222063,0.0610340061239706,0.0328498906585457));
#1941=CARTESIAN_POINT('',(0.0324578392356015,0.0395829517871195,0.0101284266233643));
#1942=CARTESIAN_POINT('',(0.0283496306516203,0.0156393606414965,0.00480758647950227));
#1943=CARTESIAN_POINT('',(0.0188115092737921,0.00901666408957752,0.00481710350410552));
#1944=CARTESIAN_POINT('',(0.016756856151501,0.00696201096728634,0.00313948625476229));
#1945=CARTESIAN_POINT('',(0.000876828152876169,0.0598367333417899,0.0731452777468717));
#1946=CARTESIAN_POINT('',(0.00111564206277228,0.0598532558237358,0.0575831256423522));
#1947=CARTESIAN_POINT('',(0.0159344706023173,0.0608014929833774,0.0328904254628712));
#1948=CARTESIAN_POINT('',(0.0317293299372539,0.0394896774393245,0.0100687063009951));
#1949=CARTESIAN_POINT('',(0.0278839171397487,0.0160498827605999,0.00514428363462714));
#1950=CARTESIAN_POINT('',(0.0184146876007928,0.00936256296295962,0.00494302781391194));
#1951=CARTESIAN_POINT('',(0.0163405742402034,0.0072884496023702,0.00324952134653416));
#1952=CARTESIAN_POINT('',(0.000525297499114704,0.0598090766940272,0.0731452624438431));
#1953=CARTESIAN_POINT('',(0.00076671855412843,0.0598242079031557,0.0575828323776999));
#1954=CARTESIAN_POINT('',(0.0157461489329085,0.0606867002881422,0.0329035518332456));
#1955=CARTESIAN_POINT('',(0.0313712705021628,0.0394534011392177,0.0100170554904377));
#1956=CARTESIAN_POINT('',(0.0276471803221764,0.0162440198249119,0.00531551384412364));
#1957=CARTESIAN_POINT('',(0.0182095552980195,0.00955811206632605,0.00498231909674698));
#1958=CARTESIAN_POINT('',(0.016127005187922,0.00747556195622851,0.00328192405224169));
#1959=CARTESIAN_POINT('',(-0.000237312739855574,0.0597935229385275,0.073145041545344));
#1960=CARTESIAN_POINT('',(9.58504728982353E-6,0.0598048324488437,0.0575772604660064));
#1961=CARTESIAN_POINT('',(0.0153264126124537,0.0604317546348949,0.032929394172395));
#1962=CARTESIAN_POINT('',(0.0306028028688585,0.0394033198003013,0.00984264314773555));
#1963=CARTESIAN_POINT('',(0.0271127418059597,0.016635416832453,0.00572260009855498));
#1964=CARTESIAN_POINT('',(0.0177542395981058,0.0100452071874996,0.00499529299114823));
#1965=CARTESIAN_POINT('',(0.0156557997773784,0.00794676736677213,0.00328192405224169));
#1966=CARTESIAN_POINT('',(-0.000640626727198769,0.059815338631728,0.0731446286433432));
#1967=CARTESIAN_POINT('',(-0.000390728303970151,0.0598241069383818,0.0575663802926366));
#1968=CARTESIAN_POINT('',(0.0151108909119241,0.0602943590121478,0.0329208928464698));
#1969=CARTESIAN_POINT('',(0.0301775279080909,0.0393934588353982,0.00974101856103395));
#1970=CARTESIAN_POINT('',(0.0268477167962125,0.0168266212264238,0.00591607215983994));
#1971=CARTESIAN_POINT('',(0.0174767275003652,0.0103371393237384,0.00500117994721355));
#1972=CARTESIAN_POINT('',(0.0153710776603886,0.0082314894837619,0.00328192405224169));
#1973=CARTESIAN_POINT('',(-0.00141754291871387,0.0599082383397565,0.0731433298858393));
#1974=CARTESIAN_POINT('',(-0.00116161352914931,0.0599112948830025,0.057531959426998));
#1975=CARTESIAN_POINT('',(0.0147113427084137,0.0600293543277087,0.0328700014051788));
#1976=CARTESIAN_POINT('',(0.0293345869515752,0.0394001592051844,0.00952646354882256));
#1977=CARTESIAN_POINT('',(0.0263644382386277,0.0171696542456641,0.00625473142170367));
#1978=CARTESIAN_POINT('',(0.0168798986936878,0.010957778417624,0.00501090045626171));
#1979=CARTESIAN_POINT('',(0.0147623437101071,0.00884022343404339,0.00328192405224169));
#1980=CARTESIAN_POINT('',(-0.00179120311021001,0.0599793316171706,0.0731424440457244));
#1981=CARTESIAN_POINT('',(-0.00153227505634738,0.0599792183240955,0.0575084195386934));
#1982=CARTESIAN_POINT('',(0.0145252817926442,0.0599017977799511,0.0328276607392084));
#1983=CARTESIAN_POINT('',(0.0289186599209423,0.0394161337867643,0.00941355120055293));
#1984=CARTESIAN_POINT('',(0.0261454155222469,0.0173220306769628,0.00640011231824394));
#1985=CARTESIAN_POINT('',(0.0165605819847509,0.0112864853752706,0.00501473400924454));
#1986=CARTESIAN_POINT('',(0.0144383318768154,0.00916423526733512,0.00328192405224169));
#1987=CARTESIAN_POINT('',(-0.00287219184309908,0.0602557738366428,0.0731392394358824));
#1988=CARTESIAN_POINT('',(-0.00260444760117793,0.06024541007898,0.0574231173086223));
#1989=CARTESIAN_POINT('',(0.0139957587325337,0.0595357692014723,0.0326568131775318));
#1990=CARTESIAN_POINT('',(0.0276890605596349,0.0394890770285335,0.00905977155592431));
#1991=CARTESIAN_POINT('',(0.0255342317488543,0.017741656281381,0.00677618813323742));
#1992=CARTESIAN_POINT('',(0.0155599965178735,0.0123092225391222,0.00502377740166512));
#1993=CARTESIAN_POINT('',(0.0134266705614509,0.0101758965826996,0.00328192405224168));
#1994=CARTESIAN_POINT('',(-0.00353998709870087,0.0605226211204313,0.0731363351297006));
#1995=CARTESIAN_POINT('',(-0.00326660749433607,0.0605044543921085,0.05734568140427));
#1996=CARTESIAN_POINT('',(0.0136803544559737,0.0593134434548178,0.0324864351136666));
#1997=CARTESIAN_POINT('',(0.0268943590389523,0.039570541008283,0.00880441247265488));
#1998=CARTESIAN_POINT('',(0.0251872690425421,0.0179716743386778,0.00694856624675514));
#1999=CARTESIAN_POINT('',(0.0148361736431704,0.0130399502595433,0.00502659629312538));
#2000=CARTESIAN_POINT('',(0.0126993952638888,0.0109031718802617,0.00328192405224168));
#2001=CARTESIAN_POINT('',(-0.00479582216906391,0.0612089651292306,0.0731290309454594));
#2002=CARTESIAN_POINT('',(-0.00451245957443931,0.0611741264525729,0.0571507362867859));
#2003=CARTESIAN_POINT('',(0.0130486988418538,0.0589541163489044,0.0320337670783419));
#2004=CARTESIAN_POINT('',(0.0253910087991463,0.0397158765660277,0.00824294050849163));
#2005=CARTESIAN_POINT('',(0.0244744135839386,0.0184663308758733,0.0071602279647385));
#2006=CARTESIAN_POINT('',(0.0133784831445563,0.0144967385381751,0.00502622796335997));
#2007=CARTESIAN_POINT('',(0.0112421558752659,0.0123604112688847,0.00328192405224168));
#2008=CARTESIAN_POINT('',(-0.00538497210257841,0.0616290582151837,0.0731246085618488));
#2009=CARTESIAN_POINT('',(-0.0050971273533594,0.0615852587040903,0.057032630049452));
#2010=CARTESIAN_POINT('',(0.0127397191590097,0.0588119880400918,0.0317505319658884));
#2011=CARTESIAN_POINT('',(0.0246693265172354,0.0397884513644448,0.00793568403729417));
#2012=CARTESIAN_POINT('',(0.0241213111587442,0.0187202300251909,0.00719857646530452));
#2013=CARTESIAN_POINT('',(0.01264478013303,0.0152229637087706,0.00502317514758359));
#2014=CARTESIAN_POINT('',(0.010512191784205,0.0130903753599455,0.00328192405224168));
#2015=CARTESIAN_POINT('',(-0.00648466785248996,0.0626566111160665,0.0731140061744089));
#2016=CARTESIAN_POINT('',(-0.00618978833651425,0.0625943602894169,0.0567493342038973));
#2017=CARTESIAN_POINT('',(0.0120798726690598,0.058680965112518,0.0310539067257624));
#2018=CARTESIAN_POINT('',(0.0233967916830842,0.0398371410415897,0.00724297674014599));
#2019=CARTESIAN_POINT('',(0.0232823370139161,0.0193802442315679,0.00712376844185304));
#2020=CARTESIAN_POINT('',(0.0112672064258612,0.0165646638572307,0.00500852982856793));
#2021=CARTESIAN_POINT('',(0.00915255485639051,0.01445001228776,0.00328192405224168));
#2022=CARTESIAN_POINT('',(-0.00699643487620252,0.0632650993787577,0.073107787837213));
#2023=CARTESIAN_POINT('',(-0.00669904665396391,0.0631933259027589,0.0565831199092675));
#2024=CARTESIAN_POINT('',(0.0117250189817444,0.0586910796902129,0.0306379528965641));
#2025=CARTESIAN_POINT('',(0.0228398257933912,0.0398127595819415,0.0068578818652041));
#2026=CARTESIAN_POINT('',(0.0227937065046957,0.0197892721644967,0.00701138276502306));
#2027=CARTESIAN_POINT('',(0.010623259551629,0.0171800626565058,0.00499687512577063));
#2028=CARTESIAN_POINT('',(0.00852288201963691,0.0150796851245137,0.00328192405224167));
#2029=CARTESIAN_POINT('',(-0.00778768891051246,0.0645732617966288,0.0730944973692037));
#2030=CARTESIAN_POINT('',(-0.00748877131539081,0.0644847046625967,0.056227722047619));
#2031=CARTESIAN_POINT('',(0.0110296577426605,0.0589432864867132,0.0297307403206257));
#2032=CARTESIAN_POINT('',(0.0220894222470342,0.0396193581522829,0.00603336011392865));
#2033=CARTESIAN_POINT('',(0.0217106459670057,0.0207607106897893,0.00660606275962828));
#2034=CARTESIAN_POINT('',(0.00963787858344274,0.018083695449999,0.00496350157320368));
#2035=CARTESIAN_POINT('',(0.00757837513879714,0.0160241920053534,0.00328192405224167));
#2036=CARTESIAN_POINT('',(-0.00809248448327945,0.0652320555313244,0.0730882919853903));
#2037=CARTESIAN_POINT('',(-0.00779402514171461,0.0651356019879965,0.056061902579418));
#2038=CARTESIAN_POINT('',(0.0106964088143006,0.0591051496108315,0.0293213696900468));
#2039=CARTESIAN_POINT('',(0.0218539719178172,0.0395359386704801,0.0055313763427477));
#2040=CARTESIAN_POINT('',(0.0211419892666411,0.0212000208956514,0.00647004435830073));
#2041=CARTESIAN_POINT('',(0.00929113279379547,0.0184834846285668,0.00482138835519656));
#2042=CARTESIAN_POINT('',(0.00725525118703245,0.0164476030218038,0.0031590979841009));
#2043=CARTESIAN_POINT('',(-0.0085312430569086,0.0666622387879561,0.0730757011879759));
#2044=CARTESIAN_POINT('',(-0.00823598164773666,0.0665503622804828,0.0557254961098502));
#2045=CARTESIAN_POINT('',(0.0100583157637017,0.0595641812616066,0.0284956921530423));
#2046=CARTESIAN_POINT('',(0.0216737423244115,0.0393512976106263,0.00434605410861939));
#2047=CARTESIAN_POINT('',(0.0199420635370933,0.0220778925803429,0.00614124925917988));
#2048=CARTESIAN_POINT('',(0.00875245899806818,0.0192092214438096,0.00439983503786956));
#2049=CARTESIAN_POINT('',(0.00677550257484045,0.0172322650205819,0.002785656877661));
#2050=CARTESIAN_POINT('',(-0.00866446108888258,0.06743302761283,0.0730693629904137));
#2051=CARTESIAN_POINT('',(-0.00837195565453313,0.0673136319271281,0.0555561665772338));
#2052=CARTESIAN_POINT('',(0.00975318599889347,0.0598612228127733,0.0280819469609334));
#2053=CARTESIAN_POINT('',(0.0217266918019107,0.0392529424973048,0.00365273694926605));
#2054=CARTESIAN_POINT('',(0.019311671649303,0.0225147524982262,0.00595113412485699));
#2055=CARTESIAN_POINT('',(0.00855878022190405,0.0195374851277802,0.0041203314333635));
#2056=CARTESIAN_POINT('',(0.00661693460978744,0.0175956395156637,0.00253482113038078));
#2057=CARTESIAN_POINT('',(-0.00870254307335431,0.0686087065429304,0.0730599083506671));
#2058=CARTESIAN_POINT('',(-0.00841610161154089,0.0684793070279351,0.0553035368036549));
#2059=CARTESIAN_POINT('',(0.00933685120552007,0.0604059811837622,0.0274594938059528));
#2060=CARTESIAN_POINT('',(0.0220995910032101,0.0390891337836818,0.00258857518841383));
#2061=CARTESIAN_POINT('',(0.0184049356953871,0.0231236127522108,0.00554002463115955));
#2062=CARTESIAN_POINT('',(0.0083560964229269,0.0199648340770868,0.00363992834838342));
#2063=CARTESIAN_POINT('',(0.00647709418306927,0.0180858318372292,0.00210572944398413));
#2064=CARTESIAN_POINT('',(-0.00868866418823754,0.0690036379497538,0.0730567767782321));
#2065=CARTESIAN_POINT('',(-0.00840455398520874,0.0688711141783247,0.0552198419691829));
#2066=CARTESIAN_POINT('',(0.00920531468710458,0.0606037600264453,0.0272510148255054));
#2067=CARTESIAN_POINT('',(0.0222719588013744,0.0390329653346539,0.00222960289017695));
#2068=CARTESIAN_POINT('',(0.0181107621770749,0.0233169179871254,0.00538346204345522));
#2069=CARTESIAN_POINT('',(0.00830334790457536,0.0200967898773378,0.00346922282267296));
#2070=CARTESIAN_POINT('',(0.00644691061328845,0.0182403525860509,0.00195344812163047));
#2071=CARTESIAN_POINT('',(-0.00860737477426962,0.0697876153498117,0.073050463240402));
#2072=CARTESIAN_POINT('',(-0.00832846110257326,0.0696492589682163,0.0550511017433219));
#2073=CARTESIAN_POINT('',(0.00896247180727177,0.0610194848152554,0.0268303382317404));
#2074=CARTESIAN_POINT('',(0.022708965290457,0.0389185873566526,0.00154858910501776));
#2075=CARTESIAN_POINT('',(0.0175562717567991,0.0236723549619843,0.00501864149974256));
#2076=CARTESIAN_POINT('',(0.00822521893410449,0.0203389250724705,0.00310954352381129));
#2077=CARTESIAN_POINT('',(0.00641740815272604,0.0185311142910921,0.00163347220185151));
#2078=CARTESIAN_POINT('',(-0.00853996833652772,0.0701766283749889,0.073047280805216));
#2079=CARTESIAN_POINT('',(-0.00826392826469728,0.0700355667654963,0.0549660318836839));
#2080=CARTESIAN_POINT('',(0.00885064088507497,0.0612375898173708,0.0266166497174727));
#2081=CARTESIAN_POINT('',(0.0229738618344653,0.0388592699675548,0.00123007760550135));
#2082=CARTESIAN_POINT('',(0.0172950344256484,0.0238355461995615,0.00480915416709541));
#2083=CARTESIAN_POINT('',(0.00819974664175693,0.0204490503022886,0.00292046374881106));
#2084=CARTESIAN_POINT('',(0.00641808463000591,0.0186673882905375,0.00146574280784753));
#2085=CARTESIAN_POINT('',(-0.00835474638244299,0.0709371439853291,0.0730407723655906));
#2086=CARTESIAN_POINT('',(-0.00808474137479128,0.0707910579579216,0.0547920127363107));
#2087=CARTESIAN_POINT('',(0.00865940368149413,0.0616805387766417,0.0261747103208361));
#2088=CARTESIAN_POINT('',(0.0235653128390768,0.0387464378339314,0.000671215344124602));
#2089=CARTESIAN_POINT('',(0.0168275449336389,0.0241165851581965,0.00432634777538419));
#2090=CARTESIAN_POINT('',(0.00817583664831916,0.0206462838984811,0.00252541835391655));
#2091=CARTESIAN_POINT('',(0.00645013574087606,0.018920582991038,0.00111638946328539));
#2092=CARTESIAN_POINT('',(-0.00823694494465707,0.0713086168692824,0.0730374175325696));
#2093=CARTESIAN_POINT('',(-0.00797009242878591,0.0711602058774787,0.0547023067814407));
#2094=CARTESIAN_POINT('',(0.00858054199059677,0.0619049928558832,0.0259462517231745));
#2095=CARTESIAN_POINT('',(0.0238909499276324,0.0386932882638255,0.000431879641332745));
#2096=CARTESIAN_POINT('',(0.0166220621386713,0.0242339633826906,0.00405196415156643));
#2097=CARTESIAN_POINT('',(0.00817735558269205,0.0207333716493897,0.00231937462851998));
#2098=CARTESIAN_POINT('',(0.00648151491725886,0.0190375309839565,0.000934726523395584));
#2099=CARTESIAN_POINT('',(-0.00795730200535823,0.0720237822810077,0.0730306538344267));
#2100=CARTESIAN_POINT('',(-0.00769666502631736,0.0718709371015687,0.0545214277919227));
#2101=CARTESIAN_POINT('',(0.00847236800121503,0.0623398140432987,0.0254831013927323));
#2102=CARTESIAN_POINT('',(0.0245597394375794,0.038613505539586,3.38693702026901E-5));
#2103=CARTESIAN_POINT('',(0.0162943787127901,0.0243978141432755,0.00345649823131927));
#2104=CARTESIAN_POINT('',(0.00821074866160409,0.0208835608641333,0.00189284532204957));
#2105=CARTESIAN_POINT('',(0.0065766620311995,0.0192494742337287,0.000558619175384515));
#2106=CARTESIAN_POINT('',(-0.0077954827631141,0.0723674521574891,0.0730272376834405));
#2107=CARTESIAN_POINT('',(-0.00753789770486372,0.0722124872889635,0.0544300638643096));
#2108=CARTESIAN_POINT('',(0.00844372567972724,0.0625495065507269,0.0252483988447254));
#2109=CARTESIAN_POINT('',(0.0249016303768398,0.0385878157658519,-0.000124639648341902));
#2110=CARTESIAN_POINT('',(0.016173655134067,0.0244430700161265,0.00313495745013947));
#2111=CARTESIAN_POINT('',(0.00824263556607467,0.0209466818668884,0.00167231169553484));
#2112=CARTESIAN_POINT('',(0.00664044532747128,0.019344491628285,0.000364128843719392));
#2113=CARTESIAN_POINT('',(-0.00742933103567808,0.0730325800591775,0.0730205603545011));
#2114=CARTESIAN_POINT('',(-0.00717766499273928,0.072873385939485,0.0542514956868693));
#2115=CARTESIAN_POINT('',(0.00844039283150249,0.0629475298987682,0.0247915522396068));
#2116=CARTESIAN_POINT('',(0.0255890184777495,0.0385773205714531,-0.000405448570072921));
#2117=CARTESIAN_POINT('',(0.0160195196911098,0.0244483447263204,0.00249079187327758));
#2118=CARTESIAN_POINT('',(0.00834582558927259,0.0210498718900863,0.00121231096855064));
#2119=CARTESIAN_POINT('',(0.00680708871607333,0.019511135016887,-4.40624273639732E-5));
#2120=CARTESIAN_POINT('',(-0.00721852894643114,0.0733616202825635,0.0730171731327428));
#2121=CARTESIAN_POINT('',(-0.00696974341201649,0.0732003272226183,0.0541608981450332));
#2122=CARTESIAN_POINT('',(0.00847132822554376,0.0631440705227439,0.0245580303518567));
#2123=CARTESIAN_POINT('',(0.0259398634242299,0.0385891679943384,-0.000521300518624313));
#2124=CARTESIAN_POINT('',(0.015994725147167,0.0244115872254286,0.00214620290825943));
#2125=CARTESIAN_POINT('',(0.0084124316481298,0.0210826424917445,0.000986110348728034));
#2126=CARTESIAN_POINT('',(0.00690568803949561,0.0195758988831103,-0.000244140656056486));
#2127=CARTESIAN_POINT('',(-0.00675296494199363,0.0739900942770558,0.0730108840874229));
#2128=CARTESIAN_POINT('',(-0.00650975886192048,0.0738246705441408,0.0539926806378854));
#2129=CARTESIAN_POINT('',(0.00858835307997691,0.0635119780534998,0.0241238074177098));
#2130=CARTESIAN_POINT('',(0.0266349344101202,0.038648916435088,-0.000732206066490194));
#2131=CARTESIAN_POINT('',(0.016039250079567,0.0242601711872697,0.00148633564669309));
#2132=CARTESIAN_POINT('',(0.00857000021173912,0.0211177505253113,0.000554637664465017));
#2133=CARTESIAN_POINT('',(0.00712311386846304,0.0196708641820353,-0.000626740087810926));
#2134=CARTESIAN_POINT('',(-0.00649821278873044,0.0742895109178797,0.0730079702600279));
#2135=CARTESIAN_POINT('',(-0.00625770908614787,0.0741220709901231,0.0539147395153563));
#2136=CARTESIAN_POINT('',(0.00867421941847518,0.0636842974114163,0.0239222696801545));
#2137=CARTESIAN_POINT('',(0.0269795869518208,0.0386958565362338,-0.000826684696782316));
#2138=CARTESIAN_POINT('',(0.016107056632516,0.0241469230811156,0.00117060199472466));
#2139=CARTESIAN_POINT('',(0.00866094786371818,0.0211200589259487,0.000349256560601453));
#2140=CARTESIAN_POINT('',(0.00724197536412034,0.0197010864263509,-0.000809329633750659));
#2141=CARTESIAN_POINT('',(-0.00595075711317756,0.0748510233908392,0.073002757418721));
#2142=CARTESIAN_POINT('',(-0.00571563508241856,0.0746798635031799,0.053775302192374));
#2143=CARTESIAN_POINT('',(0.00888523643978706,0.0640113766469399,0.0235616213483102));
#2144=CARTESIAN_POINT('',(0.0276740770365695,0.0388108997416351,-0.00100872180575102));
#2145=CARTESIAN_POINT('',(0.0163048229816708,0.0238665841039599,0.000587609096358183));
#2146=CARTESIAN_POINT('',(0.00886455253609597,0.0210985293841643,-4.07038338968126E-5));
#2147=CARTESIAN_POINT('',(0.00749670236082751,0.0197306792088958,-0.0011575488252249));
#2148=CARTESIAN_POINT('',(-0.00565791474124589,0.0751128547534675,0.0730004573983104));
#2149=CARTESIAN_POINT('',(-0.00542548612131911,0.0749400039634055,0.053713778749));
#2150=CARTESIAN_POINT('',(0.00900964538392459,0.0641666753966892,0.0234024025548848));
#2151=CARTESIAN_POINT('',(0.0280249977494312,0.038878160513482,-0.00109592361681988));
#2152=CARTESIAN_POINT('',(0.0164333724978437,0.0237006740352625,0.000319716579798128));
#2153=CARTESIAN_POINT('',(0.0089769985203556,0.0210749582439273,-0.000225600965400143));
#2154=CARTESIAN_POINT('',(0.00763243323196462,0.0197303929555363,-0.00132343392620548));
#2155=CARTESIAN_POINT('',(-0.00504227790739497,0.0755936486391337,0.0729964386865505));
#2156=CARTESIAN_POINT('',(-0.0048152570635884,0.0754178945228716,0.0536062749029614));
#2157=CARTESIAN_POINT('',(0.00928703360063595,0.0644645428040383,0.0231233280202758));
#2158=CARTESIAN_POINT('',(0.0287364094797084,0.039022817629346,-0.00125671006791984));
#2159=CARTESIAN_POINT('',(0.0167344444863066,0.023333110292585,-0.000177358827019344));
#2160=CARTESIAN_POINT('',(0.00922245645307576,0.0210011887073486,-0.000575201000031245));
#2161=CARTESIAN_POINT('',(0.00792055072849488,0.0196992829827678,-0.00163820257284176));
#2162=CARTESIAN_POINT('',(-0.00471948344558304,0.0758126111620642,0.0729947205287327));
#2163=CARTESIAN_POINT('',(-0.00449517697255313,0.0756356446165159,0.0535603084393769));
#2164=CARTESIAN_POINT('',(0.00944001253128096,0.0646071111197091,0.0230034682109749));
#2165=CARTESIAN_POINT('',(0.0290969010283585,0.0391002145045978,-0.00133029390934074));
#2166=CARTESIAN_POINT('',(0.0169069662164267,0.0231314558764352,-0.000406542357736309));
#2167=CARTESIAN_POINT('',(0.00935546920225533,0.0209509911117262,-0.00073990324937466));
#2168=CARTESIAN_POINT('',(0.00807293735388804,0.0196684592633589,-0.00178708611849748));
#2169=CARTESIAN_POINT('',(-0.00405221940608397,0.0762026482806575,0.072991831866991));
#2170=CARTESIAN_POINT('',(-0.00383337821839149,0.0760238758939363,0.0534830136622054));
#2171=CARTESIAN_POINT('',(0.00976532359422161,0.0648832827145178,0.0228002905744779));
#2172=CARTESIAN_POINT('',(0.0298296525567599,0.0392557802241189,-0.00145787925945001));
#2173=CARTESIAN_POINT('',(0.0172806520164155,0.0227081701045155,-0.000834674120399913));
#2174=CARTESIAN_POINT('',(0.00964130792564666,0.020822922739734,-0.0010491110666964));
#2175=CARTESIAN_POINT('',(0.00839428736761942,0.0195759021817068,-0.00206729908867223));
#2176=CARTESIAN_POINT('',(-0.00370791356266275,0.0763739741553844,0.0729906765882777));
#2177=CARTESIAN_POINT('',(-0.00349182813111215,0.0761946209350629,0.0534520903271208));
#2178=CARTESIAN_POINT('',(0.00993719803195972,0.0650179205951772,0.0227177403457369));
#2179=CARTESIAN_POINT('',(0.0302044249638592,0.0393329759122846,-0.00151356391256312));
#2180=CARTESIAN_POINT('',(0.0174803301422067,0.0224875490720086,-0.00103177035065634));
#2181=CARTESIAN_POINT('',(0.00979441399024829,0.0207447774581473,-0.00119337193754719));
#2182=CARTESIAN_POINT('',(0.00856345382901972,0.0195138172969187,-0.00219844670044856));
#2183=CARTESIAN_POINT('',(-0.00300744278565901,0.0766674784628595,0.0729888515186166));
#2184=CARTESIAN_POINT('',(-0.0027969399690046,0.0764875674088205,0.0534032155451325));
#2185=CARTESIAN_POINT('',(0.0102883173203155,0.0652760010156785,0.0225844895044122));
#2186=CARTESIAN_POINT('',(0.0309550284876111,0.0394810015183784,-0.0015959797270138));
#2187=CARTESIAN_POINT('',(0.0178974556877699,0.0220414642633009,-0.00140430335651475));
#2188=CARTESIAN_POINT('',(0.010120907294211,0.0205556486591036,-0.00145710747607243));
#2189=CARTESIAN_POINT('',(0.00891918763069089,0.0193539289955836,-0.0024383074725702));
#2190=CARTESIAN_POINT('',(-0.00265129634195466,0.0767896581586876,0.0729881815980908));
#2191=CARTESIAN_POINT('',(-0.00244360003678585,0.0766097778632623,0.0533852573311925));
#2192=CARTESIAN_POINT('',(0.0104688159915869,0.065399930804086,0.0225333731934186));
#2193=CARTESIAN_POINT('',(0.0313303692802965,0.0395518961365573,-0.00162271179832943));
#2194=CARTESIAN_POINT('',(0.0181150037164725,0.021815936303306,-0.00157976688583336));
#2195=CARTESIAN_POINT('',(0.0102943614658914,0.0204446292564765,-0.00157662188507659));
#2196=CARTESIAN_POINT('',(0.00910582242884765,0.0192560902194327,-0.00254705994512197));
#2197=CARTESIAN_POINT('',(-0.00193673743709176,0.076985394867736,0.0729872340096037));
#2198=CARTESIAN_POINT('',(-0.00173460646974876,0.0768062494309907,0.0533598041398352));
#2199=CARTESIAN_POINT('',(0.0108350416768202,0.0656414451615981,0.0224547472634658));
#2200=CARTESIAN_POINT('',(0.0320765428209967,0.0396801147444737,-0.00164116507995571));
#2201=CARTESIAN_POINT('',(0.0185613649828591,0.0213735148487143,-0.00192114642000539));
#2202=CARTESIAN_POINT('',(0.0106599190646616,0.0201835998912535,-0.0017824076035346));
#2203=CARTESIAN_POINT('',(0.00949519069085939,0.0190188715174513,-0.0027334043384536));
#2204=CARTESIAN_POINT('',(-0.00157834205235416,0.0770589580177393,0.0729869590781328));
#2205=CARTESIAN_POINT('',(-0.00137897054704599,0.07688051547383,0.0533523808848455));
#2206=CARTESIAN_POINT('',(0.0110207113271686,0.0657589602229582,0.0224272450070159));
#2207=CARTESIAN_POINT('',(0.032447216372718,0.0397374271341882,-0.00163285958267751));
#2208=CARTESIAN_POINT('',(0.0187901124528676,0.021156680240515,-0.00208697237565769));
#2209=CARTESIAN_POINT('',(0.0108521114795559,0.020033519717733,-0.00186870431175052));
#2210=CARTESIAN_POINT('',(0.00969801387793987,0.018879422116117,-0.0028110210575269));
#2211=CARTESIAN_POINT('',(-0.000868402227513681,0.0771601674932045,0.0729866966247774));
#2212=CARTESIAN_POINT('',(-0.000674399261012027,0.0769838183495835,0.05334517666299));
#2213=CARTESIAN_POINT('',(0.0113945960815333,0.0659912100980271,0.0223865854437959));
#2214=CARTESIAN_POINT('',(0.0331761346911775,0.0398311105020951,-0.00157281398234275));
#2215=CARTESIAN_POINT('',(0.0192552545366842,0.0207455866933566,-0.00242413527902023));
#2216=CARTESIAN_POINT('',(0.0112495496601544,0.01968823735195,-0.00199412524521019));
#2217=CARTESIAN_POINT('',(0.0101142957892375,0.0185529834810331,-0.00292105614929875));
#2218=CARTESIAN_POINT('',(-0.000516871602910639,0.0771878241118088,0.072986709095076));
#2219=CARTESIAN_POINT('',(-0.000325477272429854,0.077012864750102,0.0533453952884019));
#2220=CARTESIAN_POINT('',(0.0115828248718902,0.0661059099142106,0.0223734031825996));
#2221=CARTESIAN_POINT('',(0.0335343384269714,0.0398675311029046,-0.00152104727133954));
#2222=CARTESIAN_POINT('',(0.019491789756664,0.0205512480314519,-0.00259552991075982));
#2223=CARTESIAN_POINT('',(0.0114548994644077,0.0194929057500638,-0.00203323893883033));
#2224=CARTESIAN_POINT('',(0.0103278648415188,0.0183658711271748,-0.00295345885500628));
#2225=CARTESIAN_POINT('',(0.000245738569664753,0.0772033778009137,0.0729869322660709));
#2226=CARTESIAN_POINT('',(0.000431652773167936,0.0770322367431731,0.0533510251716673));
#2227=CARTESIAN_POINT('',(0.0120023497030548,0.0663606440781676,0.0223473716425058));
#2228=CARTESIAN_POINT('',(0.0343031346387074,0.039917941020253,-0.00134636505459851));
#2229=CARTESIAN_POINT('',(0.0200257692271546,0.0201593919781849,-0.00300299112479999));
#2230=CARTESIAN_POINT('',(0.0119107104238313,0.0190063058884001,-0.00204580845553512));
#2231=CARTESIAN_POINT('',(0.0107990702520625,0.0178946657166312,-0.00295345885500628));
#2232=CARTESIAN_POINT('',(0.000649052548184195,0.0771815620988895,0.07298734970684));
#2233=CARTESIAN_POINT('',(0.000831965664434363,0.0770129617936415,0.0533620237573081));
#2234=CARTESIAN_POINT('',(0.0122178432969835,0.0664980115943137,0.0223558177410429));
#2235=CARTESIAN_POINT('',(0.0347284532670427,0.0399278456527236,-0.00124470170519415));
#2236=CARTESIAN_POINT('',(0.0202907332304318,0.019968126577744,-0.00319651329140276));
#2237=CARTESIAN_POINT('',(0.0121882883407981,0.0187144395713873,-0.00205164167042734));
#2238=CARTESIAN_POINT('',(0.0110837923690522,0.0176099435996415,-0.00295345885500628));
#2239=CARTESIAN_POINT('',(0.0014259687703927,0.0770886624215543,0.0729886610135442));
#2240=CARTESIAN_POINT('',(0.00160285248969529,0.0769257754491025,0.0533967731895295));
#2241=CARTESIAN_POINT('',(0.0126174892689464,0.0667631140472054,0.0224067000829396));
#2242=CARTESIAN_POINT('',(0.0355712423264824,0.0399209933858613,-0.00103026215311688));
#2243=CARTESIAN_POINT('',(0.0207742239982436,0.0196253057687307,-0.00353500009360431));
#2244=CARTESIAN_POINT('',(0.0127848881961379,0.0180935715261641,-0.00206154911745984));
#2245=CARTESIAN_POINT('',(0.0116925263193337,0.01700120964936,-0.00295345885500628));
#2246=CARTESIAN_POINT('',(0.00179962899768127,0.0770175691799326,0.0729895548610499));
#2247=CARTESIAN_POINT('',(0.00197351588279405,0.0768578538739101,0.053420523073603));
#2248=CARTESIAN_POINT('',(0.0128036641952783,0.0668907846055256,0.0224490771895876));
#2249=CARTESIAN_POINT('',(0.035986992225631,0.0399048416727972,-0.000917488977072363));
#2250=CARTESIAN_POINT('',(0.0209934941789825,0.01947317680179,-0.00368017945186132));
#2251=CARTESIAN_POINT('',(0.0131039379184333,0.017764597581876,-0.00206560066412259));
#2252=CARTESIAN_POINT('',(0.0120165381526255,0.0166771978160682,-0.00295345885500628));
#2253=CARTESIAN_POINT('',(0.0028806178349927,0.0767411270648827,0.072992783980648));
#2254=CARTESIAN_POINT('',(0.00304569387128097,0.0765916675626821,0.0535064679689799));
#2255=CARTESIAN_POINT('',(0.0133335198745514,0.067257145803167,0.0226200229088084));
#2256=CARTESIAN_POINT('',(0.0372160748161708,0.0398313816602603,-0.000564114573898231));
#2257=CARTESIAN_POINT('',(0.0216053999151979,0.0190542731601949,-0.00405566736489704));
#2258=CARTESIAN_POINT('',(0.0141037444673653,0.016741081500079,-0.00207528004038242));
#2259=CARTESIAN_POINT('',(0.01302819946799,0.0156655365007037,-0.00295345885500628));
#2260=CARTESIAN_POINT('',(0.00354841312997188,0.0764742798204716,0.0729957067211857));
#2261=CARTESIAN_POINT('',(0.00370785581722817,0.0763326253023426,0.0535843864054394));
#2262=CARTESIAN_POINT('',(0.0136490495809591,0.0674795969796689,0.022790372721817));
#2263=CARTESIAN_POINT('',(0.0380105814638999,0.0397497228075573,-0.000308902021326133));
#2264=CARTESIAN_POINT('',(0.0219526348718704,0.0188245273532582,-0.00422782437600747));
#2265=CARTESIAN_POINT('',(0.0148272736140751,0.0160100600516647,-0.00207833875974495));
#2266=CARTESIAN_POINT('',(0.013755474765552,0.0149382612031416,-0.00295345885500628));
#2267=CARTESIAN_POINT('',(0.00480424804017237,0.0757879356515099,0.0730030466657711));
#2268=CARTESIAN_POINT('',(0.00495369954787568,0.0756629448924225,0.0537802625529931));
#2269=CARTESIAN_POINT('',(0.0142801950252987,0.0678384139158021,0.0232423693622501));
#2270=CARTESIAN_POINT('',(0.0395147243243924,0.0396051798704991,0.000253241655264776));
#2271=CARTESIAN_POINT('',(0.022664382987133,0.0183287634727218,-0.00444039255519086));
#2272=CARTESIAN_POINT('',(0.0162861588135415,0.0145544664738852,-0.00207699496081835));
#2273=CARTESIAN_POINT('',(0.015212714154175,0.0134810218145187,-0.00295345885500627));
#2274=CARTESIAN_POINT('',(0.0053933977752409,0.0753678423671107,0.0730074856711648));
#2275=CARTESIAN_POINT('',(0.0055383569815799,0.0752518022956893,0.0538987989103908));
#2276=CARTESIAN_POINT('',(0.0145885425931052,0.0679799101095772,0.0235249691823382));
#2277=CARTESIAN_POINT('',(0.0402373886861409,0.0395335871519194,0.000561311467129201));
#2278=CARTESIAN_POINT('',(0.0230161133820652,0.0180734922931422,-0.00447986239828156));
#2279=CARTESIAN_POINT('',(0.0170213420938005,0.0138297215720224,-0.00207273351068289));
#2280=CARTESIAN_POINT('',(0.0159426782452359,0.0127510577234578,-0.00295345885500627));
#2281=CARTESIAN_POINT('',(0.0064930931793458,0.0743402891204213,0.0730181213050077));
#2282=CARTESIAN_POINT('',(0.00663099993744125,0.0742426826830691,0.0541829561547136));
#2283=CARTESIAN_POINT('',(0.0152472875764824,0.0681098315305781,0.0242204569769424));
#2284=CARTESIAN_POINT('',(0.0415116348660632,0.0394866088205459,0.00125543899734299));
#2285=CARTESIAN_POINT('',(0.0238526966640558,0.0174110872239274,-0.0044070086726639));
#2286=CARTESIAN_POINT('',(0.0184014952772391,0.0124906008998321,-0.00205598205811237));
#2287=CARTESIAN_POINT('',(0.0173023151730504,0.0113914207956433,-0.00295345885500627));
#2288=CARTESIAN_POINT('',(0.00700486010104343,0.0737318007557152,0.0730243575174181));
#2289=CARTESIAN_POINT('',(0.00714025293673786,0.073643711751574,0.0543496353691948));
#2290=CARTESIAN_POINT('',(0.01560181631316,0.0680993920022453,0.0246360179715916));
#2291=CARTESIAN_POINT('',(0.0420691056123891,0.0395114951368271,0.00164095836502848));
#2292=CARTESIAN_POINT('',(0.0243406218552847,0.0170013539730071,-0.00429520004597349));
#2293=CARTESIAN_POINT('',(0.0190462031114867,0.0118759630605724,-0.0020437060340643));
#2294=CARTESIAN_POINT('',(0.0179319880098039,0.0107617479588897,-0.00295345885500627));
#2295=CARTESIAN_POINT('',(0.00779611440421484,0.0724236386067056,0.0730376931575134));
#2296=CARTESIAN_POINT('',(0.00792999161421771,0.0723523470077893,0.0547062193009949));
#2297=CARTESIAN_POINT('',(0.0162980339633542,0.0678480416168558,0.025543610620941));
#2298=CARTESIAN_POINT('',(0.042818178603334,0.0397035660110735,0.00246442445841826));
#2299=CARTESIAN_POINT('',(0.0254255412665825,0.0160317743213226,-0.0038883651812982));
#2300=CARTESIAN_POINT('',(0.0200295785608766,0.0109703247482828,-0.00201196998073752));
#2301=CARTESIAN_POINT('',(0.0188764948906437,0.00981724107804995,-0.00295345885500627));
#2302=CARTESIAN_POINT('',(0.00810091006054091,0.071764844955569,0.0730439205419031));
#2303=CARTESIAN_POINT('',(0.00823524979657212,0.07170145403842,0.0548726154258396));
#2304=CARTESIAN_POINT('',(0.0166315490545937,0.0676864446556169,0.0259530428430832));
#2305=CARTESIAN_POINT('',(0.0430532154109893,0.0397865719713145,0.0029660855867782));
#2306=CARTESIAN_POINT('',(0.0259947756838241,0.0155930418323375,-0.0037518764933015));
#2307=CARTESIAN_POINT('',(0.0203757010579821,0.0105699122771733,-0.00187036567895962));
#2308=CARTESIAN_POINT('',(0.0191996188424084,0.00939383006159955,-0.00283063278686551));
#2309=CARTESIAN_POINT('',(0.00853966882428383,0.0703346618890511,0.0730565506710611));
#2310=CARTESIAN_POINT('',(0.00867721621344143,0.070286703656781,0.0552100536836016));
#2311=CARTESIAN_POINT('',(0.0172702476793682,0.0672280185790174,0.0267789366585081));
#2312=CARTESIAN_POINT('',(0.0432325041595282,0.0399702721863017,0.00415066641101054));
#2313=CARTESIAN_POINT('',(0.0271960158356622,0.0147164845699363,-0.00342201070431337));
#2314=CARTESIAN_POINT('',(0.0209129567375998,0.0098427573458209,-0.00144997024858752));
#2315=CARTESIAN_POINT('',(0.0196793674546004,0.0086091680628215,-0.00245719168042561));
#2316=CARTESIAN_POINT('',(0.00867288694168078,0.0695638731496,0.0730629066944719));
#2317=CARTESIAN_POINT('',(0.00881319467343352,0.0695234384633313,0.0553798508253407));
#2318=CARTESIAN_POINT('',(0.0175756495440475,0.0669312491277216,0.0271927779429568));
#2319=CARTESIAN_POINT('',(0.0431791319365142,0.0400682045541082,0.00484365054072977));
#2320=CARTESIAN_POINT('',(0.0278269983268,0.0142802152554006,-0.00323141449170865));
#2321=CARTESIAN_POINT('',(0.0211059983181473,0.00951385646623365,-0.00117098691212379));
#2322=CARTESIAN_POINT('',(0.0198379354196534,0.00824579356773972,-0.00220635593314538));
#2323=CARTESIAN_POINT('',(0.00871096903347131,0.0683881943268186,0.0730723909872591));
#2324=CARTESIAN_POINT('',(0.00885734622509293,0.0683577689571759,0.0556332577215324));
#2325=CARTESIAN_POINT('',(0.0179923261827219,0.0663868326020338,0.0278153002857592));
#2326=CARTESIAN_POINT('',(0.0428057016303401,0.0402314821628566,0.0059073988714528));
#2327=CARTESIAN_POINT('',(0.0287344762692311,0.0136720969899309,-0.00281970107733112));
#2328=CARTESIAN_POINT('',(0.0213078815936747,0.00908570699347726,-0.000691237451803443));
#2329=CARTESIAN_POINT('',(0.0199777758463716,0.00775560124617418,-0.00177726424674873));
#2330=CARTESIAN_POINT('',(0.00869709017962042,0.0679932629512611,0.0730755332133838));
#2331=CARTESIAN_POINT('',(0.00884580022868704,0.0679659634367126,0.0557172316043871));
#2332=CARTESIAN_POINT('',(0.0181239622931527,0.066189153351366,0.0280237851180395));
#2333=CARTESIAN_POINT('',(0.0426331791019378,0.0402874958816463,0.00626625209992414));
#2334=CARTESIAN_POINT('',(0.0290288659558843,0.0134790079233574,-0.00266296267566704));
#2335=CARTESIAN_POINT('',(0.0213603968903218,0.0089535179715218,-0.000520722350817255));
#2336=CARTESIAN_POINT('',(0.0200079594161524,0.00760108049735244,-0.00162498292439507));
#2337=CARTESIAN_POINT('',(0.00861580082559325,0.0672092856111438,0.0730818675307312));
#2338=CARTESIAN_POINT('',(0.00876971047083103,0.0671878217716005,0.0558865160787898));
#2339=CARTESIAN_POINT('',(0.018366996103761,0.0657736194933314,0.0284444704097503));
#2340=CARTESIAN_POINT('',(0.0421958759749747,0.0404015772217673,0.00694703785568205));
#2341=CARTESIAN_POINT('',(0.0295837707988305,0.0131239853711689,-0.00229780509679256));
#2342=CARTESIAN_POINT('',(0.021438078744619,0.00871093566021546,-0.000161408120782662));
#2343=CARTESIAN_POINT('',(0.0200374618767148,0.00731031879231131,-0.00130500700461611));
#2344=CARTESIAN_POINT('',(0.0085483944176049,0.0668202726157204,0.0730850600926257));
#2345=CARTESIAN_POINT('',(0.00870517918404152,0.066801515525407,0.055971851184501));
#2346=CARTESIAN_POINT('',(0.0184789218006911,0.0655556092659494,0.0286581645755916));
#2347=CARTESIAN_POINT('',(0.0419308321850551,0.0404607473649538,0.00726543603688405));
#2348=CARTESIAN_POINT('',(0.0298452138422243,0.0129609998458348,-0.00208815045358211));
#2349=CARTESIAN_POINT('',(0.021463329096234,0.00860058848966486,2.74904403682473E-5));
#2350=CARTESIAN_POINT('',(0.0200367853994349,0.00717404479286585,-0.00113727761061214));
#2351=CARTESIAN_POINT('',(0.00836317253139444,0.0660597570732544,0.0730915861949613));
#2352=CARTESIAN_POINT('',(0.00852599583249759,0.0660460278713439,0.0561463333055858));
#2353=CARTESIAN_POINT('',(0.0186703752058371,0.0651128765082438,0.0291001554804092));
#2354=CARTESIAN_POINT('',(0.0413390452808282,0.0405732435989615,0.00782403607625865));
#2355=CARTESIAN_POINT('',(0.0303131726081359,0.012680430161102,-0.00160496203905095));
#2356=CARTESIAN_POINT('',(0.0214867327950925,0.00840284859889298,0.000422122447469814));
#2357=CARTESIAN_POINT('',(0.0200047342885648,0.00692085009236535,-0.000787924266049994));
#2358=CARTESIAN_POINT('',(0.00824537113221732,0.0656882842279098,0.0730949478208337));
#2359=CARTESIAN_POINT('',(0.00841134889921342,0.0656768819645079,0.0562362175796773));
#2360=CARTESIAN_POINT('',(0.0187493598783484,0.064888545410616,0.0293286664836831));
#2361=CARTESIAN_POINT('',(0.0410132171229953,0.0406262020997903,0.0080632203946583));
#2362=CARTESIAN_POINT('',(0.0305189223394772,0.0125633188729814,-0.00133036089948824));
#2363=CARTESIAN_POINT('',(0.0214849258659293,0.00831547285319419,0.000627931026104876));
#2364=CARTESIAN_POINT('',(0.019973355112182,0.00680390209944684,-0.000606261326160179));
#2365=CARTESIAN_POINT('',(0.00796572827596432,0.0649731188992303,0.0731017170374233));
#2366=CARTESIAN_POINT('',(0.00813792582601905,0.064966155069692,0.0564172425311544));
#2367=CARTESIAN_POINT('',(0.0188577983957337,0.064453988751204,0.0297919940983491));
#2368=CARTESIAN_POINT('',(0.0403440166314968,0.0407055738424783,0.00846089882760096));
#2369=CARTESIAN_POINT('',(0.0308471799336738,0.0124000422807119,-0.000734426524974518));
#2370=CARTESIAN_POINT('',(0.0214509133229808,0.00816466417441403,0.00105395454230744));
#2371=CARTESIAN_POINT('',(0.0198782079982413,0.00659195884967464,-0.000230153978149109));
#2372=CARTESIAN_POINT('',(0.00780390907821949,0.0646294490672483,0.0731051316339183));
#2373=CARTESIAN_POINT('',(0.00797916082436417,0.0646246072020961,0.0565085667840739));
#2374=CARTESIAN_POINT('',(0.0188865824619362,0.0642444379884906,0.0300268236759987));
#2375=CARTESIAN_POINT('',(0.0400019054718364,0.0407310433958124,0.00861922694922464));
#2376=CARTESIAN_POINT('',(0.0309682111748103,0.0123550940702745,-0.000412634435692895));
#2377=CARTESIAN_POINT('',(0.0214186944848323,0.00810121123798113,0.00127421714610914));
#2378=CARTESIAN_POINT('',(0.0198144247019696,0.00649694145511835,-3.56636464839872E-5));
#2379=CARTESIAN_POINT('',(0.00743775742777295,0.0639643212425493,0.0731117953265067));
#2380=CARTESIAN_POINT('',(0.00761893212578929,0.0639637125651241,0.0566867802733649));
#2381=CARTESIAN_POINT('',(0.0188901605467091,0.0638466598769974,0.0304839677864694));
#2382=CARTESIAN_POINT('',(0.0393141363613714,0.0407411575806558,0.0088997154111975));
#2383=CARTESIAN_POINT('',(0.0311228789132288,0.0123503516555417,0.000231966643784489));
#2384=CARTESIAN_POINT('',(0.021314930173771,0.00799744692691978,0.00173374896901638));
#2385=CARTESIAN_POINT('',(0.0196477813133676,0.00633029806651629,0.000372527624599378));
#2386=CARTESIAN_POINT('',(0.00763577295213356,0.0642957129943964,0.072250062428804));
#2387=CARTESIAN_POINT('',(0.00722013524850354,0.0635410582246797,0.072250085871809));
#2388=CARTESIAN_POINT('',(0.0064600064009849,0.0625627040949515,0.0722526211479331));
#2389=CARTESIAN_POINT('',(0.00534364986942606,0.0615918621763008,0.0722541702198564));
#2390=CARTESIAN_POINT('',(0.00451409125596172,0.0610290324597091,0.0722558970001677));
#2391=CARTESIAN_POINT('',(0.00364499132716669,0.0605682083993526,0.0722586696363362));
#2392=CARTESIAN_POINT('',(0.00225510276495679,0.0600303738711372,0.0722629622344541));
#2393=CARTESIAN_POINT('',(0.00102626512195511,0.0598177141941681,0.0722660139244849));
#2394=CARTESIAN_POINT('',(0.000176509398578702,0.0598027096571547,0.0722683861175795));
#2395=CARTESIAN_POINT('',(0.0076357729521336,0.0642957129943965,0.072250062428804));
#2396=CARTESIAN_POINT('',(0.000176509398578711,0.0598027096571547,0.0722683861175794));
#2397=CARTESIAN_POINT('',(2.74498894181098E-9,0.059800974630536,0.072268664129943));
#2398=CARTESIAN_POINT('',(5.88389715774363E-5,0.0598014544169602,0.0722685193304306));
#2399=CARTESIAN_POINT('',(0.000117675198165931,0.0598019342033844,0.0722683745309182));
#2400=CARTESIAN_POINT('',(0.000176511424754425,0.0598024139898086,0.0722682297314058));
#2401=CARTESIAN_POINT('',(5.72873793216501E-16,0.059801376060048,0.0722688788104009));
#2402=CARTESIAN_POINT('',(-1.15952058591379E-15,0.059803775782732,0.0708877491509696));
#2403=CARTESIAN_POINT('',(8.65192527562048E-16,0.0598128950821161,0.0681254639141206));
#2404=CARTESIAN_POINT('',(-1.32347405151878E-16,0.0598394806201075,0.0639823022100361));
#2405=CARTESIAN_POINT('',(1.05250536812569E-16,0.059905026946986,0.0598388219092183));
#2406=CARTESIAN_POINT('',(-4.66608171996341E-17,0.0600602676018913,0.0557008039469632));
#2407=CARTESIAN_POINT('',(6.92456733657727E-18,0.0603443164682127,0.0522624639766496));
#2408=CARTESIAN_POINT('',(-3.13205776591228E-18,0.0607746097938222,0.0495251122265173));
#2409=CARTESIAN_POINT('',(3.11564360798589E-19,0.061243170182729,0.0475155737367338));
#2410=CARTESIAN_POINT('',(1.88580032271792E-18,0.0619142210855687,0.0455404871743743));
#2411=CARTESIAN_POINT('',(-7.85476565167026E-18,0.0629148585381314,0.0437177087765029));
#2412=CARTESIAN_POINT('',(2.21136753732842E-18,0.0646025024186629,0.042346574991551));
#2413=CARTESIAN_POINT('',(-9.90704497643443E-19,0.0668070790589919,0.0423070906786762));
#2414=CARTESIAN_POINT('',(-8.50634760719859E-19,0.0686249207094507,0.0434225008722451));
#2415=CARTESIAN_POINT('',(4.39324354052289E-18,0.0700633130277224,0.044931260784112));
#2416=CARTESIAN_POINT('',(-1.67223394013716E-17,0.0712632023071487,0.0466192902211702));
#2417=CARTESIAN_POINT('',(3.51258374651278E-17,0.0726379698325245,0.0490278394484801));
#2418=CARTESIAN_POINT('',(-9.71729373352097E-18,0.0739879383759722,0.0521668616952785));
#2419=CARTESIAN_POINT('',(-3.12461409104259E-17,0.0752155017306908,0.0561271565704629));
#2420=CARTESIAN_POINT('',(1.16812521529214E-16,0.0760943083499064,0.0601424924652854));
#2421=CARTESIAN_POINT('',(-1.27331586699805E-16,0.076691229634678,0.0641704077378686));
#2422=CARTESIAN_POINT('',(-1.8615638536496E-17,0.0770559198721539,0.0682173725183872));
#2423=CARTESIAN_POINT('',(-3.0894523082804E-15,0.0771646581958009,0.070924727149645));
#2424=CARTESIAN_POINT('',(4.0217319153212E-15,0.077187586569757,0.0722807447918082));
#2425=CARTESIAN_POINT('',(-1.0963570952786E-16,0.077187586569757,0.0722807447918083));
#2426=CARTESIAN_POINT('',(7.25907235796935E-17,0.077187586847451,0.0722807612151291));
#2427=CARTESIAN_POINT('',(0.000881792291884666,0.0771893169509209,0.0722790823003693));
#2428=CARTESIAN_POINT('',(0.00247161070935709,0.0769335806863195,0.0722770877875289));
#2429=CARTESIAN_POINT('',(0.0050952295124991,0.07578658665846,0.0722710391405243));
#2430=CARTESIAN_POINT('',(0.006650916068283,0.0743208933516001,0.0722638768575771));
#2431=CARTESIAN_POINT('',(0.00744990138474401,0.0730051845875575,0.0722610383955969));
#2432=CARTESIAN_POINT('',(0.007449901384744,0.0730051845875575,0.0722610383955969));
#2433=CARTESIAN_POINT('',(0.00744990138474401,0.0730051845875575,0.072261038395597));
#2434=CARTESIAN_POINT('',(0.0075726577848555,0.0728030392233288,0.0722605634986556));
#2435=CARTESIAN_POINT('',(0.00783612778289733,0.0723321292504518,0.0722594056977539));
#2436=CARTESIAN_POINT('',(0.00817418619147089,0.0715476660023989,0.0722577425870202));
#2437=CARTESIAN_POINT('',(0.00841245863118786,0.0707878882297697,0.0722564116194909));
#2438=CARTESIAN_POINT('',(0.00853733154627099,0.0702566444554811,0.0722555485913533));
#2439=CARTESIAN_POINT('',(0.00861667473540094,0.0697991510075957,0.0722548588064291));
#2440=CARTESIAN_POINT('',(0.00866409873791303,0.0694388746444761,0.0722543423692608));
#2441=CARTESIAN_POINT('',(0.00869190029523916,0.069129304193541,0.0722539207342054));
#2442=CARTESIAN_POINT('',(0.00870445913956655,0.0688991823076399,0.0722536197404234));
#2443=CARTESIAN_POINT('',(0.00870930813761072,0.0687768027594682,0.0722534625447919));
#2444=CARTESIAN_POINT('',(0.0087123612071515,0.0686534326484304,0.0722533061138953));
#2445=CARTESIAN_POINT('',(0.00871234219703153,0.0686466214267766,0.0722532966259875));
#2446=CARTESIAN_POINT('',(0.0087132299355953,0.0685947003912236,0.0722532260086058));
#2447=CARTESIAN_POINT('',(0.00871390642159136,0.0685184494261433,0.0722531132376621));
#2448=CARTESIAN_POINT('',(0.0087137039562012,0.0683865197893953,0.0722529013464897));
#2449=CARTESIAN_POINT('',(0.00870997881504735,0.0682117310207018,0.0722525969186538));
#2450=CARTESIAN_POINT('',(0.00869886738268833,0.0679496289766514,0.0722521247165316));
#2451=CARTESIAN_POINT('',(0.00866996073930276,0.0675712552365418,0.0722514341244424));
#2452=CARTESIAN_POINT('',(0.0085982437960882,0.0670377887830899,0.0722505576439506));
#2453=CARTESIAN_POINT('',(0.00847547249696549,0.066431422566298,0.0722497856343455));
#2454=CARTESIAN_POINT('',(0.00828517095771043,0.0657602116985049,0.0722494576510531));
#2455=CARTESIAN_POINT('',(0.00806116111778967,0.0651639802202028,0.072249652458889));
#2456=CARTESIAN_POINT('',(0.00785909710066714,0.0647257279817529,0.0722499104963762));
#2457=CARTESIAN_POINT('',(0.00773850127072701,0.0644856685499257,0.0722500225418861));
#2458=CARTESIAN_POINT('',(0.00766102619241541,0.0643415639488461,0.0722500561693221));
#2459=CARTESIAN_POINT('',(0.00763577295213356,0.0642957129943964,0.072250062428804));
#2460=CARTESIAN_POINT('',(-0.00973971130383913,0.0120448290408313,0.00550854305095741));
#2461=CARTESIAN_POINT('',(-0.0123287551284927,0.0183859976861529,-0.00542868887208193));
#2462=CARTESIAN_POINT('',(-0.0108939826368048,0.016951225194465,-0.00191422837046495));
#2463=CARTESIAN_POINT('',(-0.0091969263619571,0.0152541689196173,0.00224269356770035));
#2464=CARTESIAN_POINT('',(-0.0108939826368048,0.016951225194465,-0.00191422837046496));
#2465=CARTESIAN_POINT('',(-0.0107505189307141,0.0170946889005557,-0.00191422837046496));
#2466=CARTESIAN_POINT('',(-0.0104617646949784,0.0173794274363473,-0.00190931016255334));
#2467=CARTESIAN_POINT('',(-0.00989887081194139,0.0179664155190491,-0.00193881941002302));
#2468=CARTESIAN_POINT('',(-0.00908440095299047,0.0185699261887612,-0.00168044822492992));
#2469=CARTESIAN_POINT('',(-0.00815133070399689,0.0188590221072568,-0.000891743966344658));
#2470=CARTESIAN_POINT('',(-0.0074963444627362,0.0186517605083887,0.000164289653721539));
#2471=CARTESIAN_POINT('',(-0.00728931201785557,0.0180018940916446,0.00121377213979766));
#2472=CARTESIAN_POINT('',(-0.00757815343456553,0.0170632939451996,0.00200956081168262));
#2473=CARTESIAN_POINT('',(-0.00817723287074666,0.016254099304437,0.00226689833089519));
#2474=CARTESIAN_POINT('',(-0.00876694843565384,0.0156880994671987,0.00223785261506138));
#2475=CARTESIAN_POINT('',(-0.00905285440183316,0.0153982408797412,0.00224269356770034));
#2476=CARTESIAN_POINT('',(-0.0091969263619571,0.0152541689196173,0.00224269356770035));
#2477=CARTESIAN_POINT('',(-0.00976261178690633,0.0146884834946681,0.00224269356770035));
#2478=CARTESIAN_POINT('',(-0.0115082237769522,0.0129428715046222,0.00224269356770035));
#2479=CARTESIAN_POINT('',(-0.0132659219749478,0.0111851733066265,0.00224269356770037));
#2480=CARTESIAN_POINT('',(-0.0149952019676868,0.00945589331388757,0.00224269356770036));
#2481=CARTESIAN_POINT('',(-0.0149952019676868,0.00945589331388759,0.00224269356770036));
#2482=CARTESIAN_POINT('',(-0.00976261178690634,0.0146884834946681,0.00224269356770035));
#2483=CARTESIAN_POINT('',(-0.012894440553442,0.0178203122612036,-0.00542868887208193));
#2484=CARTESIAN_POINT('',(-0.011459668061754,0.0163855397695158,-0.00191422837046495));
#2485=CARTESIAN_POINT('',(-0.0166922582425345,0.0111529495887353,-0.00191422837046495));
#2486=CARTESIAN_POINT('',(-0.0149480615156077,0.0128971463156621,-0.00191422837046496));
#2487=CARTESIAN_POINT('',(-0.0132038647886809,0.0146413430425889,-0.00191422837046495));
#2488=CARTESIAN_POINT('',(-0.0114596680617541,0.0163855397695157,-0.00191422837046496));
#2489=CARTESIAN_POINT('',(-0.0166922582425345,0.0111529495887353,-0.00191422837046494));
#2490=CARTESIAN_POINT('',(-0.0181500162992329,0.0126107076454337,-0.00548499177780712));
#2491=CARTESIAN_POINT('',(-0.0187157017241821,0.0120450222204844,-0.00548499177780712));
#2492=CARTESIAN_POINT('',(-0.0172579436674838,0.0105872641637861,-0.00191422837046494));
#2493=CARTESIAN_POINT('',(-0.015560887392636,0.00889020788893835,0.00224269356770037));
#2494=CARTESIAN_POINT('',(-0.015560887392636,0.00889020788893835,0.00224269356770036));
#2495=CARTESIAN_POINT('',(-0.0157040168012927,0.00874707848028172,0.00224269356770036));
#2496=CARTESIAN_POINT('',(-0.0159921782453294,0.00846293955831361,0.00223776700442681));
#2497=CARTESIAN_POINT('',(-0.0165532801196153,0.00787770255161612,0.00226732638406812));
#2498=CARTESIAN_POINT('',(-0.0173686262823769,0.00727216773002581,0.00201036102000898));
#2499=CARTESIAN_POINT('',(-0.0183028943709644,0.00698241562231599,0.00122099337789899));
#2500=CARTESIAN_POINT('',(-0.0189582634469822,0.00718924124748923,0.00016502483947432));
#2501=CARTESIAN_POINT('',(-0.0191655802840557,0.00783959286436716,-0.000885400200857089));
#2502=CARTESIAN_POINT('',(-0.0188768979110504,0.00877819374019305,-0.00168138455400907));
#2503=CARTESIAN_POINT('',(-0.0182760594746359,0.00958898928088622,-0.00193852844068662));
#2504=CARTESIAN_POINT('',(-0.0176873537734101,0.0101538858730092,-0.00190936835642061));
#2505=CARTESIAN_POINT('',(-0.0174018148646103,0.0104433929666595,-0.00191422837046495));
#2506=CARTESIAN_POINT('',(-0.0172579436674837,0.0105872641637861,-0.00191422837046495));
#2507=CARTESIAN_POINT('',(-0.0171872329893651,0.00896091856705701,0.000164232598617708));
#2508=CARTESIAN_POINT('',(-0.0184605015520635,0.0102332343280949,-0.00295345874657319));
#2509=CARTESIAN_POINT('',(-0.0197325791749682,0.00641509610509503,0.000164815915645606));
#2510=CARTESIAN_POINT('',(-0.0105404292462115,0.0181533067224821,-0.00295345885500629));
#2511=CARTESIAN_POINT('',(-0.0131802945626413,0.0155134414060524,-0.00295345885500629));
#2512=CARTESIAN_POINT('',(-0.0158201598790711,0.0128735760896226,-0.00295345885500628));
#2513=CARTESIAN_POINT('',(-0.0184600251955009,0.0102337107731928,-0.00295345885500628));
#2514=CARTESIAN_POINT('',(-0.010539955418178,0.0181537804619804,-0.0029534587465732));
#2515=CARTESIAN_POINT('',(-0.00926763704007576,0.0168805145163464,0.000164232598617697));
#2516=CARTESIAN_POINT('',(-0.00672229085434016,0.019426336978176,0.000163649281914127));
#2517=CARTESIAN_POINT('',(-0.00926763704007576,0.0168805145163464,0.000164232598617688));
#2518=CARTESIAN_POINT('',(-0.00799436847711463,0.0156081987555712,0.00328192394380846));
#2519=CARTESIAN_POINT('',(-0.0159144407832293,0.00768812636092123,0.00328192405224169));
#2520=CARTESIAN_POINT('',(-0.0132745754667995,0.010327991677351,0.00328192405224168));
#2521=CARTESIAN_POINT('',(-0.0106347101503697,0.0129678569937808,0.00328192405224168));
#2522=CARTESIAN_POINT('',(-0.00799484483393996,0.0156077223102106,0.00328192405224167));
#2523=CARTESIAN_POINT('',(-0.0159149146112421,0.00768765262144375,0.00328192394380861));
#2524=CARTESIAN_POINT('',(-0.0171872329893651,0.00896091856705701,0.000164232598617705));
#2525=CARTESIAN_POINT('',(-0.00780390907821949,0.0646294490672483,0.0731051316339183));
#2526=CARTESIAN_POINT('',(-0.00797916082436418,0.0646246072020961,0.0565085667840739));
#2527=CARTESIAN_POINT('',(-0.0188865824619362,0.0642444379884906,0.0300268236759987));
#2528=CARTESIAN_POINT('',(-0.0400019054718364,0.0407310433958124,0.00861922694922464));
#2529=CARTESIAN_POINT('',(-0.0309682111748103,0.0123550940702745,-0.000412634435692895));
#2530=CARTESIAN_POINT('',(-0.0214186944848323,0.00810121123798113,0.00127421714610914));
#2531=CARTESIAN_POINT('',(-0.0198144247019696,0.00649694145511835,-3.56636464839872E-5));
#2532=CARTESIAN_POINT('',(-0.00743775742777295,0.0639643212425494,0.0731117953265067));
#2533=CARTESIAN_POINT('',(-0.0076189321257893,0.063963712565124,0.0566867802733648));
#2534=CARTESIAN_POINT('',(-0.0188901605467091,0.0638466598769974,0.0304839677864694));
#2535=CARTESIAN_POINT('',(-0.0393141363613714,0.0407411575806558,0.0088997154111975));
#2536=CARTESIAN_POINT('',(-0.0311228789132288,0.0123503516555417,0.000231966643784489));
#2537=CARTESIAN_POINT('',(-0.021314930173771,0.00799744692691978,0.00173374896901638));
#2538=CARTESIAN_POINT('',(-0.0196477813133676,0.00633029806651629,0.000372527624599378));
#2539=CARTESIAN_POINT('',(-0.00722695538523936,0.0636352810658766,0.0731151706075946));
#2540=CARTESIAN_POINT('',(-0.0074110129802864,0.0636367737172106,0.0567770667930297));
#2541=CARTESIAN_POINT('',(-0.0188593739498632,0.0636502680502171,0.0307176962215517));
#2542=CARTESIAN_POINT('',(-0.0389630602374677,0.0407290789803473,0.00901537041372864));
#2543=CARTESIAN_POINT('',(-0.0311479964272688,0.0123874321265309,0.000576820086808422));
#2544=CARTESIAN_POINT('',(-0.0212479756659402,0.00796432787628801,0.00195966508144341));
#2545=CARTESIAN_POINT('',(-0.0195491819899452,0.00626553420029306,0.000572605853291892));
#2546=CARTESIAN_POINT('',(-0.00676139145628652,0.0630068071468691,0.0731214263037969));
#2547=CARTESIAN_POINT('',(-0.00695103236529193,0.0630124343307897,0.0569444144786201));
#2548=CARTESIAN_POINT('',(-0.0187425895386341,0.0632826009626651,0.0311523527080553));
#2549=CARTESIAN_POINT('',(-0.0382676156891582,0.0406689569771786,0.00922594810474521));
#2550=CARTESIAN_POINT('',(-0.03110399338619,0.0125393700560108,0.00123711562973063));
#2551=CARTESIAN_POINT('',(-0.0210898440393826,0.00792865677977292,0.00239067802673435));
#2552=CARTESIAN_POINT('',(-0.0193317561609778,0.00617056890136809,0.000955205285046332));
#2553=CARTESIAN_POINT('',(-0.00650663933192701,0.0627073905349488,0.0731243189784293));
#2554=CARTESIAN_POINT('',(-0.00669898409630145,0.0627150353915895,0.057021803485708));
#2555=CARTESIAN_POINT('',(-0.0186568152677795,0.0631103736723923,0.0313541159801895));
#2556=CARTESIAN_POINT('',(-0.0379228201073917,0.040621873835967,0.00932029546409489));
#2557=CARTESIAN_POINT('',(-0.0310363866696409,0.0126528179985649,0.00155301381577291));
#2558=CARTESIAN_POINT('',(-0.0209986807860553,0.00792613277778718,0.00259588309283415));
#2559=CARTESIAN_POINT('',(-0.0192128946653205,0.00614034665705246,0.00113779483098606));
#2560=CARTESIAN_POINT('',(-0.00595918368315857,0.0621458780887738,0.0731294854584746));
#2561=CARTESIAN_POINT('',(-0.00615691148887543,0.062157244274836,0.0571600299413981));
#2562=CARTESIAN_POINT('',(-0.0184458835636148,0.062783379754016,0.031715163314209));
#2563=CARTESIAN_POINT('',(-0.0372281974704254,0.0405066980783478,0.00950219263042828));
#2564=CARTESIAN_POINT('',(-0.0308388055046708,0.0129333421599052,0.00213616091349579));
#2565=CARTESIAN_POINT('',(-0.020794876320447,0.0079474625263412,0.00298568035684291));
#2566=CARTESIAN_POINT('',(-0.0189581676686134,0.00611075387450749,0.00148601402246031));
#2567=CARTESIAN_POINT('',(-0.0056663413096153,0.0618840467245339,0.0731317604632093));
#2568=CARTESIAN_POINT('',(-0.00586676244376086,0.0618971037305952,0.0572208996822317));
#2569=CARTESIAN_POINT('',(-0.0183214694859707,0.06262807587076,0.0318745555293106));
#2570=CARTESIAN_POINT('',(-0.0368772847331899,0.0404394452821273,0.00958938385014189));
#2571=CARTESIAN_POINT('',(-0.0307102448460222,0.013099241086127,0.0024040459485961));
#2572=CARTESIAN_POINT('',(-0.0206824423576848,0.00797104568807572,0.00317058730385778));
#2573=CARTESIAN_POINT('',(-0.0188224367974762,0.00611104012786711,0.00165189912344088));
#2574=CARTESIAN_POINT('',(-0.0050507044423734,0.0614032528054767,0.07313572931767));
#2575=CARTESIAN_POINT('',(-0.00525653164532101,0.06141921143042,0.0573271000307994));
#2576=CARTESIAN_POINT('',(-0.0180439749081717,0.0623301021023234,0.0321538970360391));
#2577=CARTESIAN_POINT('',(-0.036166038249859,0.0402949534132096,0.00975027115380425));
#2578=CARTESIAN_POINT('',(-0.0304089419966839,0.013466573967929,0.00290093607812684));
#2579=CARTESIAN_POINT('',(-0.0204372334982869,0.00804506429797648,0.00352039070600484));
#2580=CARTESIAN_POINT('',(-0.018534319300946,0.00614215010063559,0.00196666777007717));
#2581=CARTESIAN_POINT('',(-0.00472790994861604,0.0611842902506008,0.0731374225929539));
#2582=CARTESIAN_POINT('',(-0.00493644988893424,0.0612014596714241,0.0573724156269174));
#2583=CARTESIAN_POINT('',(-0.0178908942209527,0.0621874320300785,0.0322738502533839));
#2584=CARTESIAN_POINT('',(-0.0358057047943942,0.040217714631143,0.00982396708231314));
#2585=CARTESIAN_POINT('',(-0.0302361993999642,0.0136680075174792,0.00312994087815035));
#2586=CARTESIAN_POINT('',(-0.0203044590397124,0.00809550018420411,0.00368528751881263));
#2587=CARTESIAN_POINT('',(-0.0183819326755528,0.00617297382004447,0.00211555131573287));
#2588=CARTESIAN_POINT('',(-0.00406064582097153,0.060794253043862,0.0731402656474919));
#2589=CARTESIAN_POINT('',(-0.00427464653965048,0.0608132237988818,0.0574485168006808));
#2590=CARTESIAN_POINT('',(-0.0175653023861251,0.0619109796633828,0.0324771219611578));
#2591=CARTESIAN_POINT('',(-0.0350733894847072,0.0400625851303365,0.00995187746905387));
#2592=CARTESIAN_POINT('',(-0.0298619041736798,0.0140906838631034,0.00355757798864217));
#2593=CARTESIAN_POINT('',(-0.0200192778198144,0.00822422605968946,0.00399503218548853));
#2594=CARTESIAN_POINT('',(-0.0180605826618215,0.00626553090169656,0.00239576428590764));
#2595=CARTESIAN_POINT('',(-0.00371633992201827,0.0606229271136031,0.0731413999928439));
#2596=CARTESIAN_POINT('',(-0.0039330935574226,0.0606424758628066,0.057478891960821));
#2597=CARTESIAN_POINT('',(-0.0173932510607772,0.0617761648951136,0.0325596760760704));
#2598=CARTESIAN_POINT('',(-0.0346988918974506,0.0399856642620134,0.0100077722295639));
#2599=CARTESIAN_POINT('',(-0.029661842106455,0.0143109209541766,0.00375436208173572));
#2600=CARTESIAN_POINT('',(-0.0198665859855071,0.00830278557157056,0.00413963127395836));
#2601=CARTESIAN_POINT('',(-0.0178914162004211,0.00632761578648465,0.00252691189768397));
#2602=CARTESIAN_POINT('',(-0.00301586902597301,0.0603294226870864,0.0731431880127877));
#2603=CARTESIAN_POINT('',(-0.00323819918954489,0.0603495231832789,0.0575267960935938));
#2604=CARTESIAN_POINT('',(-0.0170417525864606,0.0615177052886515,0.0326928796928083));
#2605=CARTESIAN_POINT('',(-0.0339488774925533,0.0398382277747741,0.0100906437914689));
#2606=CARTESIAN_POINT('',(-0.029243893523023,0.0147561827250156,0.00412622546772058));
#2607=CARTESIAN_POINT('',(-0.0195409806482727,0.00849280233734252,0.00440409183428124));
#2608=CARTESIAN_POINT('',(-0.01753568239875,0.00648750408781982,0.0027667726698056));
#2609=CARTESIAN_POINT('',(-0.00265972251954727,0.060207242928537,0.0731438418176011));
#2610=CARTESIAN_POINT('',(-0.00288485598758962,0.0602273094591005,0.0575443318668084));
#2611=CARTESIAN_POINT('',(-0.016861054127225,0.0613935757122799,0.0327439469427659));
#2612=CARTESIAN_POINT('',(-0.0335738470986397,0.0397676435553671,0.0101176183183093));
#2613=CARTESIAN_POINT('',(-0.0290259118467777,0.0149812770374678,0.00430133596333061));
#2614=CARTESIAN_POINT('',(-0.0193679943342745,0.00860428959765192,0.00452398824748334));
#2615=CARTESIAN_POINT('',(-0.0173490476005932,0.00658534286397063,0.00287552514235737));
#2616=CARTESIAN_POINT('',(-0.00194516349775164,0.0600115061025559,0.0731447630694559));
#2617=CARTESIAN_POINT('',(-0.00217585632471634,0.0600308317955359,0.057569094390358));
#2618=CARTESIAN_POINT('',(-0.0164944559732332,0.0611516888860093,0.0328224550772268));
#2619=CARTESIAN_POINT('',(-0.0328282522406733,0.0396400036301845,0.0101365261501668));
#2620=CARTESIAN_POINT('',(-0.0285787421224709,0.0154228900341392,0.00464205708997942));
#2621=CARTESIAN_POINT('',(-0.0190033089720825,0.00886619119945309,0.00473048614412519));
#2622=CARTESIAN_POINT('',(-0.0169596793385815,0.00682256156595203,0.00306186953568899));
#2623=CARTESIAN_POINT('',(-0.00158676806036615,0.0599379428999046,0.0731450280639307));
#2624=CARTESIAN_POINT('',(-0.00182021765741866,0.0599565630081017,0.0575762568704874));
#2625=CARTESIAN_POINT('',(-0.0163086186222063,0.0610340061239706,0.0328498906585457));
#2626=CARTESIAN_POINT('',(-0.0324578392356015,0.0395829517871195,0.0101284266233643));
#2627=CARTESIAN_POINT('',(-0.0283496306516203,0.0156393606414965,0.00480758647950227));
#2628=CARTESIAN_POINT('',(-0.0188115092737921,0.00901666408957752,0.00481710350410552));
#2629=CARTESIAN_POINT('',(-0.016756856151501,0.00696201096728634,0.00313948625476229));
#2630=CARTESIAN_POINT('',(-0.00087682815287617,0.0598367333417899,0.0731452777468717));
#2631=CARTESIAN_POINT('',(-0.00111564206277229,0.0598532558237358,0.0575831256423522));
#2632=CARTESIAN_POINT('',(-0.0159344706023173,0.0608014929833774,0.0328904254628712));
#2633=CARTESIAN_POINT('',(-0.0317293299372539,0.0394896774393245,0.0100687063009951));
#2634=CARTESIAN_POINT('',(-0.0278839171397487,0.0160498827605999,0.00514428363462714));
#2635=CARTESIAN_POINT('',(-0.0184146876007928,0.00936256296295962,0.00494302781391194));
#2636=CARTESIAN_POINT('',(-0.0163405742402034,0.0072884496023702,0.00324952134653416));
#2637=CARTESIAN_POINT('',(-0.000525297499114704,0.0598090766940272,0.0731452624438431));
#2638=CARTESIAN_POINT('',(-0.000766718554128441,0.0598242079031557,0.0575828323776999));
#2639=CARTESIAN_POINT('',(-0.0157461489329085,0.0606867002881422,0.0329035518332456));
#2640=CARTESIAN_POINT('',(-0.0313712705021628,0.0394534011392177,0.0100170554904377));
#2641=CARTESIAN_POINT('',(-0.0276471803221764,0.0162440198249119,0.00531551384412364));
#2642=CARTESIAN_POINT('',(-0.0182095552980195,0.00955811206632605,0.00498231909674698));
#2643=CARTESIAN_POINT('',(-0.016127005187922,0.00747556195622851,0.00328192405224169));
#2644=CARTESIAN_POINT('',(0.000237312739855573,0.0597935229385275,0.073145041545344));
#2645=CARTESIAN_POINT('',(-9.58504728983537E-6,0.0598048324488437,0.0575772604660064));
#2646=CARTESIAN_POINT('',(-0.0153264126124537,0.0604317546348948,0.032929394172395));
#2647=CARTESIAN_POINT('',(-0.0306028028688585,0.0394033198003013,0.00984264314773555));
#2648=CARTESIAN_POINT('',(-0.0271127418059597,0.016635416832453,0.00572260009855498));
#2649=CARTESIAN_POINT('',(-0.0177542395981058,0.0100452071874996,0.00499529299114823));
#2650=CARTESIAN_POINT('',(-0.0156557997773784,0.00794676736677213,0.00328192405224169));
#2651=CARTESIAN_POINT('',(0.000640626727198768,0.059815338631728,0.0731446286433432));
#2652=CARTESIAN_POINT('',(0.000390728303970139,0.0598241069383818,0.0575663802926366));
#2653=CARTESIAN_POINT('',(-0.0151108909119241,0.0602943590121478,0.0329208928464698));
#2654=CARTESIAN_POINT('',(-0.0301775279080909,0.0393934588353982,0.00974101856103395));
#2655=CARTESIAN_POINT('',(-0.0268477167962125,0.0168266212264238,0.00591607215983994));
#2656=CARTESIAN_POINT('',(-0.0174767275003652,0.0103371393237384,0.00500117994721355));
#2657=CARTESIAN_POINT('',(-0.0153710776603886,0.0082314894837619,0.00328192405224169));
#2658=CARTESIAN_POINT('',(0.00141754291871387,0.0599082383397565,0.0731433298858393));
#2659=CARTESIAN_POINT('',(0.0011616135291493,0.0599112948830025,0.057531959426998));
#2660=CARTESIAN_POINT('',(-0.0147113427084137,0.0600293543277087,0.0328700014051788));
#2661=CARTESIAN_POINT('',(-0.0293345869515752,0.0394001592051844,0.00952646354882256));
#2662=CARTESIAN_POINT('',(-0.0263644382386277,0.0171696542456641,0.00625473142170367));
#2663=CARTESIAN_POINT('',(-0.0168798986936878,0.010957778417624,0.00501090045626171));
#2664=CARTESIAN_POINT('',(-0.0147623437101071,0.00884022343404339,0.00328192405224169));
#2665=CARTESIAN_POINT('',(0.00179120311021001,0.0599793316171706,0.0731424440457243));
#2666=CARTESIAN_POINT('',(0.00153227505634737,0.0599792183240955,0.0575084195386934));
#2667=CARTESIAN_POINT('',(-0.0145252817926442,0.0599017977799511,0.0328276607392084));
#2668=CARTESIAN_POINT('',(-0.0289186599209423,0.0394161337867643,0.00941355120055293));
#2669=CARTESIAN_POINT('',(-0.0261454155222469,0.0173220306769628,0.00640011231824394));
#2670=CARTESIAN_POINT('',(-0.0165605819847509,0.0112864853752706,0.00501473400924454));
#2671=CARTESIAN_POINT('',(-0.0144383318768154,0.00916423526733512,0.00328192405224169));
#2672=CARTESIAN_POINT('',(0.00287219184309908,0.0602557738366428,0.0731392394358823));
#2673=CARTESIAN_POINT('',(0.00260444760117792,0.06024541007898,0.0574231173086223));
#2674=CARTESIAN_POINT('',(-0.0139957587325337,0.0595357692014723,0.0326568131775318));
#2675=CARTESIAN_POINT('',(-0.0276890605596349,0.0394890770285335,0.00905977155592431));
#2676=CARTESIAN_POINT('',(-0.0255342317488543,0.017741656281381,0.00677618813323742));
#2677=CARTESIAN_POINT('',(-0.0155599965178735,0.0123092225391222,0.00502377740166512));
#2678=CARTESIAN_POINT('',(-0.0134266705614509,0.0101758965826996,0.00328192405224168));
#2679=CARTESIAN_POINT('',(0.00353998709870087,0.0605226211204313,0.0731363351297006));
#2680=CARTESIAN_POINT('',(0.00326660749433606,0.0605044543921085,0.05734568140427));
#2681=CARTESIAN_POINT('',(-0.0136803544559737,0.0593134434548178,0.0324864351136666));
#2682=CARTESIAN_POINT('',(-0.0268943590389523,0.039570541008283,0.00880441247265488));
#2683=CARTESIAN_POINT('',(-0.0251872690425421,0.0179716743386778,0.00694856624675514));
#2684=CARTESIAN_POINT('',(-0.0148361736431704,0.0130399502595433,0.00502659629312538));
#2685=CARTESIAN_POINT('',(-0.0126993952638888,0.0109031718802617,0.00328192405224168));
#2686=CARTESIAN_POINT('',(0.00479582216906391,0.0612089651292306,0.0731290309454594));
#2687=CARTESIAN_POINT('',(0.0045124595744393,0.0611741264525729,0.0571507362867859));
#2688=CARTESIAN_POINT('',(-0.0130486988418538,0.0589541163489044,0.0320337670783419));
#2689=CARTESIAN_POINT('',(-0.0253910087991463,0.0397158765660277,0.00824294050849163));
#2690=CARTESIAN_POINT('',(-0.0244744135839386,0.0184663308758733,0.0071602279647385));
#2691=CARTESIAN_POINT('',(-0.0133784831445563,0.0144967385381751,0.00502622796335997));
#2692=CARTESIAN_POINT('',(-0.0112421558752659,0.0123604112688847,0.00328192405224168));
#2693=CARTESIAN_POINT('',(0.00538497210257841,0.0616290582151837,0.0731246085618488));
#2694=CARTESIAN_POINT('',(0.00509712735335938,0.0615852587040903,0.057032630049452));
#2695=CARTESIAN_POINT('',(-0.0127397191590097,0.0588119880400918,0.0317505319658884));
#2696=CARTESIAN_POINT('',(-0.0246693265172354,0.0397884513644448,0.00793568403729417));
#2697=CARTESIAN_POINT('',(-0.0241213111587442,0.0187202300251909,0.00719857646530452));
#2698=CARTESIAN_POINT('',(-0.01264478013303,0.0152229637087706,0.00502317514758359));
#2699=CARTESIAN_POINT('',(-0.010512191784205,0.0130903753599455,0.00328192405224168));
#2700=CARTESIAN_POINT('',(0.00648466785248996,0.0626566111160665,0.0731140061744088));
#2701=CARTESIAN_POINT('',(0.00618978833651423,0.0625943602894169,0.0567493342038972));
#2702=CARTESIAN_POINT('',(-0.0120798726690598,0.058680965112518,0.0310539067257624));
#2703=CARTESIAN_POINT('',(-0.0233967916830842,0.0398371410415897,0.00724297674014599));
#2704=CARTESIAN_POINT('',(-0.0232823370139161,0.0193802442315679,0.00712376844185304));
#2705=CARTESIAN_POINT('',(-0.0112672064258612,0.0165646638572307,0.00500852982856793));
#2706=CARTESIAN_POINT('',(-0.00915255485639051,0.01445001228776,0.00328192405224168));
#2707=CARTESIAN_POINT('',(0.00699643487620252,0.0632650993787577,0.073107787837213));
#2708=CARTESIAN_POINT('',(0.0066990466539639,0.0631933259027589,0.0565831199092675));
#2709=CARTESIAN_POINT('',(-0.0117250189817444,0.0586910796902129,0.0306379528965641));
#2710=CARTESIAN_POINT('',(-0.0228398257933912,0.0398127595819415,0.0068578818652041));
#2711=CARTESIAN_POINT('',(-0.0227937065046957,0.0197892721644967,0.00701138276502306));
#2712=CARTESIAN_POINT('',(-0.010623259551629,0.0171800626565058,0.00499687512577063));
#2713=CARTESIAN_POINT('',(-0.00852288201963691,0.0150796851245137,0.00328192405224167));
#2714=CARTESIAN_POINT('',(0.00778768891051246,0.0645732617966289,0.0730944973692037));
#2715=CARTESIAN_POINT('',(0.0074887713153908,0.0644847046625966,0.056227722047619));
#2716=CARTESIAN_POINT('',(-0.0110296577426605,0.0589432864867132,0.0297307403206256));
#2717=CARTESIAN_POINT('',(-0.0220894222470342,0.0396193581522829,0.00603336011392865));
#2718=CARTESIAN_POINT('',(-0.0217106459670057,0.0207607106897893,0.00660606275962828));
#2719=CARTESIAN_POINT('',(-0.00963787858344274,0.018083695449999,0.00496350157320368));
#2720=CARTESIAN_POINT('',(-0.00757837513879714,0.0160241920053534,0.00328192405224167));
#2721=CARTESIAN_POINT('',(0.00809248448327946,0.0652320555313245,0.0730882919853903));
#2722=CARTESIAN_POINT('',(0.0077940251417146,0.0651356019879965,0.056061902579418));
#2723=CARTESIAN_POINT('',(-0.0106964088143006,0.0591051496108315,0.0293213696900468));
#2724=CARTESIAN_POINT('',(-0.0218539719178172,0.0395359386704801,0.0055313763427477));
#2725=CARTESIAN_POINT('',(-0.0211419892666411,0.0212000208956514,0.00647004435830073));
#2726=CARTESIAN_POINT('',(-0.00929113279379547,0.0184834846285668,0.00482138835519656));
#2727=CARTESIAN_POINT('',(-0.00725525118703245,0.0164476030218038,0.0031590979841009));
#2728=CARTESIAN_POINT('',(0.0085312430569086,0.0666622387879561,0.0730757011879759));
#2729=CARTESIAN_POINT('',(0.00823598164773665,0.0665503622804827,0.0557254961098502));
#2730=CARTESIAN_POINT('',(-0.0100583157637018,0.0595641812616066,0.0284956921530423));
#2731=CARTESIAN_POINT('',(-0.0216737423244115,0.0393512976106263,0.00434605410861939));
#2732=CARTESIAN_POINT('',(-0.0199420635370933,0.0220778925803429,0.00614124925917988));
#2733=CARTESIAN_POINT('',(-0.00875245899806818,0.0192092214438096,0.00439983503786956));
#2734=CARTESIAN_POINT('',(-0.00677550257484045,0.0172322650205819,0.002785656877661));
#2735=CARTESIAN_POINT('',(0.00866446108888259,0.06743302761283,0.0730693629904137));
#2736=CARTESIAN_POINT('',(0.00837195565453311,0.067313631927128,0.0555561665772337));
#2737=CARTESIAN_POINT('',(-0.00975318599889347,0.0598612228127733,0.0280819469609334));
#2738=CARTESIAN_POINT('',(-0.0217266918019107,0.0392529424973048,0.00365273694926605));
#2739=CARTESIAN_POINT('',(-0.019311671649303,0.0225147524982262,0.00595113412485699));
#2740=CARTESIAN_POINT('',(-0.00855878022190405,0.0195374851277802,0.0041203314333635));
#2741=CARTESIAN_POINT('',(-0.00661693460978744,0.0175956395156637,0.00253482113038078));
#2742=CARTESIAN_POINT('',(0.00870254307335432,0.0686087065429304,0.0730599083506671));
#2743=CARTESIAN_POINT('',(0.00841610161154088,0.0684793070279351,0.0553035368036549));
#2744=CARTESIAN_POINT('',(-0.00933685120552008,0.0604059811837622,0.0274594938059528));
#2745=CARTESIAN_POINT('',(-0.0220995910032101,0.0390891337836818,0.00258857518841383));
#2746=CARTESIAN_POINT('',(-0.0184049356953871,0.0231236127522108,0.00554002463115955));
#2747=CARTESIAN_POINT('',(-0.0083560964229269,0.0199648340770868,0.00363992834838342));
#2748=CARTESIAN_POINT('',(-0.00647709418306927,0.0180858318372292,0.00210572944398413));
#2749=CARTESIAN_POINT('',(0.00868866418823754,0.0690036379497538,0.0730567767782321));
#2750=CARTESIAN_POINT('',(0.00840455398520873,0.0688711141783247,0.0552198419691829));
#2751=CARTESIAN_POINT('',(-0.00920531468710459,0.0606037600264453,0.0272510148255053));
#2752=CARTESIAN_POINT('',(-0.0222719588013744,0.0390329653346539,0.00222960289017695));
#2753=CARTESIAN_POINT('',(-0.0181107621770749,0.0233169179871254,0.00538346204345522));
#2754=CARTESIAN_POINT('',(-0.00830334790457536,0.0200967898773378,0.00346922282267296));
#2755=CARTESIAN_POINT('',(-0.00644691061328845,0.0182403525860509,0.00195344812163047));
#2756=CARTESIAN_POINT('',(0.00860737477426962,0.0697876153498118,0.073050463240402));
#2757=CARTESIAN_POINT('',(0.00832846110257324,0.0696492589682162,0.0550511017433219));
#2758=CARTESIAN_POINT('',(-0.00896247180727178,0.0610194848152554,0.0268303382317404));
#2759=CARTESIAN_POINT('',(-0.022708965290457,0.0389185873566526,0.00154858910501776));
#2760=CARTESIAN_POINT('',(-0.0175562717567991,0.0236723549619843,0.00501864149974256));
#2761=CARTESIAN_POINT('',(-0.00822521893410449,0.0203389250724705,0.00310954352381129));
#2762=CARTESIAN_POINT('',(-0.00641740815272604,0.0185311142910921,0.00163347220185151));
#2763=CARTESIAN_POINT('',(0.00853996833652772,0.0701766283749889,0.073047280805216));
#2764=CARTESIAN_POINT('',(0.00826392826469727,0.0700355667654963,0.0549660318836839));
#2765=CARTESIAN_POINT('',(-0.00885064088507498,0.0612375898173708,0.0266166497174727));
#2766=CARTESIAN_POINT('',(-0.0229738618344653,0.0388592699675548,0.00123007760550135));
#2767=CARTESIAN_POINT('',(-0.0172950344256484,0.0238355461995615,0.00480915416709541));
#2768=CARTESIAN_POINT('',(-0.00819974664175693,0.0204490503022886,0.00292046374881106));
#2769=CARTESIAN_POINT('',(-0.00641808463000591,0.0186673882905375,0.00146574280784753));
#2770=CARTESIAN_POINT('',(0.008354746382443,0.0709371439853291,0.0730407723655906));
#2771=CARTESIAN_POINT('',(0.00808474137479126,0.0707910579579216,0.0547920127363107));
#2772=CARTESIAN_POINT('',(-0.00865940368149414,0.0616805387766416,0.0261747103208361));
#2773=CARTESIAN_POINT('',(-0.0235653128390768,0.0387464378339314,0.000671215344124602));
#2774=CARTESIAN_POINT('',(-0.0168275449336389,0.0241165851581965,0.00432634777538419));
#2775=CARTESIAN_POINT('',(-0.00817583664831916,0.0206462838984811,0.00252541835391655));
#2776=CARTESIAN_POINT('',(-0.00645013574087606,0.018920582991038,0.00111638946328539));
#2777=CARTESIAN_POINT('',(0.00823694494465707,0.0713086168692824,0.0730374175325696));
#2778=CARTESIAN_POINT('',(0.00797009242878589,0.0711602058774787,0.0547023067814406));
#2779=CARTESIAN_POINT('',(-0.00858054199059677,0.0619049928558832,0.0259462517231745));
#2780=CARTESIAN_POINT('',(-0.0238909499276324,0.0386932882638255,0.000431879641332745));
#2781=CARTESIAN_POINT('',(-0.0166220621386713,0.0242339633826906,0.00405196415156643));
#2782=CARTESIAN_POINT('',(-0.00817735558269205,0.0207333716493897,0.00231937462851998));
#2783=CARTESIAN_POINT('',(-0.00648151491725886,0.0190375309839565,0.000934726523395584));
#2784=CARTESIAN_POINT('',(0.00795730200535823,0.0720237822810077,0.0730306538344266));
#2785=CARTESIAN_POINT('',(0.00769666502631735,0.0718709371015687,0.0545214277919227));
#2786=CARTESIAN_POINT('',(-0.00847236800121503,0.0623398140432987,0.0254831013927323));
#2787=CARTESIAN_POINT('',(-0.0245597394375794,0.038613505539586,3.38693702026901E-5));
#2788=CARTESIAN_POINT('',(-0.0162943787127901,0.0243978141432755,0.00345649823131927));
#2789=CARTESIAN_POINT('',(-0.00821074866160409,0.0208835608641333,0.00189284532204957));
#2790=CARTESIAN_POINT('',(-0.0065766620311995,0.0192494742337287,0.000558619175384515));
#2791=CARTESIAN_POINT('',(0.0077954827631141,0.0723674521574891,0.0730272376834405));
#2792=CARTESIAN_POINT('',(0.00753789770486371,0.0722124872889635,0.0544300638643096));
#2793=CARTESIAN_POINT('',(-0.00844372567972724,0.0625495065507269,0.0252483988447254));
#2794=CARTESIAN_POINT('',(-0.0249016303768398,0.0385878157658519,-0.000124639648341902));
#2795=CARTESIAN_POINT('',(-0.016173655134067,0.0244430700161265,0.00313495745013947));
#2796=CARTESIAN_POINT('',(-0.00824263556607467,0.0209466818668884,0.00167231169553484));
#2797=CARTESIAN_POINT('',(-0.00664044532747128,0.019344491628285,0.000364128843719392));
#2798=CARTESIAN_POINT('',(0.00742933103567808,0.0730325800591775,0.0730205603545011));
#2799=CARTESIAN_POINT('',(0.00717766499273926,0.072873385939485,0.0542514956868693));
#2800=CARTESIAN_POINT('',(-0.0084403928315025,0.0629475298987682,0.0247915522396068));
#2801=CARTESIAN_POINT('',(-0.0255890184777495,0.0385773205714531,-0.000405448570072921));
#2802=CARTESIAN_POINT('',(-0.0160195196911098,0.0244483447263204,0.00249079187327758));
#2803=CARTESIAN_POINT('',(-0.00834582558927259,0.0210498718900863,0.00121231096855064));
#2804=CARTESIAN_POINT('',(-0.00680708871607333,0.019511135016887,-4.40624273639732E-5));
#2805=CARTESIAN_POINT('',(0.00721852894643114,0.0733616202825635,0.0730171731327428));
#2806=CARTESIAN_POINT('',(0.00696974341201648,0.0732003272226183,0.0541608981450331));
#2807=CARTESIAN_POINT('',(-0.00847132822554376,0.0631440705227439,0.0245580303518567));
#2808=CARTESIAN_POINT('',(-0.0259398634242299,0.0385891679943384,-0.000521300518624313));
#2809=CARTESIAN_POINT('',(-0.015994725147167,0.0244115872254286,0.00214620290825943));
#2810=CARTESIAN_POINT('',(-0.0084124316481298,0.0210826424917445,0.000986110348728034));
#2811=CARTESIAN_POINT('',(-0.00690568803949561,0.0195758988831103,-0.000244140656056486));
#2812=CARTESIAN_POINT('',(0.00675296494199363,0.0739900942770558,0.0730108840874228));
#2813=CARTESIAN_POINT('',(0.00650975886192046,0.0738246705441407,0.0539926806378854));
#2814=CARTESIAN_POINT('',(-0.00858835307997692,0.0635119780534997,0.0241238074177098));
#2815=CARTESIAN_POINT('',(-0.0266349344101202,0.038648916435088,-0.000732206066490194));
#2816=CARTESIAN_POINT('',(-0.016039250079567,0.0242601711872697,0.00148633564669309));
#2817=CARTESIAN_POINT('',(-0.00857000021173912,0.0211177505253113,0.000554637664465017));
#2818=CARTESIAN_POINT('',(-0.00712311386846304,0.0196708641820353,-0.000626740087810926));
#2819=CARTESIAN_POINT('',(0.00649821278873044,0.0742895109178797,0.0730079702600279));
#2820=CARTESIAN_POINT('',(0.00625770908614785,0.0741220709901231,0.0539147395153563));
#2821=CARTESIAN_POINT('',(-0.00867421941847519,0.0636842974114163,0.0239222696801545));
#2822=CARTESIAN_POINT('',(-0.0269795869518208,0.0386958565362338,-0.000826684696782316));
#2823=CARTESIAN_POINT('',(-0.016107056632516,0.0241469230811156,0.00117060199472466));
#2824=CARTESIAN_POINT('',(-0.00866094786371818,0.0211200589259487,0.000349256560601453));
#2825=CARTESIAN_POINT('',(-0.00724197536412034,0.0197010864263509,-0.000809329633750659));
#2826=CARTESIAN_POINT('',(0.00595075711317756,0.0748510233908392,0.073002757418721));
#2827=CARTESIAN_POINT('',(0.00571563508241854,0.0746798635031799,0.0537753021923739));
#2828=CARTESIAN_POINT('',(-0.00888523643978707,0.0640113766469399,0.0235616213483102));
#2829=CARTESIAN_POINT('',(-0.0276740770365695,0.0388108997416351,-0.00100872180575102));
#2830=CARTESIAN_POINT('',(-0.0163048229816708,0.0238665841039599,0.000587609096358183));
#2831=CARTESIAN_POINT('',(-0.00886455253609597,0.0210985293841643,-4.07038338968126E-5));
#2832=CARTESIAN_POINT('',(-0.00749670236082751,0.0197306792088958,-0.0011575488252249));
#2833=CARTESIAN_POINT('',(0.00565791474124589,0.0751128547534675,0.0730004573983104));
#2834=CARTESIAN_POINT('',(0.0054254861213191,0.0749400039634055,0.0537137787489999));
#2835=CARTESIAN_POINT('',(-0.0090096453839246,0.0641666753966892,0.0234024025548848));
#2836=CARTESIAN_POINT('',(-0.0280249977494312,0.038878160513482,-0.00109592361681988));
#2837=CARTESIAN_POINT('',(-0.0164333724978437,0.0237006740352625,0.000319716579798128));
#2838=CARTESIAN_POINT('',(-0.0089769985203556,0.0210749582439273,-0.000225600965400143));
#2839=CARTESIAN_POINT('',(-0.00763243323196462,0.0197303929555363,-0.00132343392620548));
#2840=CARTESIAN_POINT('',(0.00504227790739497,0.0755936486391337,0.0729964386865505));
#2841=CARTESIAN_POINT('',(0.00481525706358838,0.0754178945228716,0.0536062749029614));
#2842=CARTESIAN_POINT('',(-0.00928703360063596,0.0644645428040383,0.0231233280202758));
#2843=CARTESIAN_POINT('',(-0.0287364094797084,0.039022817629346,-0.00125671006791984));
#2844=CARTESIAN_POINT('',(-0.0167344444863066,0.023333110292585,-0.000177358827019344));
#2845=CARTESIAN_POINT('',(-0.00922245645307576,0.0210011887073486,-0.000575201000031245));
#2846=CARTESIAN_POINT('',(-0.00792055072849488,0.0196992829827678,-0.00163820257284176));
#2847=CARTESIAN_POINT('',(0.00471948344558304,0.0758126111620642,0.0729947205287326));
#2848=CARTESIAN_POINT('',(0.00449517697255312,0.0756356446165159,0.0535603084393769));
#2849=CARTESIAN_POINT('',(-0.00944001253128096,0.0646071111197091,0.0230034682109749));
#2850=CARTESIAN_POINT('',(-0.0290969010283585,0.0391002145045978,-0.00133029390934074));
#2851=CARTESIAN_POINT('',(-0.0169069662164267,0.0231314558764352,-0.000406542357736309));
#2852=CARTESIAN_POINT('',(-0.00935546920225533,0.0209509911117262,-0.00073990324937466));
#2853=CARTESIAN_POINT('',(-0.00807293735388804,0.0196684592633589,-0.00178708611849748));
#2854=CARTESIAN_POINT('',(0.00405221940608397,0.0762026482806575,0.0729918318669909));
#2855=CARTESIAN_POINT('',(0.00383337821839148,0.0760238758939362,0.0534830136622054));
#2856=CARTESIAN_POINT('',(-0.00976532359422162,0.0648832827145178,0.0228002905744779));
#2857=CARTESIAN_POINT('',(-0.0298296525567599,0.0392557802241189,-0.00145787925945001));
#2858=CARTESIAN_POINT('',(-0.0172806520164155,0.0227081701045155,-0.000834674120399913));
#2859=CARTESIAN_POINT('',(-0.00964130792564666,0.020822922739734,-0.0010491110666964));
#2860=CARTESIAN_POINT('',(-0.00839428736761942,0.0195759021817068,-0.00206729908867223));
#2861=CARTESIAN_POINT('',(0.00370791356266275,0.0763739741553844,0.0729906765882776));
#2862=CARTESIAN_POINT('',(0.00349182813111214,0.0761946209350628,0.0534520903271207));
#2863=CARTESIAN_POINT('',(-0.00993719803195972,0.0650179205951772,0.0227177403457369));
#2864=CARTESIAN_POINT('',(-0.0302044249638592,0.0393329759122846,-0.00151356391256312));
#2865=CARTESIAN_POINT('',(-0.0174803301422067,0.0224875490720086,-0.00103177035065634));
#2866=CARTESIAN_POINT('',(-0.00979441399024829,0.0207447774581473,-0.00119337193754719));
#2867=CARTESIAN_POINT('',(-0.00856345382901972,0.0195138172969187,-0.00219844670044856));
#2868=CARTESIAN_POINT('',(0.00300744278565901,0.0766674784628595,0.0729888515186166));
#2869=CARTESIAN_POINT('',(0.00279693996900459,0.0764875674088204,0.0534032155451325));
#2870=CARTESIAN_POINT('',(-0.0102883173203155,0.0652760010156785,0.0225844895044122));
#2871=CARTESIAN_POINT('',(-0.0309550284876111,0.0394810015183784,-0.0015959797270138));
#2872=CARTESIAN_POINT('',(-0.0178974556877699,0.0220414642633009,-0.00140430335651475));
#2873=CARTESIAN_POINT('',(-0.010120907294211,0.0205556486591036,-0.00145710747607243));
#2874=CARTESIAN_POINT('',(-0.00891918763069089,0.0193539289955836,-0.0024383074725702));
#2875=CARTESIAN_POINT('',(0.00265129634195466,0.0767896581586876,0.0729881815980908));
#2876=CARTESIAN_POINT('',(0.00244360003678584,0.0766097778632623,0.0533852573311924));
#2877=CARTESIAN_POINT('',(-0.0104688159915869,0.065399930804086,0.0225333731934185));
#2878=CARTESIAN_POINT('',(-0.0313303692802965,0.0395518961365573,-0.00162271179832943));
#2879=CARTESIAN_POINT('',(-0.0181150037164725,0.021815936303306,-0.00157976688583336));
#2880=CARTESIAN_POINT('',(-0.0102943614658914,0.0204446292564765,-0.00157662188507659));
#2881=CARTESIAN_POINT('',(-0.00910582242884765,0.0192560902194327,-0.00254705994512197));
#2882=CARTESIAN_POINT('',(0.00193673743709176,0.076985394867736,0.0729872340096037));
#2883=CARTESIAN_POINT('',(0.00173460646974875,0.0768062494309907,0.0533598041398352));
#2884=CARTESIAN_POINT('',(-0.0108350416768202,0.0656414451615981,0.0224547472634658));
#2885=CARTESIAN_POINT('',(-0.0320765428209967,0.0396801147444737,-0.00164116507995571));
#2886=CARTESIAN_POINT('',(-0.0185613649828591,0.0213735148487143,-0.00192114642000539));
#2887=CARTESIAN_POINT('',(-0.0106599190646616,0.0201835998912535,-0.0017824076035346));
#2888=CARTESIAN_POINT('',(-0.00949519069085939,0.0190188715174513,-0.0027334043384536));
#2889=CARTESIAN_POINT('',(0.00157834205235416,0.0770589580177393,0.0729869590781328));
#2890=CARTESIAN_POINT('',(0.00137897054704598,0.0768805154738299,0.0533523808848455));
#2891=CARTESIAN_POINT('',(-0.0110207113271686,0.0657589602229582,0.0224272450070159));
#2892=CARTESIAN_POINT('',(-0.032447216372718,0.0397374271341882,-0.00163285958267751));
#2893=CARTESIAN_POINT('',(-0.0187901124528676,0.021156680240515,-0.00208697237565769));
#2894=CARTESIAN_POINT('',(-0.0108521114795559,0.020033519717733,-0.00186870431175052));
#2895=CARTESIAN_POINT('',(-0.00969801387793987,0.018879422116117,-0.0028110210575269));
#2896=CARTESIAN_POINT('',(0.000868402227513681,0.0771601674932045,0.0729866966247773));
#2897=CARTESIAN_POINT('',(0.000674399261012018,0.0769838183495835,0.05334517666299));
#2898=CARTESIAN_POINT('',(-0.0113945960815333,0.0659912100980271,0.0223865854437959));
#2899=CARTESIAN_POINT('',(-0.0331761346911775,0.0398311105020951,-0.00157281398234275));
#2900=CARTESIAN_POINT('',(-0.0192552545366842,0.0207455866933566,-0.00242413527902023));
#2901=CARTESIAN_POINT('',(-0.0112495496601544,0.01968823735195,-0.00199412524521019));
#2902=CARTESIAN_POINT('',(-0.0101142957892375,0.0185529834810331,-0.00292105614929875));
#2903=CARTESIAN_POINT('',(0.000516871602910638,0.0771878241118088,0.072986709095076));
#2904=CARTESIAN_POINT('',(0.000325477272429845,0.0770128647501019,0.0533453952884018));
#2905=CARTESIAN_POINT('',(-0.0115828248718902,0.0661059099142106,0.0223734031825996));
#2906=CARTESIAN_POINT('',(-0.0335343384269714,0.0398675311029046,-0.00152104727133954));
#2907=CARTESIAN_POINT('',(-0.019491789756664,0.0205512480314519,-0.00259552991075982));
#2908=CARTESIAN_POINT('',(-0.0114548994644077,0.0194929057500638,-0.00203323893883033));
#2909=CARTESIAN_POINT('',(-0.0103278648415188,0.0183658711271748,-0.00295345885500628));
#2910=CARTESIAN_POINT('',(-0.000245738569664753,0.0772033778009137,0.0729869322660709));
#2911=CARTESIAN_POINT('',(-0.000431652773167945,0.0770322367431731,0.0533510251716673));
#2912=CARTESIAN_POINT('',(-0.0120023497030548,0.0663606440781676,0.0223473716425058));
#2913=CARTESIAN_POINT('',(-0.0343031346387074,0.039917941020253,-0.00134636505459851));
#2914=CARTESIAN_POINT('',(-0.0200257692271546,0.0201593919781849,-0.00300299112479999));
#2915=CARTESIAN_POINT('',(-0.0119107104238313,0.0190063058884001,-0.00204580845553512));
#2916=CARTESIAN_POINT('',(-0.0107990702520625,0.0178946657166312,-0.00295345885500628));
#2917=CARTESIAN_POINT('',(-0.000649052548184195,0.0771815620988895,0.0729873497068399));
#2918=CARTESIAN_POINT('',(-0.000831965664434372,0.0770129617936415,0.0533620237573081));
#2919=CARTESIAN_POINT('',(-0.0122178432969836,0.0664980115943137,0.0223558177410429));
#2920=CARTESIAN_POINT('',(-0.0347284532670427,0.0399278456527236,-0.00124470170519415));
#2921=CARTESIAN_POINT('',(-0.0202907332304318,0.019968126577744,-0.00319651329140276));
#2922=CARTESIAN_POINT('',(-0.0121882883407981,0.0187144395713873,-0.00205164167042734));
#2923=CARTESIAN_POINT('',(-0.0110837923690522,0.0176099435996415,-0.00295345885500628));
#2924=CARTESIAN_POINT('',(-0.0014259687703927,0.0770886624215543,0.0729886610135442));
#2925=CARTESIAN_POINT('',(-0.0016028524896953,0.0769257754491025,0.0533967731895295));
#2926=CARTESIAN_POINT('',(-0.0126174892689464,0.0667631140472054,0.0224067000829396));
#2927=CARTESIAN_POINT('',(-0.0355712423264824,0.0399209933858613,-0.00103026215311688));
#2928=CARTESIAN_POINT('',(-0.0207742239982436,0.0196253057687307,-0.00353500009360431));
#2929=CARTESIAN_POINT('',(-0.0127848881961379,0.0180935715261641,-0.00206154911745984));
#2930=CARTESIAN_POINT('',(-0.0116925263193337,0.01700120964936,-0.00295345885500628));
#2931=CARTESIAN_POINT('',(-0.00179962899768127,0.0770175691799326,0.0729895548610499));
#2932=CARTESIAN_POINT('',(-0.00197351588279406,0.0768578538739101,0.053420523073603));
#2933=CARTESIAN_POINT('',(-0.0128036641952783,0.0668907846055256,0.0224490771895876));
#2934=CARTESIAN_POINT('',(-0.035986992225631,0.0399048416727972,-0.000917488977072363));
#2935=CARTESIAN_POINT('',(-0.0209934941789825,0.01947317680179,-0.00368017945186132));
#2936=CARTESIAN_POINT('',(-0.0131039379184333,0.017764597581876,-0.00206560066412259));
#2937=CARTESIAN_POINT('',(-0.0120165381526255,0.0166771978160682,-0.00295345885500628));
#2938=CARTESIAN_POINT('',(-0.00288061783499271,0.0767411270648827,0.072992783980648));
#2939=CARTESIAN_POINT('',(-0.00304569387128097,0.076591667562682,0.0535064679689799));
#2940=CARTESIAN_POINT('',(-0.0133335198745515,0.067257145803167,0.0226200229088084));
#2941=CARTESIAN_POINT('',(-0.0372160748161708,0.0398313816602603,-0.000564114573898231));
#2942=CARTESIAN_POINT('',(-0.0216053999151979,0.0190542731601949,-0.00405566736489704));
#2943=CARTESIAN_POINT('',(-0.0141037444673653,0.016741081500079,-0.00207528004038242));
#2944=CARTESIAN_POINT('',(-0.01302819946799,0.0156655365007037,-0.00295345885500628));
#2945=CARTESIAN_POINT('',(-0.00354841312997188,0.0764742798204716,0.0729957067211857));
#2946=CARTESIAN_POINT('',(-0.00370785581722818,0.0763326253023426,0.0535843864054394));
#2947=CARTESIAN_POINT('',(-0.0136490495809591,0.0674795969796689,0.022790372721817));
#2948=CARTESIAN_POINT('',(-0.0380105814638999,0.0397497228075573,-0.000308902021326133));
#2949=CARTESIAN_POINT('',(-0.0219526348718704,0.0188245273532582,-0.00422782437600747));
#2950=CARTESIAN_POINT('',(-0.0148272736140751,0.0160100600516647,-0.00207833875974495));
#2951=CARTESIAN_POINT('',(-0.013755474765552,0.0149382612031416,-0.00295345885500628));
#2952=CARTESIAN_POINT('',(-0.00480424804017237,0.0757879356515099,0.073003046665771));
#2953=CARTESIAN_POINT('',(-0.00495369954787569,0.0756629448924225,0.053780262552993));
#2954=CARTESIAN_POINT('',(-0.0142801950252987,0.0678384139158021,0.0232423693622501));
#2955=CARTESIAN_POINT('',(-0.0395147243243924,0.0396051798704991,0.000253241655264776));
#2956=CARTESIAN_POINT('',(-0.022664382987133,0.0183287634727218,-0.00444039255519086));
#2957=CARTESIAN_POINT('',(-0.0162861588135415,0.0145544664738852,-0.00207699496081835));
#2958=CARTESIAN_POINT('',(-0.015212714154175,0.0134810218145187,-0.00295345885500627));
#2959=CARTESIAN_POINT('',(-0.0053933977752409,0.0753678423671107,0.0730074856711648));
#2960=CARTESIAN_POINT('',(-0.00553835698157991,0.0752518022956893,0.0538987989103908));
#2961=CARTESIAN_POINT('',(-0.0145885425931052,0.0679799101095772,0.0235249691823382));
#2962=CARTESIAN_POINT('',(-0.0402373886861409,0.0395335871519194,0.000561311467129201));
#2963=CARTESIAN_POINT('',(-0.0230161133820652,0.0180734922931422,-0.00447986239828156));
#2964=CARTESIAN_POINT('',(-0.0170213420938005,0.0138297215720224,-0.00207273351068289));
#2965=CARTESIAN_POINT('',(-0.0159426782452359,0.0127510577234578,-0.00295345885500627));
#2966=CARTESIAN_POINT('',(-0.0064930931793458,0.0743402891204213,0.0730181213050077));
#2967=CARTESIAN_POINT('',(-0.00663099993744126,0.0742426826830691,0.0541829561547136));
#2968=CARTESIAN_POINT('',(-0.0152472875764824,0.0681098315305781,0.0242204569769424));
#2969=CARTESIAN_POINT('',(-0.0415116348660632,0.0394866088205459,0.00125543899734299));
#2970=CARTESIAN_POINT('',(-0.0238526966640558,0.0174110872239274,-0.0044070086726639));
#2971=CARTESIAN_POINT('',(-0.0184014952772391,0.0124906008998321,-0.00205598205811237));
#2972=CARTESIAN_POINT('',(-0.0173023151730504,0.0113914207956433,-0.00295345885500627));
#2973=CARTESIAN_POINT('',(-0.00700486010104343,0.0737318007557152,0.073024357517418));
#2974=CARTESIAN_POINT('',(-0.00714025293673787,0.073643711751574,0.0543496353691947));
#2975=CARTESIAN_POINT('',(-0.0156018163131601,0.0680993920022453,0.0246360179715916));
#2976=CARTESIAN_POINT('',(-0.0420691056123891,0.0395114951368271,0.00164095836502848));
#2977=CARTESIAN_POINT('',(-0.0243406218552847,0.0170013539730071,-0.00429520004597349));
#2978=CARTESIAN_POINT('',(-0.0190462031114867,0.0118759630605724,-0.0020437060340643));
#2979=CARTESIAN_POINT('',(-0.0179319880098039,0.0107617479588897,-0.00295345885500627));
#2980=CARTESIAN_POINT('',(-0.00779611440421484,0.0724236386067056,0.0730376931575134));
#2981=CARTESIAN_POINT('',(-0.00792999161421772,0.0723523470077893,0.0547062193009948));
#2982=CARTESIAN_POINT('',(-0.0162980339633542,0.0678480416168558,0.025543610620941));
#2983=CARTESIAN_POINT('',(-0.042818178603334,0.0397035660110735,0.00246442445841826));
#2984=CARTESIAN_POINT('',(-0.0254255412665825,0.0160317743213226,-0.0038883651812982));
#2985=CARTESIAN_POINT('',(-0.0200295785608766,0.0109703247482828,-0.00201196998073752));
#2986=CARTESIAN_POINT('',(-0.0188764948906437,0.00981724107804995,-0.00295345885500627));
#2987=CARTESIAN_POINT('',(-0.00810091006054091,0.071764844955569,0.073043920541903));
#2988=CARTESIAN_POINT('',(-0.00823524979657212,0.07170145403842,0.0548726154258396));
#2989=CARTESIAN_POINT('',(-0.0166315490545937,0.0676864446556169,0.0259530428430832));
#2990=CARTESIAN_POINT('',(-0.0430532154109893,0.0397865719713145,0.0029660855867782));
#2991=CARTESIAN_POINT('',(-0.0259947756838241,0.0155930418323375,-0.0037518764933015));
#2992=CARTESIAN_POINT('',(-0.0203757010579821,0.0105699122771733,-0.00187036567895962));
#2993=CARTESIAN_POINT('',(-0.0191996188424084,0.00939383006159955,-0.00283063278686551));
#2994=CARTESIAN_POINT('',(-0.00853966882428383,0.0703346618890511,0.0730565506710611));
#2995=CARTESIAN_POINT('',(-0.00867721621344144,0.070286703656781,0.0552100536836016));
#2996=CARTESIAN_POINT('',(-0.0172702476793683,0.0672280185790174,0.0267789366585081));
#2997=CARTESIAN_POINT('',(-0.0432325041595282,0.0399702721863017,0.00415066641101054));
#2998=CARTESIAN_POINT('',(-0.0271960158356622,0.0147164845699363,-0.00342201070431337));
#2999=CARTESIAN_POINT('',(-0.0209129567375998,0.0098427573458209,-0.00144997024858752));
#3000=CARTESIAN_POINT('',(-0.0196793674546004,0.0086091680628215,-0.00245719168042561));
#3001=CARTESIAN_POINT('',(-0.00867288694168078,0.0695638731496,0.0730629066944718));
#3002=CARTESIAN_POINT('',(-0.00881319467343352,0.0695234384633313,0.0553798508253406));
#3003=CARTESIAN_POINT('',(-0.0175756495440475,0.0669312491277216,0.0271927779429568));
#3004=CARTESIAN_POINT('',(-0.0431791319365142,0.0400682045541082,0.00484365054072977));
#3005=CARTESIAN_POINT('',(-0.0278269983268,0.0142802152554006,-0.00323141449170865));
#3006=CARTESIAN_POINT('',(-0.0211059983181473,0.00951385646623365,-0.00117098691212379));
#3007=CARTESIAN_POINT('',(-0.0198379354196534,0.00824579356773972,-0.00220635593314538));
#3008=CARTESIAN_POINT('',(-0.00871096903347131,0.0683881943268186,0.0730723909872591));
#3009=CARTESIAN_POINT('',(-0.00885734622509294,0.0683577689571759,0.0556332577215324));
#3010=CARTESIAN_POINT('',(-0.0179923261827219,0.0663868326020338,0.0278153002857592));
#3011=CARTESIAN_POINT('',(-0.0428057016303401,0.0402314821628566,0.0059073988714528));
#3012=CARTESIAN_POINT('',(-0.0287344762692311,0.0136720969899309,-0.00281970107733112));
#3013=CARTESIAN_POINT('',(-0.0213078815936747,0.00908570699347726,-0.000691237451803443));
#3014=CARTESIAN_POINT('',(-0.0199777758463716,0.00775560124617418,-0.00177726424674873));
#3015=CARTESIAN_POINT('',(-0.00869709017962042,0.0679932629512611,0.0730755332133838));
#3016=CARTESIAN_POINT('',(-0.00884580022868705,0.0679659634367126,0.0557172316043871));
#3017=CARTESIAN_POINT('',(-0.0181239622931527,0.066189153351366,0.0280237851180395));
#3018=CARTESIAN_POINT('',(-0.0426331791019378,0.0402874958816463,0.00626625209992414));
#3019=CARTESIAN_POINT('',(-0.0290288659558843,0.0134790079233574,-0.00266296267566704));
#3020=CARTESIAN_POINT('',(-0.0213603968903218,0.0089535179715218,-0.000520722350817255));
#3021=CARTESIAN_POINT('',(-0.0200079594161524,0.00760108049735244,-0.00162498292439507));
#3022=CARTESIAN_POINT('',(-0.00861580082559325,0.0672092856111439,0.0730818675307311));
#3023=CARTESIAN_POINT('',(-0.00876971047083104,0.0671878217716005,0.0558865160787897));
#3024=CARTESIAN_POINT('',(-0.018366996103761,0.0657736194933314,0.0284444704097503));
#3025=CARTESIAN_POINT('',(-0.0421958759749747,0.0404015772217673,0.00694703785568205));
#3026=CARTESIAN_POINT('',(-0.0295837707988305,0.0131239853711689,-0.00229780509679256));
#3027=CARTESIAN_POINT('',(-0.021438078744619,0.00871093566021546,-0.000161408120782662));
#3028=CARTESIAN_POINT('',(-0.0200374618767148,0.00731031879231131,-0.00130500700461611));
#3029=CARTESIAN_POINT('',(-0.0085483944176049,0.0668202726157204,0.0730850600926256));
#3030=CARTESIAN_POINT('',(-0.00870517918404152,0.066801515525407,0.0559718511845009));
#3031=CARTESIAN_POINT('',(-0.0184789218006911,0.0655556092659494,0.0286581645755916));
#3032=CARTESIAN_POINT('',(-0.0419308321850551,0.0404607473649538,0.00726543603688405));
#3033=CARTESIAN_POINT('',(-0.0298452138422243,0.0129609998458348,-0.00208815045358211));
#3034=CARTESIAN_POINT('',(-0.021463329096234,0.00860058848966486,2.74904403682473E-5));
#3035=CARTESIAN_POINT('',(-0.0200367853994349,0.00717404479286585,-0.00113727761061214));
#3036=CARTESIAN_POINT('',(-0.00836317253139445,0.0660597570732544,0.0730915861949613));
#3037=CARTESIAN_POINT('',(-0.00852599583249759,0.0660460278713439,0.0561463333055858));
#3038=CARTESIAN_POINT('',(-0.0186703752058371,0.0651128765082438,0.0291001554804092));
#3039=CARTESIAN_POINT('',(-0.0413390452808282,0.0405732435989615,0.00782403607625865));
#3040=CARTESIAN_POINT('',(-0.0303131726081359,0.012680430161102,-0.00160496203905095));
#3041=CARTESIAN_POINT('',(-0.0214867327950925,0.00840284859889298,0.000422122447469814));
#3042=CARTESIAN_POINT('',(-0.0200047342885648,0.00692085009236535,-0.000787924266049994));
#3043=CARTESIAN_POINT('',(-0.00824537113221732,0.0656882842279099,0.0730949478208337));
#3044=CARTESIAN_POINT('',(-0.00841134889921343,0.0656768819645079,0.0562362175796773));
#3045=CARTESIAN_POINT('',(-0.0187493598783484,0.064888545410616,0.0293286664836831));
#3046=CARTESIAN_POINT('',(-0.0410132171229953,0.0406262020997903,0.0080632203946583));
#3047=CARTESIAN_POINT('',(-0.0305189223394772,0.0125633188729814,-0.00133036089948824));
#3048=CARTESIAN_POINT('',(-0.0214849258659293,0.00831547285319419,0.000627931026104876));
#3049=CARTESIAN_POINT('',(-0.019973355112182,0.00680390209944684,-0.000606261326160179));
#3050=CARTESIAN_POINT('',(-0.00796572827596433,0.0649731188992304,0.0731017170374232));
#3051=CARTESIAN_POINT('',(-0.00813792582601906,0.064966155069692,0.0564172425311544));
#3052=CARTESIAN_POINT('',(-0.0188577983957337,0.0644539887512039,0.0297919940983491));
#3053=CARTESIAN_POINT('',(-0.0403440166314968,0.0407055738424783,0.00846089882760096));
#3054=CARTESIAN_POINT('',(-0.0308471799336738,0.0124000422807119,-0.000734426524974518));
#3055=CARTESIAN_POINT('',(-0.0214509133229808,0.00816466417441403,0.00105395454230744));
#3056=CARTESIAN_POINT('',(-0.0198782079982413,0.00659195884967464,-0.000230153978149109));
#3057=CARTESIAN_POINT('',(-0.00780390907821949,0.0646294490672483,0.0731051316339183));
#3058=CARTESIAN_POINT('',(-0.00797916082436418,0.0646246072020961,0.0565085667840739));
#3059=CARTESIAN_POINT('',(-0.0188865824619362,0.0642444379884906,0.0300268236759987));
#3060=CARTESIAN_POINT('',(-0.0400019054718364,0.0407310433958124,0.00861922694922464));
#3061=CARTESIAN_POINT('',(-0.0309682111748103,0.0123550940702745,-0.000412634435692895));
#3062=CARTESIAN_POINT('',(-0.0214186944848323,0.00810121123798113,0.00127421714610914));
#3063=CARTESIAN_POINT('',(-0.0198144247019696,0.00649694145511835,-3.56636464839872E-5));
#3064=CARTESIAN_POINT('',(-0.00743775742777295,0.0639643212425494,0.0731117953265067));
#3065=CARTESIAN_POINT('',(-0.0076189321257893,0.063963712565124,0.0566867802733648));
#3066=CARTESIAN_POINT('',(-0.0188901605467091,0.0638466598769974,0.0304839677864694));
#3067=CARTESIAN_POINT('',(-0.0393141363613714,0.0407411575806558,0.0088997154111975));
#3068=CARTESIAN_POINT('',(-0.0311228789132288,0.0123503516555417,0.000231966643784489));
#3069=CARTESIAN_POINT('',(-0.021314930173771,0.00799744692691978,0.00173374896901638));
#3070=CARTESIAN_POINT('',(-0.0196477813133676,0.00633029806651629,0.000372527624599378));
#3071=CARTESIAN_POINT('',(-0.00744976542317186,0.0730054084709713,0.0722610389055838));
#3072=CARTESIAN_POINT('',(-0.00667126242692231,0.0742873033069681,0.0722638180876863));
#3073=CARTESIAN_POINT('',(-0.0051556307742589,0.075736689361777,0.0722706003692163));
#3074=CARTESIAN_POINT('',(-0.00259138083884615,0.0768942209411753,0.0722766187873238));
#3075=CARTESIAN_POINT('',(-0.00103862710632624,0.0771703602735978,0.072278724417142));
#3076=CARTESIAN_POINT('',(-0.000176344039161314,0.0771861464198796,0.0722804024985974));
#3077=CARTESIAN_POINT('',(-0.00744976542271434,0.0730054084705053,0.0722610389821581));
#3078=CARTESIAN_POINT('',(-0.000176344039161326,0.0771861464198796,0.0722804024985974));
#3079=CARTESIAN_POINT('',(-2.97360109035054E-9,0.0771879718990587,0.0722805559219412));
#3080=CARTESIAN_POINT('',(-5.8784117432759E-5,0.0771874667721374,0.0722804496703964));
#3081=CARTESIAN_POINT('',(-0.000117565261264428,0.0771869616452162,0.0722803434188516));
#3082=CARTESIAN_POINT('',(-0.000176346405096096,0.0771864565182949,0.0722802371673068));
#3083=CARTESIAN_POINT('',(-0.00763589532293949,0.0642959424047,0.0722500642151948));
#3084=CARTESIAN_POINT('',(-0.00757892273263356,0.0641926591469423,0.0722501306384034));
#3085=CARTESIAN_POINT('',(-0.00751988072695865,0.0640904453744384,0.0722501587494893));
#3086=CARTESIAN_POINT('',(-0.0074588263237149,0.0639894178637784,0.0722501413675266));
#3087=CARTESIAN_POINT('',(-0.00763589837245397,0.0642959407213722,0.0722500623960682));
#3088=CARTESIAN_POINT('',(-0.00763589837245375,0.0642959407213724,0.07225006239608));
#3089=CARTESIAN_POINT('',(-0.00765730298335591,0.0643348065718543,0.0722500545156332));
#3090=CARTESIAN_POINT('',(-0.00772176667865331,0.0644542481177349,0.0722500202036176));
#3091=CARTESIAN_POINT('',(-0.0078249916359261,0.0646565554548434,0.0722499151392706));
#3092=CARTESIAN_POINT('',(-0.00800365403899042,0.0650327742601121,0.0722496565208271));
#3093=CARTESIAN_POINT('',(-0.00821893947339985,0.0655702575535704,0.0722493111877931));
#3094=CARTESIAN_POINT('',(-0.00842307753196941,0.066225124931961,0.0722492920979993));
#3095=CARTESIAN_POINT('',(-0.00862078123010571,0.0670933439305992,0.0722499686174167));
#3096=CARTESIAN_POINT('',(-0.00873629509926331,0.0681522920415883,0.072251593170763));
#3097=CARTESIAN_POINT('',(-0.00868380887021417,0.0697233286004428,0.0722543191538459));
#3098=CARTESIAN_POINT('',(-0.00828701375064408,0.0713715605749051,0.0722573614842882));
#3099=CARTESIAN_POINT('',(-0.00784224933280212,0.0723099081084729,0.0722594489462715));
#3100=CARTESIAN_POINT('',(-0.00762704525672397,0.0726994797911688,0.0722603381357716));
#3101=CARTESIAN_POINT('',(-0.00762704525672396,0.0726994797911688,0.0722603381357717));
#3102=CARTESIAN_POINT('',(-0.00744976786153377,0.0730054099520041,0.0722610374806346));
#3103=CARTESIAN_POINT('',(-0.00751066848878041,0.0729049379393832,0.0722608220117802));
#3104=CARTESIAN_POINT('',(-0.00756955369123914,0.0728033576715166,0.0722605911076884));
#3105=CARTESIAN_POINT('',(-0.0076270342412056,0.0726994736804075,0.0722603447614785));
#3106=CARTESIAN_POINT('',(0.00693285211439027,0.0656002871370342,0.07375));
#3107=CARTESIAN_POINT('',(0.00693218857044325,0.0656031747756864,0.0651492110066575));
#3108=CARTESIAN_POINT('',(0.00930114692841313,0.0653305133150365,0.0528487106852869));
#3109=CARTESIAN_POINT('',(0.0153954433209641,0.0623308966635764,0.0388101105093445));
#3110=CARTESIAN_POINT('',(0.0196735731500028,0.0596009986953636,0.0312901002009146));
#3111=CARTESIAN_POINT('',(0.0236831393094824,0.0565360599831593,0.0253799116156447));
#3112=CARTESIAN_POINT('',(0.0275978185010808,0.0531520731622118,0.0203664335906021));
#3113=CARTESIAN_POINT('',(0.0310644814342834,0.0491313107033086,0.0159399287240145));
#3114=CARTESIAN_POINT('',(0.0334605193784285,0.0446431794196493,0.012299206590378));
#3115=CARTESIAN_POINT('',(0.0346585710300617,0.0403508995439878,0.00956949260059199));
#3116=CARTESIAN_POINT('',(0.0350521378456826,0.0362847228802708,0.00742978772931053));
#3117=CARTESIAN_POINT('',(0.0348648127252381,0.0322366767151202,0.00563242072098599));
#3118=CARTESIAN_POINT('',(0.0340696252792169,0.027745537719291,0.00400067655584501));
#3119=CARTESIAN_POINT('',(0.0327356159183176,0.0231073941461575,0.00262524766025));
#3120=CARTESIAN_POINT('',(0.0309901273343027,0.0189311920890412,0.00160117498321477));
#3121=CARTESIAN_POINT('',(0.0290258164532546,0.0156701633122569,0.000985417598892362));
#3122=CARTESIAN_POINT('',(0.027179122989129,0.0134677506183084,0.000733454543150582));
#3123=CARTESIAN_POINT('',(0.0254609911033509,0.0119576499372375,0.000727751680692754));
#3124=CARTESIAN_POINT('',(0.023743866745029,0.0107465311573375,0.000814750448165274));
#3125=CARTESIAN_POINT('',(0.0221029513171254,0.00970263937455054,0.000830704613724008));
#3126=CARTESIAN_POINT('',(0.0204494827514899,0.00862920498169577,0.000630329495550312));
#3127=CARTESIAN_POINT('',(0.0194753651999446,0.00788287141548076,0.000222811742202346));
#3128=CARTESIAN_POINT('',(0.0190033557743409,0.00741144781393431,-0.000162348109840496));
#3129=CARTESIAN_POINT('',(0.00658161169942516,0.0648744526181571,0.07375));
#3130=CARTESIAN_POINT('',(0.00658170572875497,0.064877350010098,0.0652594644812768));
#3131=CARTESIAN_POINT('',(0.00904576705144434,0.0647016080202455,0.0531131616808518));
#3132=CARTESIAN_POINT('',(0.0151873905697066,0.0618874805057232,0.0391768601726011));
#3133=CARTESIAN_POINT('',(0.0194535790266467,0.0592849358354836,0.0316867428575228));
#3134=CARTESIAN_POINT('',(0.0234162930171865,0.0563431917835048,0.0257810924228425));
#3135=CARTESIAN_POINT('',(0.0272656594982995,0.0530667822935997,0.0207627112935083));
#3136=CARTESIAN_POINT('',(0.0306687680942878,0.0490959200436254,0.0163385294266101));
#3137=CARTESIAN_POINT('',(0.0330277860220362,0.0446302312941145,0.0126988719357245));
#3138=CARTESIAN_POINT('',(0.034239298559545,0.0403477916235046,0.00997219276633175));
#3139=CARTESIAN_POINT('',(0.034683826157095,0.0362822915134684,0.00783638258398033));
#3140=CARTESIAN_POINT('',(0.0345772051997961,0.0322279134608389,0.00603995352357371));
#3141=CARTESIAN_POINT('',(0.0338977077160982,0.0277292625301764,0.00439862762192124));
#3142=CARTESIAN_POINT('',(0.0326685794047659,0.0230884261784218,0.00301133760527126));
#3143=CARTESIAN_POINT('',(0.0309949438815092,0.0189076447811097,0.00198716866166669));
#3144=CARTESIAN_POINT('',(0.0290686659114201,0.0156345913428592,0.00136876243453044));
#3145=CARTESIAN_POINT('',(0.0272236279483367,0.0134111974980625,0.00111037846832194));
#3146=CARTESIAN_POINT('',(0.0254756654260091,0.0118763946623321,0.00110463178418562));
#3147=CARTESIAN_POINT('',(0.0237212377477967,0.0106477734896923,0.00118845888173858));
#3148=CARTESIAN_POINT('',(0.0220417599159782,0.00958583369837428,0.00119357234088815));
#3149=CARTESIAN_POINT('',(0.0203531911518834,0.00849115675212106,0.000974247887161585));
#3150=CARTESIAN_POINT('',(0.0193674816303607,0.00773241664285496,0.000553552045649055));
#3151=CARTESIAN_POINT('',(0.0188911896317124,0.00725653478077763,0.000164755740957916));
#3152=CARTESIAN_POINT('',(0.00616035910927164,0.0641972816501157,0.07375));
#3153=CARTESIAN_POINT('',(0.00616109283724259,0.0641996474552386,0.0653682539969138));
#3154=CARTESIAN_POINT('',(0.00872046140317021,0.0641268102848605,0.0533771509253373));
#3155=CARTESIAN_POINT('',(0.014912205415675,0.0614960321626624,0.0395310087635733));
#3156=CARTESIAN_POINT('',(0.0191737129870322,0.0590017226027708,0.0320619002911076));
#3157=CARTESIAN_POINT('',(0.0231000587723746,0.0561511098606002,0.0261583587409012));
#3158=CARTESIAN_POINT('',(0.0268850159892122,0.0529373423243359,0.0211332380602208));
#3159=CARTESIAN_POINT('',(0.0302172726454018,0.0490016445303306,0.0166990201567901));
#3160=CARTESIAN_POINT('',(0.0325402333045242,0.0445689477631183,0.0130541847064579));
#3161=CARTESIAN_POINT('',(0.0337631189030179,0.0403125479357353,0.0103332872966695));
#3162=CARTESIAN_POINT('',(0.0342529964238458,0.0362673974564262,0.00820970639999276));
#3163=CARTESIAN_POINT('',(0.0342197850519125,0.0322295632057316,0.00642691297640429));
#3164=CARTESIAN_POINT('',(0.0336519355721441,0.0277508713833662,0.00479228342536209));
#3165=CARTESIAN_POINT('',(0.0325331931359383,0.0231304190660381,0.00339541488057225));
#3166=CARTESIAN_POINT('',(0.0309322601364216,0.0189547263325085,0.00236353746317801));
#3167=CARTESIAN_POINT('',(0.0290386704490306,0.0156642494774475,0.00174536839222963));
#3168=CARTESIAN_POINT('',(0.0271894660086118,0.0134100054333274,0.00148764268349938));
#3169=CARTESIAN_POINT('',(0.0254082713108464,0.0118435274203398,0.00148007401570944));
#3170=CARTESIAN_POINT('',(0.023623348972531,0.0105940174200293,0.00155431391156961));
#3171=CARTESIAN_POINT('',(0.0219169678469362,0.00951118887627079,0.00154400858369485));
#3172=CARTESIAN_POINT('',(0.0202070203353383,0.00839387348205126,0.00130754715557784));
#3173=CARTESIAN_POINT('',(0.0192157350882905,0.00762344071059023,0.000879106838125348));
#3174=CARTESIAN_POINT('',(0.0187376212840866,0.00714558681621086,0.000488720737715163));
#3175=CARTESIAN_POINT('',(0.00549858557182041,0.063349758054156,0.07375));
#3176=CARTESIAN_POINT('',(0.005499514722007,0.0633508422575411,0.0655056088110015));
#3177=CARTESIAN_POINT('',(0.00818838795211977,0.0634153847023249,0.0537139748560585));
#3178=CARTESIAN_POINT('',(0.0144614386582047,0.0610261359176643,0.0399787632722577));
#3179=CARTESIAN_POINT('',(0.0187257931505523,0.0586542252754674,0.0325306577381997));
#3180=CARTESIAN_POINT('',(0.0226109831060837,0.0558880590700374,0.0266276934350913));
#3181=CARTESIAN_POINT('',(0.0263070566833112,0.0527135143200001,0.0215890450084588));
#3182=CARTESIAN_POINT('',(0.0295383818009,0.0488077946900651,0.0171360250893268));
#3183=CARTESIAN_POINT('',(0.031810101324535,0.0444273037132477,0.0134861758406326));
#3184=CARTESIAN_POINT('',(0.0330454402867385,0.0402268234900816,0.0107774407850273));
#3185=CARTESIAN_POINT('',(0.0335920814337621,0.0362350617998689,0.00867514532946741));
#3186=CARTESIAN_POINT('',(0.0336503718593196,0.0322483948035372,0.00691686291551314));
#3187=CARTESIAN_POINT('',(0.0332184546750108,0.0278284813698808,0.00530572688898891));
#3188=CARTESIAN_POINT('',(0.0322376342952777,0.0232587666028648,0.00392119884218051));
#3189=CARTESIAN_POINT('',(0.0307362544991636,0.0190998648350489,0.00289371670244708));
#3190=CARTESIAN_POINT('',(0.0288904076022047,0.0157850224181597,0.00227103295701227));
#3191=CARTESIAN_POINT('',(0.0270402989181423,0.0134833665447286,0.00199840668641481));
#3192=CARTESIAN_POINT('',(0.0252236888278288,0.0118657758477313,0.00196767094354517));
#3193=CARTESIAN_POINT('',(0.0234141519627268,0.0105828935692367,0.00201571826895754));
#3194=CARTESIAN_POINT('',(0.0216901198304219,0.009469394009811,0.0019784213888132));
#3195=CARTESIAN_POINT('',(0.0199687382692147,0.00832183798647317,0.00171535238872652));
#3196=CARTESIAN_POINT('',(0.0189770284179768,0.00753843798321399,0.0012763873974102));
#3197=CARTESIAN_POINT('',(0.0184987427662172,0.00706025393073005,0.000885796991214947));
#3198=CARTESIAN_POINT('',(0.00450544865694426,0.0624328138202491,0.07375));
#3199=CARTESIAN_POINT('',(0.00450623137218208,0.0624330825281804,0.0656494698556136));
#3200=CARTESIAN_POINT('',(0.00735078073089137,0.0626316935558711,0.0540617074107977));
#3201=CARTESIAN_POINT('',(0.0137554864355898,0.0604896974804459,0.0404522896908729));
#3202=CARTESIAN_POINT('',(0.0180394474966911,0.0582378492607929,0.0330294087191505));
#3203=CARTESIAN_POINT('',(0.0218826630084583,0.0555409900082796,0.0271271444991137));
#3204=CARTESIAN_POINT('',(0.025476686387428,0.0523907208612527,0.0220686525176391));
#3205=CARTESIAN_POINT('',(0.0286010571062817,0.048519505365108,0.0175935334454185));
#3206=CARTESIAN_POINT('',(0.0308164060817136,0.0442090517164599,0.0139422932215081));
#3207=CARTESIAN_POINT('',(0.0320561552447455,0.0400944581761247,0.0112519332300117));
#3208=CARTESIAN_POINT('',(0.032650555623189,0.0361947457142777,0.00917986957692349));
#3209=CARTESIAN_POINT('',(0.0327911396093212,0.0323057646876392,0.00745964255357643));
#3210=CARTESIAN_POINT('',(0.0324882111695296,0.0280031870502368,0.00589650867257517));
#3211=CARTESIAN_POINT('',(0.0316526601361149,0.023538149045014,0.00455368250914409));
#3212=CARTESIAN_POINT('',(0.0302704510481729,0.0194288195875076,0.00355087573780482));
#3213=CARTESIAN_POINT('',(0.0284947094477149,0.0160945518755756,0.00293019740181717));
#3214=CARTESIAN_POINT('',(0.0266673306179371,0.0137283122304655,0.00263519024846453));
#3215=CARTESIAN_POINT('',(0.0248403553822215,0.0120238882100103,0.00255864619807819));
#3216=CARTESIAN_POINT('',(0.0230292040915736,0.0106731631081174,0.00255334591070276));
#3217=CARTESIAN_POINT('',(0.0213085649911494,0.00950641202543538,0.00246671769698527));
#3218=CARTESIAN_POINT('',(0.019597906699966,0.0083187231851653,0.00216399156273823));
#3219=CARTESIAN_POINT('',(0.0186179201035963,0.00752602138097437,0.00171614157637339));
#3220=CARTESIAN_POINT('',(0.0181443412824885,0.00705244946227732,0.00132940687353667));
#3221=CARTESIAN_POINT('',(0.0033558122486718,0.0617569967193582,0.07375));
#3222=CARTESIAN_POINT('',(0.00335670264395477,0.0617567502400165,0.0657537157142217));
#3223=CARTESIAN_POINT('',(0.00634703394289765,0.0620255768788901,0.0543049327045896));
#3224=CARTESIAN_POINT('',(0.0128886694216349,0.0600186193792516,0.0407839283855406));
#3225=CARTESIAN_POINT('',(0.0172014806914892,0.0578379679363893,0.0333820607988116));
#3226=CARTESIAN_POINT('',(0.0210147775978007,0.0551878581885878,0.0274812358988114));
#3227=CARTESIAN_POINT('',(0.024526263831451,0.0520620317723461,0.0224081507408461));
#3228=CARTESIAN_POINT('',(0.0275634060307449,0.0482301211407165,0.0179203507745441));
#3229=CARTESIAN_POINT('',(0.029727513600008,0.0439933642535861,0.0142747907508649));
#3230=CARTESIAN_POINT('',(0.0309605244479184,0.0399726186300787,0.0116067598378479));
#3231=CARTESIAN_POINT('',(0.0315801877470837,0.0361785294194798,0.00956815657552388));
#3232=CARTESIAN_POINT('',(0.0317716057372044,0.0324074916213706,0.00789056812971601));
#3233=CARTESIAN_POINT('',(0.0315532210341021,0.0282519801063392,0.00638501155916282));
#3234=CARTESIAN_POINT('',(0.0308211503493711,0.0239281030435293,0.00510127119085128));
#3235=CARTESIAN_POINT('',(0.0295385200504845,0.019907726799264,0.00414165750594723));
#3236=CARTESIAN_POINT('',(0.0278424392598178,0.0165866198249148,0.00353619730528972));
#3237=CARTESIAN_POINT('',(0.0260691576210814,0.0141718857373978,0.00322829346240346));
#3238=CARTESIAN_POINT('',(0.0242781991869138,0.0123753919845822,0.00311415139570768));
#3239=CARTESIAN_POINT('',(0.0225053217026714,0.0109296284154046,0.0030545927355819));
#3240=CARTESIAN_POINT('',(0.0208198197761774,0.00968132389144609,0.00290662799036805));
#3241=CARTESIAN_POINT('',(0.0191456391950354,0.0084370343762772,0.00254738392732162));
#3242=CARTESIAN_POINT('',(0.0181872557502047,0.00763766359582793,0.00208535112451133));
#3243=CARTESIAN_POINT('',(0.0177202338366882,0.00717065497451203,0.00170405869781997));
#3244=CARTESIAN_POINT('',(0.00238955905856316,0.061376977874868,0.07375));
#3245=CARTESIAN_POINT('',(0.00239059635197562,0.0613761816186287,0.0658138757638413));
#3246=CARTESIAN_POINT('',(0.00549688164181945,0.0616646554165995,0.0544425408364814));
#3247=CARTESIAN_POINT('',(0.0121451650760628,0.0597055171733885,0.0409621257271421));
#3248=CARTESIAN_POINT('',(0.0164821023471629,0.0575527239132001,0.0335677885344218));
#3249=CARTESIAN_POINT('',(0.0202763917405059,0.0549258572234734,0.0276653238669538));
#3250=CARTESIAN_POINT('',(0.0237306320177421,0.051818409617741,0.0225818429404195));
#3251=CARTESIAN_POINT('',(0.0267059934433482,0.0480208024766275,0.0180866482626504));
#3252=CARTESIAN_POINT('',(0.0288316054463017,0.04384372520289,0.0144481850259666));
#3253=CARTESIAN_POINT('',(0.03005516710587,0.0398972619129156,0.0118005988934267));
#3254=CARTESIAN_POINT('',(0.0306858989662563,0.036186825304661,0.00979190474143492));
#3255=CARTESIAN_POINT('',(0.030904512999562,0.0325101732667066,0.0081526029191268));
#3256=CARTESIAN_POINT('',(0.0307339129135186,0.0284737448918611,0.00669962484079964));
#3257=CARTESIAN_POINT('',(0.0300651431581304,0.0242701495847937,0.00547168577155938));
#3258=CARTESIAN_POINT('',(0.0288520225918831,0.0203364429111996,0.00455438977270863));
#3259=CARTESIAN_POINT('',(0.0272212929553673,0.0170457530136121,0.00396599134349859));
#3260=CARTESIAN_POINT('',(0.025500150408354,0.0146102655208216,0.00365050526470728));
#3261=CARTESIAN_POINT('',(0.0237511632727671,0.0127545850344194,0.00350912879259464));
#3262=CARTESIAN_POINT('',(0.022020658458989,0.0112376111051248,0.00340907222555009));
#3263=CARTESIAN_POINT('',(0.0203744307380846,0.00992090697686719,0.00321356569305759));
#3264=CARTESIAN_POINT('',(0.0187390847272341,0.00862317399414637,0.00280679115540492));
#3265=CARTESIAN_POINT('',(0.0178007686714376,0.00781421217545362,0.0023295019161541));
#3266=CARTESIAN_POINT('',(0.0173376748036252,0.00735120683772488,0.00195146594307824));
#3267=CARTESIAN_POINT('',(0.00177711057349978,0.0612060422618591,0.07375));
#3268=CARTESIAN_POINT('',(0.00177828219726704,0.0612048513660167,0.0658433237134082));
#3269=CARTESIAN_POINT('',(0.00495352036402832,0.0614904457229285,0.0545083212091078));
#3270=CARTESIAN_POINT('',(0.0116659694703513,0.0595373254266031,0.0410405476822811));
#3271=CARTESIAN_POINT('',(0.0160194203495711,0.0573911570178397,0.033646307763462));
#3272=CARTESIAN_POINT('',(0.0198057115173544,0.0547741108773792,0.0277402343357318));
#3273=CARTESIAN_POINT('',(0.0232302266203575,0.0516782716821713,0.0226487165079302));
#3274=CARTESIAN_POINT('',(0.0261722027895653,0.047903004568342,0.0181480658566518));
#3275=CARTESIAN_POINT('',(0.0282756032919662,0.0437625884905124,0.0145140496097375));
#3276=CARTESIAN_POINT('',(0.029491488242028,0.0398608145775868,0.0118803071737225));
#3277=CARTESIAN_POINT('',(0.0301247540423558,0.0362005693097775,0.0098923283255764));
#3278=CARTESIAN_POINT('',(0.0303538412797181,0.0325807808865287,0.00827995544974755));
#3279=CARTESIAN_POINT('',(0.0302034377248897,0.0286165886336997,0.00686472698622813));
#3280=CARTESIAN_POINT('',(0.0295646617419095,0.0244889985175215,0.00567772690849001));
#3281=CARTESIAN_POINT('',(0.0283896101469608,0.0206150445212384,0.0047915194153951));
#3282=CARTESIAN_POINT('',(0.0267995157889087,0.0173523944015284,0.00421498402142677));
#3283=CARTESIAN_POINT('',(0.0251138837963829,0.0149132684162589,0.00389329931874859));
#3284=CARTESIAN_POINT('',(0.0233956397707098,0.0130293502072036,0.00373242468173201));
#3285=CARTESIAN_POINT('',(0.0216953518520087,0.0114736036766505,0.00360502196303986));
#3286=CARTESIAN_POINT('',(0.0200769194042503,0.0101168243639803,0.0033792258054179));
#3287=CARTESIAN_POINT('',(0.0184680362002626,0.00878484738074556,0.00294278046052914));
#3288=CARTESIAN_POINT('',(0.0175419365963548,0.00796726054854369,0.00245495301734621));
#3289=CARTESIAN_POINT('',(0.017080082022081,0.00750554747309357,0.00207792347956681));
#3290=CARTESIAN_POINT('',(0.00128759274362719,0.0611082494297519,0.07375));
#3291=CARTESIAN_POINT('',(0.00128888217337229,0.0611066919835614,0.0658624388775115));
#3292=CARTESIAN_POINT('',(0.00451676993887807,0.0613810808308868,0.05455056576315));
#3293=CARTESIAN_POINT('',(0.0112779742724013,0.0594193504393511,0.0410856303622569));
#3294=CARTESIAN_POINT('',(0.0156450433591049,0.0572725433291059,0.0336884730387393));
#3295=CARTESIAN_POINT('',(0.0194272172449213,0.0546612167778419,0.0277775745253303));
#3296=CARTESIAN_POINT('',(0.0228319310196252,0.0515755136433899,0.0226780679157072));
#3297=CARTESIAN_POINT('',(0.0257509051402432,0.0478192095231823,0.018171873749753));
#3298=CARTESIAN_POINT('',(0.0278381005136149,0.0437076656906777,0.0145409875634517));
#3299=CARTESIAN_POINT('',(0.0290468649160606,0.0398398612105903,0.0119188213699508));
#3300=CARTESIAN_POINT('',(0.0296792587442415,0.036217330241888,0.00994877878750559));
#3301=CARTESIAN_POINT('',(0.0299122431446703,0.0326401880478722,0.00836019987335263));
#3302=CARTESIAN_POINT('',(0.0297712789169191,0.0287303985874013,0.00697922715643253));
#3303=CARTESIAN_POINT('',(0.0291502376445281,0.0246625407618449,0.00583006921355466));
#3304=CARTESIAN_POINT('',(0.0280027061124598,0.020839229665438,0.00497206583796339));
#3305=CARTESIAN_POINT('',(0.0264457240216409,0.0176049370809209,0.00440468225728326));
#3306=CARTESIAN_POINT('',(0.0247909879096668,0.0151695186882004,0.00407502828788134));
#3307=CARTESIAN_POINT('',(0.0231005484885614,0.0132695765426899,0.00389439207047162));
#3308=CARTESIAN_POINT('',(0.0214268988204942,0.0116877871719795,0.0037415907861714));
#3309=CARTESIAN_POINT('',(0.0198324538298178,0.0103021790224816,0.00349004536089829));
#3310=CARTESIAN_POINT('',(0.0182452385187211,0.00894363192493763,0.00302988102422507));
#3311=CARTESIAN_POINT('',(0.0173278193081839,0.0081174561620775,0.00253333625159553));
#3312=CARTESIAN_POINT('',(0.0168659346976906,0.00765574189720811,0.00215624946619031));
#3313=CARTESIAN_POINT('',(0.000922704784519013,0.0610539690824746,0.07375));
#3314=CARTESIAN_POINT('',(0.000924088355424576,0.0610521055530719,0.0658749069460812));
#3315=CARTESIAN_POINT('',(0.00418979053515493,0.0613137958825725,0.0545779211889071));
#3316=CARTESIAN_POINT('',(0.0109858182420097,0.0593391631726996,0.0411114826460595));
#3317=CARTESIAN_POINT('',(0.015363225977301,0.057189077193766,0.0337104919456231));
#3318=CARTESIAN_POINT('',(0.0191435002563961,0.0545811307192594,0.0277947520042947));
#3319=CARTESIAN_POINT('',(0.0225354921523181,0.0515035556709007,0.0226881217042073));
#3320=CARTESIAN_POINT('',(0.0254392156452671,0.0477620343802302,0.018176892411275));
#3321=CARTESIAN_POINT('',(0.027515121464478,0.0436718579299089,0.0145480139154582));
#3322=CARTESIAN_POINT('',(0.0287180702319565,0.0398284952179908,0.0119347784468609));
#3323=CARTESIAN_POINT('',(0.0293483284057473,0.0362327936829417,0.00997895885781689));
#3324=CARTESIAN_POINT('',(0.029581918381652,0.0326858640795956,0.00840952992751005));
#3325=CARTESIAN_POINT('',(0.029444527969333,0.0288146746089142,0.00705667438368082));
#3326=CARTESIAN_POINT('',(0.0288335275083506,0.0247906575356463,0.00593895295398526));
#3327=CARTESIAN_POINT('',(0.0277051020292362,0.0210065903407609,0.00510399743947618));
#3328=CARTESIAN_POINT('',(0.0261732645805809,0.0177967010234825,0.00454304225065372));
#3329=CARTESIAN_POINT('',(0.024543024680015,0.0153677510519594,0.00420532762344984));
#3330=CARTESIAN_POINT('',(0.0228751101558667,0.0134596201818965,0.00400709101080934));
#3331=CARTESIAN_POINT('',(0.0212225525585882,0.011861506930163,0.0038329151617004));
#3332=CARTESIAN_POINT('',(0.0196465168650491,0.0104568049537418,0.00356104095342645));
#3333=CARTESIAN_POINT('',(0.0180749286039155,0.009079689290961,0.00308308413912992));
#3334=CARTESIAN_POINT('',(0.0171627852017112,0.00824641101856038,0.00257986659814942));
#3335=CARTESIAN_POINT('',(0.0167001923665854,0.00778399618497166,0.00220216275501151));
#3336=CARTESIAN_POINT('',(0.000621138059552693,0.061024093827524,0.07375));
#3337=CARTESIAN_POINT('',(0.00062259775001145,0.0610219480235689,0.0658837814699395));
#3338=CARTESIAN_POINT('',(0.00391842796263423,0.0612695571870249,0.0545974698930713));
#3339=CARTESIAN_POINT('',(0.0107419126916689,0.0592790221700843,0.0411269107559921));
#3340=CARTESIAN_POINT('',(0.0151280190180072,0.0571240117125762,0.0337213024371348));
#3341=CARTESIAN_POINT('',(0.018907811986478,0.0545183104519894,0.0278003860370666));
#3342=CARTESIAN_POINT('',(0.0222912938174355,0.0514481636045829,0.0226867084031845));
#3343=CARTESIAN_POINT('',(0.0251844295966091,0.0477195797061093,0.0181704392853595));
#3344=CARTESIAN_POINT('',(0.0272519818836392,0.0436469645191885,0.0145428896070815));
#3345=CARTESIAN_POINT('',(0.0284497124930935,0.0398229483736828,0.0119372527419037));
#3346=CARTESIAN_POINT('',(0.0290766770920637,0.0362481371271152,0.00999392340196131));
#3347=CARTESIAN_POINT('',(0.0293082945808167,0.0327245811185534,0.00844163645793997));
#3348=CARTESIAN_POINT('',(0.0291701057183711,0.028883329294143,0.00711465365255893));
#3349=CARTESIAN_POINT('',(0.0285642165821553,0.0248948707925058,0.00602633303157537));
#3350=CARTESIAN_POINT('',(0.0274504795149766,0.0211446400591678,0.00521245673097264));
#3351=CARTESIAN_POINT('',(0.0259402712645272,0.0179579171851953,0.0046561654401394));
#3352=CARTESIAN_POINT('',(0.0243322136303649,0.0155375425830249,0.00430926469062691));
#3353=CARTESIAN_POINT('',(0.0226852753380439,0.0136255879694743,0.00409312710539681));
#3354=CARTESIAN_POINT('',(0.0210520145201029,0.0120160908120888,0.00389839978353094));
#3355=CARTESIAN_POINT('',(0.0194923018159839,0.0105971185398288,0.00360825209515711));
#3356=CARTESIAN_POINT('',(0.0179336521187141,0.00920535168935614,0.00311522613654156));
#3357=CARTESIAN_POINT('',(0.0170250057362593,0.00836558506911792,0.00260635035921082));
#3358=CARTESIAN_POINT('',(0.0165612974041062,0.00790204730114721,0.00222769114887195));
#3359=CARTESIAN_POINT('',(0.000382183226242002,0.0610090413996648,0.07375));
#3360=CARTESIAN_POINT('',(0.000383699258193785,0.0610066547519045,0.0658901182253484));
#3361=CARTESIAN_POINT('',(0.00370262177007321,0.0612409785296764,0.0546115899440474));
#3362=CARTESIAN_POINT('',(0.0105470821279473,0.0592348587377374,0.0411361511540742));
#3363=CARTESIAN_POINT('',(0.0149402010271177,0.0570747303943687,0.0337259293731631));
#3364=CARTESIAN_POINT('',(0.0187202296936627,0.0544705320716219,0.0277999896436887));
#3365=CARTESIAN_POINT('',(0.0220980373851011,0.0514066653269885,0.0226797085019389));
#3366=CARTESIAN_POINT('',(0.0249837775081338,0.0476887101665978,0.0181586666441708));
#3367=CARTESIAN_POINT('',(0.0270451260067607,0.0436299714528802,0.0145319140572984));
#3368=CARTESIAN_POINT('',(0.028238471750104,0.0398208295793332,0.0119325119888773));
#3369=CARTESIAN_POINT('',(0.0288620606335534,0.0362618201137552,0.00999967645785642));
#3370=CARTESIAN_POINT('',(0.0290908941039409,0.0327557629706983,0.00846196659183396));
#3371=CARTESIAN_POINT('',(0.0289501972457556,0.0289368765221909,0.00715737728871754));
#3372=CARTESIAN_POINT('',(0.0283467316959551,0.0249759804331769,0.00609469399355525));
#3373=CARTESIAN_POINT('',(0.0272439944703697,0.0212532706843008,0.00529883442634579));
#3374=CARTESIAN_POINT('',(0.0257513090257158,0.0180868149008059,0.00474570993362323));
#3375=CARTESIAN_POINT('',(0.0241618770182504,0.0156755212050445,0.00438973182330473));
#3376=CARTESIAN_POINT('',(0.0225328394929044,0.0137629100207278,0.00415706914978243));
#3377=CARTESIAN_POINT('',(0.0209156354965177,0.0121465159695394,0.00394404572904403));
#3378=CARTESIAN_POINT('',(0.0193688175415908,0.0107182344242007,0.0036382853904384));
#3379=CARTESIAN_POINT('',(0.0178194078212433,0.00931642689151591,0.00313276282159595));
#3380=CARTESIAN_POINT('',(0.0169123709146369,0.00847149742014004,0.00261907701606371));
#3381=CARTESIAN_POINT('',(0.0164473057035921,0.00800658474859615,0.00223927019682639));
#3382=CARTESIAN_POINT('',(0.000234026233886801,0.0610032454671696,0.07375));
#3383=CARTESIAN_POINT('',(0.000235579348618622,0.0610006945374681,0.0658937915805985));
#3384=CARTESIAN_POINT('',(0.00356845608582367,0.0612259346127702,0.0546198652285806));
#3385=CARTESIAN_POINT('',(0.010425259440773,0.0592087765771244,0.0411405499454681));
#3386=CARTESIAN_POINT('',(0.0148227547356572,0.0570449262234162,0.0337270677253796));
#3387=CARTESIAN_POINT('',(0.0186034453681043,0.0544416986027441,0.0277977392265539));
#3388=CARTESIAN_POINT('',(0.0219787763002871,0.0513821808829614,0.0226731328624416));
#3389=CARTESIAN_POINT('',(0.0248611102052381,0.0476711836279422,0.0181489828105082));
#3390=CARTESIAN_POINT('',(0.0269192998966738,0.043621018126898,0.0145226405542488));
#3391=CARTESIAN_POINT('',(0.0281097951861851,0.0398207546450868,0.0119270590550155));
#3392=CARTESIAN_POINT('',(0.0287304368827053,0.0362710573594227,0.0100007993005666));
#3393=CARTESIAN_POINT('',(0.0289560680971734,0.0327752943661812,0.00847241786185758));
#3394=CARTESIAN_POINT('',(0.0288115681054928,0.0289696811814456,0.00718266357457391));
#3395=CARTESIAN_POINT('',(0.0282079332271579,0.0250258697135975,0.00613735623882994));
#3396=CARTESIAN_POINT('',(0.0271117254522475,0.0213209249410494,0.00535352456399607));
#3397=CARTESIAN_POINT('',(0.0256307007023853,0.0181680424249686,0.00480199308619731));
#3398=CARTESIAN_POINT('',(0.0240542854035723,0.0157630459933358,0.00443916123376653));
#3399=CARTESIAN_POINT('',(0.0224381897840155,0.0138499631056945,0.00419466652621355));
#3400=CARTESIAN_POINT('',(0.020832737435772,0.0122284852430922,0.00396901519250932));
#3401=CARTESIAN_POINT('',(0.0192954145093729,0.0107934012118972,0.00365304193183995));
#3402=CARTESIAN_POINT('',(0.0177527985336269,0.00938436763024911,0.00313978949541953));
#3403=CARTESIAN_POINT('',(0.0168470008723342,0.00853580236446628,0.00262324235460072));
#3404=CARTESIAN_POINT('',(0.0163810752667362,0.00807001352941763,0.00224270151068592));
#3405=CARTESIAN_POINT('',(0.00011618980109014,0.0610007276330952,0.07375));
#3406=CARTESIAN_POINT('',(0.000117763490343582,0.0609980534638866,0.0658965764336191));
#3407=CARTESIAN_POINT('',(0.00346155814212613,0.0612154724278768,0.0546262293442351));
#3408=CARTESIAN_POINT('',(0.0103285045462415,0.0591890641527055,0.041143756610078));
#3409=CARTESIAN_POINT('',(0.0147295494082642,0.0570220662062765,0.0337273868632029));
#3410=CARTESIAN_POINT('',(0.0185104838615598,0.0544193243744366,0.0277948269108897));
#3411=CARTESIAN_POINT('',(0.0218830900841623,0.0513628865933634,0.0226660293746068));
#3412=CARTESIAN_POINT('',(0.0247616292842076,0.0476571528220332,0.0181387947322813));
#3413=CARTESIAN_POINT('',(0.0268165030007744,0.0436138327149536,0.0145126556977729));
#3414=CARTESIAN_POINT('',(0.0280047190027546,0.0398207978794526,0.0119204286090773));
#3415=CARTESIAN_POINT('',(0.02862376065999,0.0362786028566443,0.00999991505723692));
#3416=CARTESIAN_POINT('',(0.0288482078952267,0.0327909329675122,0.00847950857568651));
#3417=CARTESIAN_POINT('',(0.0287027196688978,0.0289954667231293,0.00720196743665195));
#3418=CARTESIAN_POINT('',(0.0281002768936401,0.0250645716948497,0.00617046987385511));
#3419=CARTESIAN_POINT('',(0.0270091653423916,0.0213732245176755,0.00539611058458284));
#3420=CARTESIAN_POINT('',(0.0255364410690211,0.0182313679904205,0.00484586007548614));
#3421=CARTESIAN_POINT('',(0.0239689700152617,0.0158326206327195,0.00447769263660213));
#3422=CARTESIAN_POINT('',(0.0223613672785309,0.013921759559499,0.00422396719512874));
#3423=CARTESIAN_POINT('',(0.0207628976093202,0.0122999288454766,0.00398832973955507));
#3424=CARTESIAN_POINT('',(0.0192302322665658,0.0108635560266284,0.00366390144479054));
#3425=CARTESIAN_POINT('',(0.0176897414182224,0.00945254366378698,0.00314369812655964));
#3426=CARTESIAN_POINT('',(0.0167831216322983,0.00860202678790115,0.00262419542636262));
#3427=CARTESIAN_POINT('',(0.0163160364869374,0.00813505998890215,0.00224269210503018));
#3428=CARTESIAN_POINT('',(-1.03999159881637E-6,0.0609995940352639,0.07375));
#3429=CARTESIAN_POINT('',(5.35681542126398E-7,0.0609968212411251,0.0658991050638686));
#3430=CARTESIAN_POINT('',(0.00335549286546333,0.0612059851559389,0.0546319994091966));
#3431=CARTESIAN_POINT('',(0.0102336715117308,0.0591705024082711,0.041146825690142));
#3432=CARTESIAN_POINT('',(0.0146381625789586,0.0570003633819338,0.0337274608616383));
#3433=CARTESIAN_POINT('',(0.0184181546449407,0.0543974883682652,0.0277911850619634));
#3434=CARTESIAN_POINT('',(0.0217855552830625,0.0513430880560708,0.0226574301390758));
#3435=CARTESIAN_POINT('',(0.0246572393318807,0.0476418931255302,0.0181264659272987));
#3436=CARTESIAN_POINT('',(0.0267068115680256,0.0436055002026983,0.0145004847952819));
#3437=CARTESIAN_POINT('',(0.0278929315593819,0.0398202258396384,0.0119121249407173));
#3438=CARTESIAN_POINT('',(0.0285125406867381,0.0362860415910355,0.00999800974551612));
#3439=CARTESIAN_POINT('',(0.0287396433434639,0.0328067115635218,0.00848601576270897));
#3440=CARTESIAN_POINT('',(0.0285989831351898,0.0290211047028104,0.00722010632481463));
#3441=CARTESIAN_POINT('',(0.0280017940414719,0.0251018260100559,0.00620059122933635));
#3442=CARTESIAN_POINT('',(0.0269159657827406,0.0214224308492109,0.00543455932969119));
#3443=CARTESIAN_POINT('',(0.0254489528814822,0.0182910400297858,0.00488614071427947));
#3444=CARTESIAN_POINT('',(0.0238862073424177,0.0159000750502499,0.00451441290101583));
#3445=CARTESIAN_POINT('',(0.0222816986401486,0.0139959787244411,0.00425377592045106));
#3446=CARTESIAN_POINT('',(0.0206840111275472,0.0123808014737841,0.00400990192544289));
#3447=CARTESIAN_POINT('',(0.0191495682817434,0.0109508305305422,0.00367729346899261));
#3448=CARTESIAN_POINT('',(0.0176049402546767,0.00954474624652468,0.00314913573480009));
#3449=CARTESIAN_POINT('',(0.0166945785648956,0.00869419304132209,0.00262566416736596));
#3450=CARTESIAN_POINT('',(0.016225690714052,0.00822540388735176,0.00224269440073586));
#3451=CARTESIAN_POINT('',(-0.000204178142538144,0.0610011911375279,0.0737500000000001));
#3452=CARTESIAN_POINT('',(-0.00020259866462616,0.0609982284360378,0.0659029708047087));
#3453=CARTESIAN_POINT('',(0.00317201566258311,0.0611922745449986,0.0546407838377467));
#3454=CARTESIAN_POINT('',(0.0100689992061264,0.0591397012367073,0.0411499790897528));
#3455=CARTESIAN_POINT('',(0.0144791303222546,0.0569634783556403,0.0337252240441342));
#3456=CARTESIAN_POINT('',(0.0182575348862841,0.054360374527071,0.02778272015886));
#3457=CARTESIAN_POINT('',(0.0216164597893393,0.0513100559360033,0.0226408838992941));
#3458=CARTESIAN_POINT('',(0.024477210306271,0.0476172680907273,0.0181039508439037));
#3459=CARTESIAN_POINT('',(0.0265183592225824,0.0435929329222608,0.014478384487556));
#3460=CARTESIAN_POINT('',(0.0277008968958845,0.039820752492969,0.0118965091099904));
#3461=CARTESIAN_POINT('',(0.0283208221544638,0.0362999432287529,0.00999312801567334));
#3462=CARTESIAN_POINT('',(0.0285512636898698,0.0328345387939293,0.00849539999068138));
#3463=CARTESIAN_POINT('',(0.0284171135782046,0.0290654912292554,0.00724968594636007));
#3464=CARTESIAN_POINT('',(0.027827878995926,0.0251663354605299,0.00625150450471857));
#3465=CARTESIAN_POINT('',(0.0267512545384619,0.0215082836729381,0.00550035648680148));
#3466=CARTESIAN_POINT('',(0.0252947699124681,0.018395810968906,0.00495511992686635));
#3467=CARTESIAN_POINT('',(0.0237410501621937,0.0160186175378741,0.00457690314085437));
#3468=CARTESIAN_POINT('',(0.0221428653431863,0.0141255125880669,0.00430382173072445));
#3469=CARTESIAN_POINT('',(0.0205477491683287,0.0125200592516617,0.00404537446807574));
#3470=CARTESIAN_POINT('',(0.0190119262047658,0.0110987315734296,0.00369879181481859));
#3471=CARTESIAN_POINT('',(0.0174622886105794,0.00969871435291889,0.00315759182451827));
#3472=CARTESIAN_POINT('',(0.0165467840021095,0.00884746683505041,0.00262788694674665));
#3473=CARTESIAN_POINT('',(0.0160751713225078,0.00837592444142843,0.00224269297693012));
#3474=CARTESIAN_POINT('',(-0.000602876696157923,0.061018251244935,0.0737499999999999));
#3475=CARTESIAN_POINT('',(-0.00060132324528954,0.0610148990714665,0.0659084406667477));
#3476=CARTESIAN_POINT('',(0.00281350858123106,0.0611758124966678,0.0546531117891349));
#3477=CARTESIAN_POINT('',(0.00974746183116205,0.059085613541084,0.0411490295692843));
#3478=CARTESIAN_POINT('',(0.0141675138871101,0.056895403606462,0.0337128237640844));
#3479=CARTESIAN_POINT('',(0.0179408741518624,0.0542907426655138,0.027757844560847));
#3480=CARTESIAN_POINT('',(0.0212804577332582,0.0512483121954107,0.0226003213877784));
#3481=CARTESIAN_POINT('',(0.0241172380333928,0.0475724454851569,0.018052032081233));
#3482=CARTESIAN_POINT('',(0.0261406706487963,0.0435721165186621,0.0144276388936201));
#3483=CARTESIAN_POINT('',(0.0273166212823144,0.0398255128667,0.0118587572793784));
#3484=CARTESIAN_POINT('',(0.0279389060057101,0.0363303218589798,0.00997655807110693));
#3485=CARTESIAN_POINT('',(0.0281787592961239,0.0328911002076388,0.00850671895507169));
#3486=CARTESIAN_POINT('',(0.0280619275842139,0.0291524654870697,0.00729986333474991));
#3487=CARTESIAN_POINT('',(0.0274919515749018,0.0252905321948623,0.00634221217553859));
#3488=CARTESIAN_POINT('',(0.0264338384348822,0.0216735089084892,0.00561974493600494));
#3489=CARTESIAN_POINT('',(0.0249952944295768,0.0185997478897063,0.00508180267274071));
#3490=CARTESIAN_POINT('',(0.0234543043614268,0.0162533358104459,0.00469298427836355));
#3491=CARTESIAN_POINT('',(0.0218618854031104,0.0143876807273076,0.00439803612544413));
#3492=CARTESIAN_POINT('',(0.0202646458711322,0.0128081440636358,0.00411304008022542));
#3493=CARTESIAN_POINT('',(0.0187200643018731,0.0114098164000548,0.00374012331465602));
#3494=CARTESIAN_POINT('',(0.0171561844699377,0.0100263773413371,0.00317388966053814));
#3495=CARTESIAN_POINT('',(0.016229512674799,0.0091752767589692,0.00263216297826637));
#3496=CARTESIAN_POINT('',(0.0157526517073143,0.00869844322728256,0.00224269399265928));
#3497=CARTESIAN_POINT('',(-0.00115263550487602,0.0610795668620212,0.07375));
#3498=CARTESIAN_POINT('',(-0.00115124980896696,0.0610756356672843,0.0659098111055553));
#3499=CARTESIAN_POINT('',(0.00232483541401132,0.0611815002931559,0.0546566049897672));
#3500=CARTESIAN_POINT('',(0.00931027761361415,0.0590285090250136,0.0411281423017607));
#3501=CARTESIAN_POINT('',(0.0137410940355063,0.0568134747851426,0.0336737213570312));
#3502=CARTESIAN_POINT('',(0.0175034067482842,0.0542041657100528,0.0277011879150631));
#3503=CARTESIAN_POINT('',(0.0208115231594162,0.0511732309896486,0.022523207361575));
#3504=CARTESIAN_POINT('',(0.0236118028758037,0.0475224362417078,0.0179609354624535));
#3505=CARTESIAN_POINT('',(0.0256098641832384,0.0435557916662133,0.0143392164677369));
#3506=CARTESIAN_POINT('',(0.0267777334576916,0.0398432495528551,0.011788386724715));
#3507=CARTESIAN_POINT('',(0.0274054506479311,0.0363807984206321,0.00993490867952844));
#3508=CARTESIAN_POINT('',(0.0276614897227501,0.0329739783004809,0.00850265057965634));
#3509=CARTESIAN_POINT('',(0.0275739644442354,0.0292715464829036,0.00734786908529185));
#3510=CARTESIAN_POINT('',(0.0270355277361283,0.0254557729638532,0.00644451405083003));
#3511=CARTESIAN_POINT('',(0.0260035440248997,0.0218945639953755,0.00576143547204776));
#3512=CARTESIAN_POINT('',(0.024584597610887,0.0188791580956468,0.00523588256157002));
#3513=CARTESIAN_POINT('',(0.0230514857546352,0.0165840052668979,0.00483637933679531));
#3514=CARTESIAN_POINT('',(0.021454253173373,0.0147675415491262,0.00451565116972785));
#3515=CARTESIAN_POINT('',(0.0198411831071662,0.0132348916092036,0.00419773005061488));
#3516=CARTESIAN_POINT('',(0.0182749813924036,0.0118766800013403,0.00379149580462036));
#3517=CARTESIAN_POINT('',(0.016685856202173,0.0105220540461386,0.00319376818702764));
#3518=CARTESIAN_POINT('',(0.0157437014513463,0.00967361511815389,0.0026372501753327));
#3519=CARTESIAN_POINT('',(0.0152605928788295,0.00919050252134779,0.00224269342244209));
#3520=CARTESIAN_POINT('',(-0.00177906061628609,0.0612050761679681,0.07375));
#3521=CARTESIAN_POINT('',(-0.00177799462379183,0.0612004735433705,0.0659033801761082));
#3522=CARTESIAN_POINT('',(0.00177372078134703,0.0612298687039176,0.0546421012496488));
#3523=CARTESIAN_POINT('',(0.00882007616462437,0.0589899613320957,0.0410774710056344));
#3524=CARTESIAN_POINT('',(0.0132601942253097,0.0567389762885664,0.0335985038991497));
#3525=CARTESIAN_POINT('',(0.0170043485533318,0.0541199999650137,0.0276043097761196));
#3526=CARTESIAN_POINT('',(0.0202692807498084,0.0511015270593098,0.0224031963957806));
#3527=CARTESIAN_POINT('',(0.0230224631434005,0.0474805499724737,0.0178264157150078));
#3528=CARTESIAN_POINT('',(0.024990018847126,0.0435528117343068,0.014209214808917));
#3529=CARTESIAN_POINT('',(0.0261504647561614,0.0398778272025007,0.011679766779493));
#3530=CARTESIAN_POINT('',(0.0267884406444793,0.036449826290706,0.00985917930689783));
#3531=CARTESIAN_POINT('',(0.0270689910391862,0.0330756788613854,0.00846937499763579));
#3532=CARTESIAN_POINT('',(0.0270249028820131,0.0294074648008151,0.00737237835547092));
#3533=CARTESIAN_POINT('',(0.0265311887203223,0.0256368217237732,0.00652819338237797));
#3534=CARTESIAN_POINT('',(0.0255287531644299,0.0221369103121218,0.00588909618761464));
#3535=CARTESIAN_POINT('',(0.024121181116049,0.0191944707931517,0.00538130460448861));
#3536=CARTESIAN_POINT('',(0.0225796211650771,0.0169709554861944,0.00497574802715672));
#3537=CARTESIAN_POINT('',(0.0209565029303166,0.0152281312657019,0.0046320886620841));
#3538=CARTESIAN_POINT('',(0.0193062101131211,0.0137668302544196,0.00428218031352315));
#3539=CARTESIAN_POINT('',(0.0177007054385739,0.0124689283464392,0.00384262452722353));
#3540=CARTESIAN_POINT('',(0.0160728280818207,0.0111587093212161,0.00321331189298586));
#3541=CARTESIAN_POINT('',(0.0151114772385794,0.0103178414852332,0.00264212695495651));
#3542=CARTESIAN_POINT('',(0.0146223747218134,0.009828720525443,0.00224269360973107));
#3543=CARTESIAN_POINT('',(-0.00257774527047664,0.0614353427288205,0.07375));
#3544=CARTESIAN_POINT('',(-0.0025773321363283,0.061429965188521,0.065884774786721));
#3545=CARTESIAN_POINT('',(0.00107699353046649,0.0613442600779306,0.0545992450017806));
#3546=CARTESIAN_POINT('',(0.00820327601221539,0.0589737642304275,0.0409782455587372));
#3547=CARTESIAN_POINT('',(0.0126510762453789,0.0566672278483282,0.0334630812369676));
#3548=CARTESIAN_POINT('',(0.0163654238698217,0.0540302812677263,0.0274391250716853));
#3549=CARTESIAN_POINT('',(0.0195673358632166,0.0510265716650822,0.0222089014957855));
#3550=CARTESIAN_POINT('',(0.0222548836973436,0.0474446220574571,0.0176157183171401));
#3551=CARTESIAN_POINT('',(0.0241821322907394,0.0435667979095331,0.0140064128601309));
#3552=CARTESIAN_POINT('',(0.0253350446491015,0.0399382935772694,0.0115054437133688));
#3553=CARTESIAN_POINT('',(0.0259901902775002,0.0365512839453517,0.00972715330829695));
#3554=CARTESIAN_POINT('',(0.026307978083032,0.0332145873307418,0.00839122727313167));
#3555=CARTESIAN_POINT('',(0.0263293690858432,0.0295830260327713,0.00736659799446567));
#3556=CARTESIAN_POINT('',(0.0259022898686162,0.0258619071853763,0.00659542135588185));
#3557=CARTESIAN_POINT('',(0.0249371728096428,0.0224370554656489,0.00601135837080763));
#3558=CARTESIAN_POINT('',(0.0235307073252925,0.019594688617533,0.00553013904915207));
#3559=CARTESIAN_POINT('',(0.0219588329553301,0.0174772412458251,0.00512334776022987));
#3560=CARTESIAN_POINT('',(0.0202816177085658,0.0158468533198274,0.00475742049326566));
#3561=CARTESIAN_POINT('',(0.0185649347282476,0.014494833004637,0.00437346655076822));
#3562=CARTESIAN_POINT('',(0.0168948219487473,0.0132887955891032,0.00389774361043711));
#3563=CARTESIAN_POINT('',(0.0152075738361677,0.0120474968565066,0.00323413350476586));
#3564=CARTESIAN_POINT('',(0.0142203613651193,0.0112213957245388,0.00264718351074628));
#3565=CARTESIAN_POINT('',(0.0137250409131722,0.0107260544047334,0.00224269352320398));
#3566=CARTESIAN_POINT('',(-0.00350313357489875,0.0618327144711837,0.07375));
#3567=CARTESIAN_POINT('',(-0.00350399892192473,0.0618267863352735,0.0658452532961915));
#3568=CARTESIAN_POINT('',(0.000277569682424425,0.0615753137143071,0.0545074413388094));
#3569=CARTESIAN_POINT('',(0.00750403531707223,0.0590192329994883,0.0408050407019756));
#3570=CARTESIAN_POINT('',(0.0119530856838704,0.0566311957266054,0.0332370110908282));
#3571=CARTESIAN_POINT('',(0.0156196005776955,0.053960575048372,0.0271711798589988));
#3572=CARTESIAN_POINT('',(0.0187332221672485,0.0509676454204748,0.0219047710141014));
#3573=CARTESIAN_POINT('',(0.0213355567862176,0.0474292898593335,0.0172952710710429));
#3574=CARTESIAN_POINT('',(0.0232151074452868,0.04360882593401,0.013699669481615));
#3575=CARTESIAN_POINT('',(0.0243634699624331,0.0400329965086383,0.0112352225114757));
#3576=CARTESIAN_POINT('',(0.0250452729263515,0.0366911809631253,0.00950781799072281));
#3577=CARTESIAN_POINT('',(0.0254150040477259,0.033394698478754,0.00823488429591181));
#3578=CARTESIAN_POINT('',(0.0255261349102563,0.0297994263287469,0.00729276633760109));
#3579=CARTESIAN_POINT('',(0.0251898194998996,0.0261258739140376,0.00660317378229815));
#3580=CARTESIAN_POINT('',(0.024265518108197,0.0227817135537159,0.00608103110329527));
#3581=CARTESIAN_POINT('',(0.0228331949499749,0.0200648599762144,0.00563640213283343));
#3582=CARTESIAN_POINT('',(0.0211915910837045,0.0180938504917282,0.00523865640840955));
#3583=CARTESIAN_POINT('',(0.0194186407493454,0.0166229029469779,0.00485916124686074));
#3584=CARTESIAN_POINT('',(0.0175974729193153,0.0154265450018421,0.00444861968299891));
#3585=CARTESIAN_POINT('',(0.0158314883717312,0.0143509603676149,0.00394311926107693));
#3586=CARTESIAN_POINT('',(0.0140609586909568,0.0132096972567045,0.00325094762360762));
#3587=CARTESIAN_POINT('',(0.0130419298078584,0.0124092417279085,0.00265101307864418));
#3588=CARTESIAN_POINT('',(0.0125418943243606,0.0119092008018232,0.00224269375801416));
#3589=CARTESIAN_POINT('',(-0.00435906732908962,0.0623717970103117,0.07375));
#3590=CARTESIAN_POINT('',(-0.00436138817204027,0.0623659547686735,0.0657835395446458));
#3591=CARTESIAN_POINT('',(-0.000466671048014093,0.0619266076600026,0.0543596935525376));
#3592=CARTESIAN_POINT('',(0.00685577163958504,0.0591494301483585,0.0405578942408835));
#3593=CARTESIAN_POINT('',(0.0113020471947144,0.0566624287110585,0.0329287473687452));
#3594=CARTESIAN_POINT('',(0.0149179056535108,0.0539416327342324,0.0268163921056073));
#3595=CARTESIAN_POINT('',(0.0179438239494034,0.0509439376199628,0.0215152741923573));
#3596=CARTESIAN_POINT('',(0.0204644574163471,0.047435832836022,0.0168952643372909));
#3597=CARTESIAN_POINT('',(0.0223000288115485,0.043663966457924,0.0133185597791359));
#3598=CARTESIAN_POINT('',(0.0234453712454715,0.0401370202469512,0.0108927447881656));
#3599=CARTESIAN_POINT('',(0.024152863249057,0.0368398709545016,0.00921526016069939));
#3600=CARTESIAN_POINT('',(0.0245711872772975,0.0335858295390945,0.00800192959451318));
#3601=CARTESIAN_POINT('',(0.024765369758005,0.0300308083788597,0.00713544542580857));
#3602=CARTESIAN_POINT('',(0.0245105323646622,0.0264026421750066,0.0065208887548344));
#3603=CARTESIAN_POINT('',(0.0236128554197082,0.0231296471261204,0.00605677672165952));
#3604=CARTESIAN_POINT('',(0.0221337226898554,0.0205315252303295,0.00564957991349817));
#3605=CARTESIAN_POINT('',(0.0204074519675398,0.0187067684976391,0.00526933001934291));
#3606=CARTESIAN_POINT('',(0.0185314904371237,0.0173957467470699,0.00489189242417109));
#3607=CARTESIAN_POINT('',(0.0166049623654968,0.0163564969633595,0.00447462727216915));
#3608=CARTESIAN_POINT('',(0.0147449501108349,0.0154125162394828,0.00395901506998828));
#3609=CARTESIAN_POINT('',(0.0128955972826191,0.014374118676516,0.00325643388353816));
#3610=CARTESIAN_POINT('',(0.0118497557538088,0.0136035001462824,0.00265186101989046));
#3611=CARTESIAN_POINT('',(0.0113486677923154,0.0131024279190995,0.00224269304125531));
#3612=CARTESIAN_POINT('',(-0.00499887013955094,0.0628971418683011,0.0737500000000001));
#3613=CARTESIAN_POINT('',(-0.00500239833443373,0.0628918736761365,0.0657208698218958));
#3614=CARTESIAN_POINT('',(-0.00102999439194793,0.0622921742109003,0.0542069161312512));
#3615=CARTESIAN_POINT('',(0.00636907550186888,0.0593135345201499,0.0403155459761969));
#3616=CARTESIAN_POINT('',(0.0108148437890627,0.0567351411512957,0.0326320061931282));
#3617=CARTESIAN_POINT('',(0.0143923080655213,0.0539608928258008,0.026477225673345));
#3618=CARTESIAN_POINT('',(0.0173524988470731,0.0509439692029899,0.0211466642122688));
#3619=CARTESIAN_POINT('',(0.019813983240414,0.0474460955709263,0.0165209385343739));
#3620=CARTESIAN_POINT('',(0.0216195510971512,0.0437050296465686,0.012963565664234));
#3621=CARTESIAN_POINT('',(0.0227632532440131,0.0402157431782588,0.0105714526052162));
#3622=CARTESIAN_POINT('',(0.0234872143279182,0.036957513052417,0.00893416565984574));
#3623=CARTESIAN_POINT('',(0.0239354364861674,0.0337444873950342,0.00776629203256661));
#3624=CARTESIAN_POINT('',(0.0241789215729283,0.0302324501275725,0.00695419681992048));
#3625=CARTESIAN_POINT('',(0.0239675853369857,0.0266479217423997,0.00639323782264206));
#3626=CARTESIAN_POINT('',(0.0230762476700037,0.0234318139224534,0.00597382641007539));
#3627=CARTESIAN_POINT('',(0.0215559760659011,0.0209187023017132,0.00559883364686409));
#3628=CARTESIAN_POINT('',(0.0197648548944187,0.0191976008055342,0.00523846410327568));
#3629=CARTESIAN_POINT('',(0.0178140459110076,0.0180005267987637,0.00487257012869427));
#3630=CARTESIAN_POINT('',(0.0158150331167416,0.0170756249329079,0.00446253329332312));
#3631=CARTESIAN_POINT('',(0.0138919856611691,0.0162279092317639,0.00395173391143111));
#3632=CARTESIAN_POINT('',(0.011991509091919,0.0152658662620671,0.00325302243259179));
#3633=CARTESIAN_POINT('',(0.0109303491978693,0.014519429195067,0.00265045044851867));
#3634=CARTESIAN_POINT('',(0.0104309904647056,0.0140201040742338,0.00224269447723867));
#3635=CARTESIAN_POINT('',(-0.0054602746300977,0.063344368861362,0.07375));
#3636=CARTESIAN_POINT('',(-0.00546459068219706,0.0633396797724375,0.0656661779334531));
#3637=CARTESIAN_POINT('',(-0.0014440381004717,0.0626179008695662,0.0540715172547247));
#3638=CARTESIAN_POINT('',(0.00601004096985898,0.0594723530848248,0.0401055145934231));
#3639=CARTESIAN_POINT('',(0.0104591613518709,0.0568162200778298,0.0323797422527675));
#3640=CARTESIAN_POINT('',(0.0140130986394784,0.0539932117109813,0.0261918751280387));
#3641=CARTESIAN_POINT('',(0.0169303514600399,0.050951871506601,0.0208389851678033));
#3642=CARTESIAN_POINT('',(0.0193527909224524,0.0474525607597617,0.0162102545030474));
#3643=CARTESIAN_POINT('',(0.0211386910996083,0.0437295809759067,0.0126693880139392));
#3644=CARTESIAN_POINT('',(0.0222802456078566,0.0402681280789244,0.0103039759560017));
#3645=CARTESIAN_POINT('',(0.0230121325357675,0.0370419669807638,0.00869698589058212));
#3646=CARTESIAN_POINT('',(0.0234749729068719,0.0338652812240578,0.00756195238966558));
#3647=CARTESIAN_POINT('',(0.0237419840991346,0.0303941259201068,0.00678708069265806));
#3648=CARTESIAN_POINT('',(0.0235475291343726,0.0268502906065996,0.00626254129422179));
#3649=CARTESIAN_POINT('',(0.0226515535616951,0.0236810409197801,0.00587651546828575));
#3650=CARTESIAN_POINT('',(0.0211015770591251,0.0212273733157944,0.00552867858264987));
#3651=CARTESIAN_POINT('',(0.0192680786599977,0.019573643825586,0.00518725984575141));
#3652=CARTESIAN_POINT('',(0.0172698113646113,0.0184494786525708,0.00483516358223923));
#3653=CARTESIAN_POINT('',(0.0152268611019623,0.0175993933217156,0.00443662019110294));
#3654=CARTESIAN_POINT('',(0.0132665652713908,0.0168155026235275,0.00393584853659294));
#3655=CARTESIAN_POINT('',(0.0113369350568003,0.0159049181778216,0.00324631405021026));
#3656=CARTESIAN_POINT('',(0.0102684176674322,0.0151759870533502,0.00264826134205197));
#3657=CARTESIAN_POINT('',(0.00977174215127511,0.0146793559641173,0.00224269009699628));
#3658=CARTESIAN_POINT('',(-0.0058214219880649,0.0637608717150809,0.07375));
#3659=CARTESIAN_POINT('',(-0.00582633440920123,0.063756781210421,0.0656145777774873));
#3660=CARTESIAN_POINT('',(-0.0017754483191387,0.0629334473616207,0.0539420761128893));
#3661=CARTESIAN_POINT('',(0.005720799070226,0.0596367976369459,0.0399073198176409));
#3662=CARTESIAN_POINT('',(0.010176370605607,0.0569075910006751,0.0321452934341735));
#3663=CARTESIAN_POINT('',(0.0137171408822847,0.0540357426769827,0.0259291507563852));
#3664=CARTESIAN_POINT('',(0.016606505829985,0.0509642924713455,0.0205576256772294));
#3665=CARTESIAN_POINT('',(0.0190024566949979,0.0474546804041131,0.0159276244476563));
#3666=CARTESIAN_POINT('',(0.02077472829458,0.0437417218527498,0.0124025692329871));
#3667=CARTESIAN_POINT('',(0.0219131613583425,0.0403032751765273,0.0100609514934153));
#3668=CARTESIAN_POINT('',(0.0226468921434617,0.0371071761830972,0.0084793699245622));
#3669=CARTESIAN_POINT('',(0.0231140855809056,0.0339670181504376,0.00737028589965347));
#3670=CARTESIAN_POINT('',(0.0233879804252492,0.0305391325765068,0.00662225180269053));
#3671=CARTESIAN_POINT('',(0.0231927112398839,0.0270364326920332,0.00612281935038963));
#3672=CARTESIAN_POINT('',(0.022282542895723,0.0239090223856935,0.00576299989097087));
#3673=CARTESIAN_POINT('',(0.0207068378979148,0.0214998810738343,0.00544034844025928));
#3674=CARTESIAN_POINT('',(0.0188431340277709,0.0198912302606174,0.00511878596466117));
#3675=CARTESIAN_POINT('',(0.0168136507204963,0.0188141788219033,0.00478297037656969));
#3676=CARTESIAN_POINT('',(0.014744789277298,0.018014932750232,0.0043992446882358));
#3677=CARTESIAN_POINT('',(0.0127639369117196,0.0172759696860392,0.00391258306035553));
#3678=CARTESIAN_POINT('',(0.0108195745990975,0.0164027859487289,0.00323661983032779));
#3679=CARTESIAN_POINT('',(0.00974913526310572,0.0156879265083109,0.00264529754078845));
#3680=CARTESIAN_POINT('',(0.009256123544779,0.0151949633819008,0.00224270380031463));
#3681=CARTESIAN_POINT('',(-0.00609539945900847,0.0641249280885469,0.07375));
#3682=CARTESIAN_POINT('',(-0.00610071795263447,0.0641213749798758,0.0655686048617589));
#3683=CARTESIAN_POINT('',(-0.00203211936590468,0.0632178271320694,0.0538262311378357));
#3684=CARTESIAN_POINT('',(0.00549422414144501,0.059792033905651,0.0397311324970575));
#3685=CARTESIAN_POINT('',(0.00995721365408724,0.0569977969730356,0.0319393628618383));
#3686=CARTESIAN_POINT('',(0.0134923817382697,0.0540805625462238,0.0257005555541963));
#3687=CARTESIAN_POINT('',(0.0163657415538723,0.0509779981160939,0.0203142985248093));
#3688=CARTESIAN_POINT('',(0.0187450179688218,0.0474537274352001,0.0156838486396717));
#3689=CARTESIAN_POINT('',(0.0205080050193197,0.0437450861165264,0.012172566581904));
#3690=CARTESIAN_POINT('',(0.0216423437539697,0.0403247601736195,0.00985083312976294));
#3691=CARTESIAN_POINT('',(0.0223734598425481,0.037154995848736,0.0082894765981542));
#3692=CARTESIAN_POINT('',(0.0228379613823945,0.0340484019094497,0.00719993813318125));
#3693=CARTESIAN_POINT('',(0.0231079921041835,0.0306617042556986,0.00647034998732131));
#3694=CARTESIAN_POINT('',(0.0229019300634299,0.0271977656474305,0.00598765957235627));
#3695=CARTESIAN_POINT('',(0.0219741343533214,0.024106857644418,0.00564837040690321));
#3696=CARTESIAN_POINT('',(0.0203783498062334,0.0217306604336106,0.00534844222065812));
#3697=CARTESIAN_POINT('',(0.0184952094041885,0.0201502796795938,0.0050463330208532));
#3698=CARTESIAN_POINT('',(0.0164475396243369,0.0191004013262305,0.00472726576714158));
#3699=CARTESIAN_POINT('',(0.0143658715969339,0.0183325369306153,0.00435879823743974));
#3700=CARTESIAN_POINT('',(0.0123760363326174,0.0176234320495229,0.00388712777080277));
#3701=CARTESIAN_POINT('',(0.010426381142416,0.0167764749509718,0.00322609796733984));
#3702=CARTESIAN_POINT('',(0.00935703101993931,0.0160724661506723,0.00264219097834243));
#3703=CARTESIAN_POINT('',(0.00886781557535559,0.0155832941782654,0.00224267584313545));
#3704=CARTESIAN_POINT('',(-0.00625988194632078,0.0643659812812127,0.07375));
#3705=CARTESIAN_POINT('',(-0.00626542646963616,0.0643627852287999,0.0655377722108702));
#3706=CARTESIAN_POINT('',(-0.002188584503407,0.0634097540326423,0.0537484491314562));
#3707=CARTESIAN_POINT('',(0.00535454299718554,0.0598999678614884,0.0396129794153886));
#3708=CARTESIAN_POINT('',(0.00982297588953792,0.0570620352411838,0.0318022100004411));
#3709=CARTESIAN_POINT('',(0.0133570361040786,0.054113341873109,0.0255494815155859));
#3710=CARTESIAN_POINT('',(0.0162238296437963,0.0509879491115466,0.0201545535766235));
#3711=CARTESIAN_POINT('',(0.0185952952706013,0.0474515199826361,0.015524449488629));
#3712=CARTESIAN_POINT('',(0.0203532919470298,0.0437438648403569,0.0120224239121856));
#3713=CARTESIAN_POINT('',(0.0214840361701806,0.0403348050738779,0.00971335252321811));
#3714=CARTESIAN_POINT('',(0.0222112263175599,0.0371826578235233,0.00816421392072494));
#3715=CARTESIAN_POINT('',(0.022670777899585,0.0340991112155028,0.00708581708772857));
#3716=CARTESIAN_POINT('',(0.0229335592326961,0.0307411597763857,0.00636574145346526));
#3717=CARTESIAN_POINT('',(0.0227157005265607,0.0273043367273859,0.00589176694807087));
#3718=CARTESIAN_POINT('',(0.0217741722202813,0.0242381252188435,0.00556537265105391));
#3719=CARTESIAN_POINT('',(0.0201666306022351,0.0218816122032274,0.00528115002900729));
#3720=CARTESIAN_POINT('',(0.0182741073961428,0.0203151058120868,0.0049931643978392));
#3721=CARTESIAN_POINT('',(0.0162186817984023,0.019276380396483,0.00468655673766717));
#3722=CARTESIAN_POINT('',(0.0141330404114331,0.0185222734510221,0.00432915428498116));
#3723=CARTESIAN_POINT('',(0.0121415351651449,0.0178277453572081,0.00386816835803825));
#3724=CARTESIAN_POINT('',(0.0101923312335331,0.0169949277981677,0.00321799838533682));
#3725=CARTESIAN_POINT('',(0.00912550816301553,0.016297791816191,0.00263976977179857));
#3726=CARTESIAN_POINT('',(0.00863936678504008,0.0158116848751861,0.00224274699272293));
#3727=CARTESIAN_POINT('',(-0.00637137901056693,0.0645424928803347,0.07375));
#3728=CARTESIAN_POINT('',(-0.00637705162814443,0.0645395561196773,0.0655149774251768));
#3729=CARTESIAN_POINT('',(-0.00229602699134043,0.0635522574369776,0.0536908977911966));
#3730=CARTESIAN_POINT('',(0.00525797020378338,0.0599815618750602,0.0395259315984699));
#3731=CARTESIAN_POINT('',(0.00973066496536229,0.0571113583822177,0.0317016442494876));
#3732=CARTESIAN_POINT('',(0.0132648708214997,0.0541390629781997,0.0254389591227104));
#3733=CARTESIAN_POINT('',(0.0161280676633008,0.0509960092304536,0.0200375681533031));
#3734=CARTESIAN_POINT('',(0.0184945274697776,0.0474495711623276,0.0154072924144283));
#3735=CARTESIAN_POINT('',(0.02024911586554,0.0437416997882407,0.0119116842289444));
#3736=CARTESIAN_POINT('',(0.0213770470771672,0.0403403433217396,0.00961169258701593));
#3737=CARTESIAN_POINT('',(0.0221008397297755,0.0372009407200932,0.00807137435836451));
#3738=CARTESIAN_POINT('',(0.0225559949927749,0.0341344428326481,0.00700099647136375));
#3739=CARTESIAN_POINT('',(0.0228124570021453,0.0307982117679222,0.00628768060494466));
#3740=CARTESIAN_POINT('',(0.022585026617615,0.0273816938682746,0.00581957236707854));
#3741=CARTESIAN_POINT('',(0.0216326420444236,0.0243330432765445,0.00550203990479398));
#3742=CARTESIAN_POINT('',(0.0200163845565144,0.0219895505581112,0.00522916377090777));
#3743=CARTESIAN_POINT('',(0.018117759400204,0.0204314578863347,0.00495172199127455));
#3744=CARTESIAN_POINT('',(0.016058081369706,0.0193992266016231,0.00465461704558101));
#3745=CARTESIAN_POINT('',(0.0139710900130086,0.0186540707184439,0.00430575951045758));
#3746=CARTESIAN_POINT('',(0.0119794411643857,0.0179698829442054,0.00385335904330606));
#3747=CARTESIAN_POINT('',(0.0100308089159406,0.017147107186378,0.00321208116760062));
#3748=CARTESIAN_POINT('',(0.00896526745717267,0.0164543944725134,0.0026381276688513));
#3749=CARTESIAN_POINT('',(0.0084810025799904,0.0159701534199308,0.00224261920321644));
#3750=CARTESIAN_POINT('',(-0.00643385882974687,0.0646453653854447,0.07375));
#3751=CARTESIAN_POINT('',(-0.00643961374958103,0.0646425794774034,0.0655016072037636));
#3752=CARTESIAN_POINT('',(-0.00235658242788412,0.0636358877999615,0.0536572266950918));
#3753=CARTESIAN_POINT('',(0.00520282997409845,0.0600303304563499,0.0394745694882029));
#3754=CARTESIAN_POINT('',(0.00967794755907641,0.0571410896161067,0.0316424088304329));
#3755=CARTESIAN_POINT('',(0.0132130789742067,0.0541544760393515,0.0253745285186901));
#3756=CARTESIAN_POINT('',(0.0160759661320469,0.0510004022641402,0.0199704320423056));
#3757=CARTESIAN_POINT('',(0.0184412489666858,0.0474474939027247,0.0153410695290287));
#3758=CARTESIAN_POINT('',(0.0201943970732025,0.0437391278369174,0.0118496881899251));
#3759=CARTESIAN_POINT('',(0.0213200916539749,0.0403423366112482,0.00955473432945531));
#3760=CARTESIAN_POINT('',(0.0220407218540377,0.0372106980291998,0.00801868617398443));
#3761=CARTESIAN_POINT('',(0.0224917336531734,0.034154568223239,0.00695165156454952));
#3762=CARTESIAN_POINT('',(0.022742110236181,0.0308313514819285,0.00624039086296349));
#3763=CARTESIAN_POINT('',(0.0225067199916159,0.0274273616041531,0.00577458488966205));
#3764=CARTESIAN_POINT('',(0.0215475089506435,0.0243901034186884,0.00546249920547196));
#3765=CARTESIAN_POINT('',(0.019927600855162,0.0220543275600374,0.00519701042315316));
#3766=CARTESIAN_POINT('',(0.0180273237007418,0.0204995300819399,0.00492653944489211));
#3767=CARTESIAN_POINT('',(0.0159669386735771,0.0194676610919042,0.00463572009456029));
#3768=CARTESIAN_POINT('',(0.0138808827365824,0.0187232618421838,0.0042920909481834));
#3769=CARTESIAN_POINT('',(0.0118912181472118,0.0180412792699029,0.00384426521249183));
#3770=CARTESIAN_POINT('',(0.00994566506752259,0.0172222814378636,0.00320773914733071));
#3771=CARTESIAN_POINT('',(0.00888288712677103,0.0165326849347553,0.00263673643066915));
#3772=CARTESIAN_POINT('',(0.008400587719019,0.0160504010315325,0.00224282404102436));
#3773=CARTESIAN_POINT('',(-0.00649513265422659,0.0647491014794623,0.07375));
#3774=CARTESIAN_POINT('',(-0.00650101479704211,0.0647464731423709,0.0654881882666108));
#3775=CARTESIAN_POINT('',(-0.00241602921389729,0.0637202676891883,0.0536238907346459));
#3776=CARTESIAN_POINT('',(0.00514722579302641,0.0600809617137324,0.0394220769491687));
#3777=CARTESIAN_POINT('',(0.00962444826222767,0.0571722358802414,0.0315815124135118));
#3778=CARTESIAN_POINT('',(0.0131622405526622,0.0541701742374313,0.0253095451700816));
#3779=CARTESIAN_POINT('',(0.0160290644032529,0.051003735756684,0.0199052871905908));
#3780=CARTESIAN_POINT('',(0.0183976086535544,0.0474432911942878,0.0152796244661872));
#3781=CARTESIAN_POINT('',(0.0201506021280164,0.0437339833184366,0.011793987888542));
#3782=CARTESIAN_POINT('',(0.0212724497944054,0.0403422932844263,0.00950360640988511));
#3783=CARTESIAN_POINT('',(0.0219869922977145,0.0372193650280339,0.00796976368264311));
#3784=CARTESIAN_POINT('',(0.0224300304656037,0.0341745080905162,0.00690287159314695));
#3785=CARTESIAN_POINT('',(0.0226682801254708,0.0308645176464832,0.0061891694878263));
#3786=CARTESIAN_POINT('',(0.022418732354249,0.0274743691498322,0.00572357990190009));
#3787=CARTESIAN_POINT('',(0.0214517116892099,0.0244519715890731,0.00541841539786613));
#3788=CARTESIAN_POINT('',(0.0198321975994168,0.0221254335910805,0.00516223995237496));
#3789=CARTESIAN_POINT('',(0.0179352276376175,0.0205711390549634,0.00490022707614146));
#3790=CARTESIAN_POINT('',(0.0158784529699277,0.0195319301561495,0.00461675630343746));
#3791=CARTESIAN_POINT('',(0.0137974513716071,0.0187771293820967,0.00427819508427358));
#3792=CARTESIAN_POINT('',(0.0118151895996727,0.0180867665107148,0.00383283723165715));
#3793=CARTESIAN_POINT('',(0.00988069909847237,0.0172653182199757,0.00319865593732383));
#3794=CARTESIAN_POINT('',(0.00882701901860508,0.0165804750787014,0.0026314838403761));
#3795=CARTESIAN_POINT('',(0.00834935945359478,0.0161028239501286,0.00224136089567899));
#3796=CARTESIAN_POINT('',(-0.00657037515957355,0.0648820006023474,0.07375));
#3797=CARTESIAN_POINT('',(-0.00657638664886279,0.064879576366199,0.0654711323560924));
#3798=CARTESIAN_POINT('',(-0.00248957430104564,0.0638286183899326,0.0535816424884753));
#3799=CARTESIAN_POINT('',(0.00507873709032907,0.0601458313426882,0.0393559721516135));
#3800=CARTESIAN_POINT('',(0.00955883450145393,0.0572124081167385,0.0315045939338906));
#3801=CARTESIAN_POINT('',(0.0130996551238429,0.0541909838431992,0.0252264530652221));
#3802=CARTESIAN_POINT('',(0.0159703727492963,0.0510090530781344,0.0198202876460696));
#3803=CARTESIAN_POINT('',(0.0183417110077778,0.0474390194472909,0.0151976577434667));
#3804=CARTESIAN_POINT('',(0.0200939551781521,0.0437283133264007,0.011718483547755));
#3805=CARTESIAN_POINT('',(0.0212113222903908,0.0403426749177561,0.00943415357364763));
#3806=CARTESIAN_POINT('',(0.0219190830163409,0.0372302746132848,0.0079042277783829));
#3807=CARTESIAN_POINT('',(0.0223533041741137,0.0341991828691185,0.006839273839664));
#3808=CARTESIAN_POINT('',(0.0225781432973317,0.0309056498725671,0.00612502637961835));
#3809=CARTESIAN_POINT('',(0.0223124603984538,0.0275323016753277,0.00566139076042832));
#3810=CARTESIAN_POINT('',(0.0213354931937222,0.0245271928278591,0.00536477251389599));
#3811=CARTESIAN_POINT('',(0.0197148917484919,0.022211777760989,0.00511919570609034));
#3812=CARTESIAN_POINT('',(0.0178207181790967,0.0206594790459521,0.00486647787296812));
#3813=CARTESIAN_POINT('',(0.0157678452991579,0.0196144307949192,0.00459099530701053));
#3814=CARTESIAN_POINT('',(0.0136927203900444,0.0188510015993402,0.0042582724852176));
#3815=CARTESIAN_POINT('',(0.0117186639660381,0.0181536927707588,0.00381646325162523));
#3816=CARTESIAN_POINT('',(0.00979589593102918,0.0173305514058131,0.00318564303500301));
#3817=CARTESIAN_POINT('',(0.00875159196314053,0.0166505544246817,0.00262259054361921));
#3818=CARTESIAN_POINT('',(0.00827866381930788,0.0161776288694357,0.00223632806992542));
#3819=CARTESIAN_POINT('',(-0.00674540383950075,0.0652097618749887,0.07375));
#3820=CARTESIAN_POINT('',(-0.00675170047313196,0.0652078512116379,0.0654294987167502));
#3821=CARTESIAN_POINT('',(-0.00266217810977174,0.0640965711308156,0.0534792916229887));
#3822=CARTESIAN_POINT('',(0.00491709146661308,0.0603075385525932,0.039194995578797));
#3823=CARTESIAN_POINT('',(0.00940439431010199,0.0573134930338458,0.0313163584002385));
#3824=CARTESIAN_POINT('',(0.0129538099234484,0.0542441677373917,0.025022067304623));
#3825=CARTESIAN_POINT('',(0.0158362569332224,0.0510233892076293,0.0196100225019156));
#3826=CARTESIAN_POINT('',(0.0182162206531258,0.047428658978371,0.0149938831374047));
#3827=CARTESIAN_POINT('',(0.0199667426407739,0.0437135078899274,0.011530093466187));
#3828=CARTESIAN_POINT('',(0.0210723110347074,0.0403421683130051,0.00926052799830646));
#3829=CARTESIAN_POINT('',(0.0217624799084314,0.0372551913600807,0.00774050152456234));
#3830=CARTESIAN_POINT('',(0.0221739977184498,0.0342573519580276,0.00668089465382665));
#3831=CARTESIAN_POINT('',(0.0223641036371763,0.0310033899861249,0.00596630469445519));
#3832=CARTESIAN_POINT('',(0.0220564537147773,0.0276705990332549,0.00550886437566285));
#3833=CARTESIAN_POINT('',(0.0210538772409792,0.0247076864652557,0.00523400530878887));
#3834=CARTESIAN_POINT('',(0.0194312162984614,0.0224195607289971,0.0050135325595392));
#3835=CARTESIAN_POINT('',(0.0175459802017038,0.0208721781150956,0.00478177522135122));
#3836=CARTESIAN_POINT('',(0.0155057891523676,0.0198125655723498,0.00452378096233745));
#3837=CARTESIAN_POINT('',(0.0134483024635196,0.0190266957176417,0.00420363817976529));
#3838=CARTESIAN_POINT('',(0.0114973824645062,0.0183098286791451,0.00376918383602998));
#3839=CARTESIAN_POINT('',(0.00960631135691529,0.017479297863998,0.00314510047873028));
#3840=CARTESIAN_POINT('',(0.0085864942000052,0.0168100024759228,0.00259143313637995));
#3841=CARTESIAN_POINT('',(0.00812523011283836,0.01634873330881,0.00221468593042648));
#3842=CARTESIAN_POINT('',(-0.00698561540088772,0.0657340740886685,0.07375));
#3843=CARTESIAN_POINT('',(-0.00699218129430224,0.065733008210642,0.0653645419883159));
#3844=CARTESIAN_POINT('',(-0.00290532113234641,0.064528433683795,0.0533218130901921));
#3845=CARTESIAN_POINT('',(0.00468746988347285,0.060571636527303,0.0389460090809091));
#3846=CARTESIAN_POINT('',(0.00918724851160304,0.0574819444125524,0.0310222166944764));
#3847=CARTESIAN_POINT('',(0.0127528703572728,0.0543365087060148,0.0246974108170678));
#3848=CARTESIAN_POINT('',(0.0156574015138127,0.0510524971264079,0.0192686557313793));
#3849=CARTESIAN_POINT('',(0.0180527165043225,0.0474153591000554,0.0146558937414568));
#3850=CARTESIAN_POINT('',(0.0197995718836739,0.0436897104923557,0.0112127246696816));
#3851=CARTESIAN_POINT('',(0.0208853145099141,0.0403381327816923,0.00896658887468284));
#3852=CARTESIAN_POINT('',(0.0215473512751095,0.0372886009019679,0.00746559666793032));
#3853=CARTESIAN_POINT('',(0.021923207635944,0.0343402823770437,0.00642022614405514));
#3854=CARTESIAN_POINT('',(0.0220582498182883,0.0311456315524236,0.00571357392663594));
#3855=CARTESIAN_POINT('',(0.0216821246771192,0.0278730475884975,0.00527302586963272));
#3856=CARTESIAN_POINT('',(0.0206354190610679,0.0249719741973386,0.00503369576197745));
#3857=CARTESIAN_POINT('',(0.019006918074898,0.0227249402804335,0.00484770392467156));
#3858=CARTESIAN_POINT('',(0.0171376559186222,0.0211882645266121,0.00464096802851602));
#3859=CARTESIAN_POINT('',(0.0151239418270675,0.0201133575635513,0.00440179961733827));
#3860=CARTESIAN_POINT('',(0.0131014631492974,0.0193004514688364,0.00409516079484771));
#3861=CARTESIAN_POINT('',(0.0111917440851152,0.0185568285618831,0.00366991049068282));
#3862=CARTESIAN_POINT('',(0.00935156007107144,0.0177111365616239,0.00305474400103132));
#3863=CARTESIAN_POINT('',(0.00836771880547667,0.0170522430617376,0.00251282216118219));
#3864=CARTESIAN_POINT('',(0.00792173897185145,0.0166062558402496,0.00214851126207543));
#3865=CARTESIAN_POINT('',(-0.00723960339864358,0.066485832874379,0.07375));
#3866=CARTESIAN_POINT('',(-0.00724617209659198,0.0664859838176622,0.065274889579046));
#3867=CARTESIAN_POINT('',(-0.00317718275337811,0.065154922116115,0.0531078534171738));
#3868=CARTESIAN_POINT('',(0.00442737975268414,0.0609611039296342,0.0386059513942002));
#3869=CARTESIAN_POINT('',(0.00894862022371747,0.0577349155847249,0.0306163999718175));
#3870=CARTESIAN_POINT('',(0.0125454376165852,0.0544786904504127,0.0242420329713761));
#3871=CARTESIAN_POINT('',(0.0154923759190299,0.0510983290988316,0.0187797154024331));
#3872=CARTESIAN_POINT('',(0.0179152992283407,0.0473919820119211,0.0141618194427507));
#3873=CARTESIAN_POINT('',(0.0196543110915325,0.0436446451995316,0.0107404819815476));
#3874=CARTESIAN_POINT('',(0.0207074960965533,0.0403170183189219,0.00852531667411209));
#3875=CARTESIAN_POINT('',(0.0213264243327541,0.0373169645800813,0.007054958695514));
#3876=CARTESIAN_POINT('',(0.0216499045184507,0.0344351302998796,0.00603766375963628));
#3877=CARTESIAN_POINT('',(0.0217058159636777,0.0313207099446991,0.00535183092574172));
#3878=CARTESIAN_POINT('',(0.0212256094461808,0.0281270525589433,0.00493744002697624));
#3879=CARTESIAN_POINT('',(0.0201037348270617,0.0253053853877577,0.00474510549300301));
#3880=CARTESIAN_POINT('',(0.0184590913170367,0.0231118226988384,0.00460053799983517));
#3881=CARTESIAN_POINT('',(0.0166140601152914,0.0215922536193534,0.00441929754867747));
#3882=CARTESIAN_POINT('',(0.0146481346167586,0.0205041181916326,0.00419561992090978));
#3883=CARTESIAN_POINT('',(0.0126877029194177,0.0196629148789056,0.0038990143977323));
#3884=CARTESIAN_POINT('',(0.0108449973357827,0.0188888443112352,0.00348303772026933));
#3885=CARTESIAN_POINT('',(0.00907762629517039,0.0180213075952054,0.00288060177580258));
#3886=CARTESIAN_POINT('',(0.00813778719913644,0.0173686644028363,0.00235347183030023));
#3887=CARTESIAN_POINT('',(0.00770820804460554,0.0169390397156109,0.00200245682547285));
#3888=CARTESIAN_POINT('',(-0.00747517123228977,0.0675542218919551,0.07375));
#3889=CARTESIAN_POINT('',(-0.00748122829384517,0.0675558084570359,0.0651516392004211));
#3890=CARTESIAN_POINT('',(-0.0034571605247524,0.0660635614524946,0.0528156411443181));
#3891=CARTESIAN_POINT('',(0.00414756782465718,0.0615408672528255,0.0381354869499572));
#3892=CARTESIAN_POINT('',(0.00870161540371995,0.0581177107375691,0.0300525956420472));
#3893=CARTESIAN_POINT('',(0.0123532612284124,0.0546973002816353,0.0236056564834441));
#3894=CARTESIAN_POINT('',(0.0153752737204723,0.0511679102237001,0.0180901390494914));
#3895=CARTESIAN_POINT('',(0.0178447650974573,0.0473500863308721,0.0134556990085668));
#3896=CARTESIAN_POINT('',(0.0195702927051081,0.0435647402230734,0.0100535576848313));
#3897=CARTESIAN_POINT('',(0.0205736997388369,0.040266646609673,0.00787498775660133));
#3898=CARTESIAN_POINT('',(0.021128379720159,0.0373313767473779,0.00644827969978266));
#3899=CARTESIAN_POINT('',(0.0213756345201429,0.0345372146881833,0.00547715518071501));
#3900=CARTESIAN_POINT('',(0.0213203963365352,0.0315293053097547,0.00482936982172241));
#3901=CARTESIAN_POINT('',(0.020688730141779,0.0284387565608954,0.00445047928587867));
#3902=CARTESIAN_POINT('',(0.0194485700415972,0.0257183999907683,0.00431881244545535));
#3903=CARTESIAN_POINT('',(0.0177723514863509,0.0235910789447485,0.0042271501365041));
#3904=CARTESIAN_POINT('',(0.0159609873454758,0.0220924625343014,0.0040764847792992));
#3905=CARTESIAN_POINT('',(0.0140697672583728,0.0209894077753457,0.00386916192633084));
#3906=CARTESIAN_POINT('',(0.012206498360819,0.0201149381109918,0.00358275291113051));
#3907=CARTESIAN_POINT('',(0.0104647127848991,0.0193050518268661,0.00317957664858784));
#3908=CARTESIAN_POINT('',(0.00879832494220841,0.0184102375930373,0.00259813855709875));
#3909=CARTESIAN_POINT('',(0.00791122186755535,0.0177611412818026,0.00209183591334063));
#3910=CARTESIAN_POINT('',(0.00749960236469044,0.017349385594769,0.00175537655109638));
#3911=CARTESIAN_POINT('',(-0.00755020730312343,0.0689620788835737,0.07375));
#3912=CARTESIAN_POINT('',(-0.00755467073916626,0.0689649588658909,0.0649933647733989));
#3913=CARTESIAN_POINT('',(-0.00362741022748572,0.0672998356530872,0.0524435252613992));
#3914=CARTESIAN_POINT('',(0.00394493364540884,0.0623600500425491,0.0375277086567221));
#3915=CARTESIAN_POINT('',(0.00854655200919937,0.0586660839059725,0.0293242510039434));
#3916=CARTESIAN_POINT('',(0.0122931514168455,0.0550069831737146,0.02278511739569));
#3917=CARTESIAN_POINT('',(0.01544712696879,0.0512461033894041,0.0172014918136186));
#3918=CARTESIAN_POINT('',(0.0179941391779533,0.0472491656737242,0.0125382588853629));
#3919=CARTESIAN_POINT('',(0.0196991166954455,0.0434061185599187,0.00913762053095097));
#3920=CARTESIAN_POINT('',(0.0206323435713059,0.0401457840608932,0.00698850821398814));
#3921=CARTESIAN_POINT('',(0.0210941948801666,0.0372909758335309,0.00561568820675763));
#3922=CARTESIAN_POINT('',(0.0212314322018282,0.0346045961822669,0.00471599269104451));
#3923=CARTESIAN_POINT('',(0.0210338710827372,0.0317283312103359,0.00413864282696806));
#3924=CARTESIAN_POINT('',(0.020207368805753,0.0287581709712581,0.0037868641045701));
#3925=CARTESIAN_POINT('',(0.0187818311736504,0.026152511602903,0.00370338917167075));
#3926=CARTESIAN_POINT('',(0.0170371072983042,0.0240971283973736,0.00366791541673835));
#3927=CARTESIAN_POINT('',(0.0152579699615467,0.0226198509024681,0.00355298397574841));
#3928=CARTESIAN_POINT('',(0.0134661245608473,0.0215031189918527,0.00336712609904363));
#3929=CARTESIAN_POINT('',(0.011736994758372,0.0205981664677141,0.00309639508398528));
#3930=CARTESIAN_POINT('',(0.0101309912980661,0.0197593975973419,0.00271418110271726));
#3931=CARTESIAN_POINT('',(0.00858949973970285,0.0188469500162739,0.00216515388192514));
#3932=CARTESIAN_POINT('',(0.00775571997547027,0.0182038257124598,0.00168505559333662));
#3933=CARTESIAN_POINT('',(0.0073610009317077,0.0178088588599157,0.00136239042027946));
#3934=CARTESIAN_POINT('',(-0.00730361636315422,0.0703577447314661,0.07375));
#3935=CARTESIAN_POINT('',(-0.00730548984929727,0.0703597672587866,0.0648240442215186));
#3936=CARTESIAN_POINT('',(-0.00351615370539619,0.0685772098559983,0.0520521740381705));
#3937=CARTESIAN_POINT('',(0.00397632527162063,0.0632632687574919,0.0369046983643468));
#3938=CARTESIAN_POINT('',(0.00861914799809152,0.0592887734381165,0.0285992469686343));
#3939=CARTESIAN_POINT('',(0.0124719054726628,0.0553548322104908,0.0220016910930761));
#3940=CARTESIAN_POINT('',(0.0157641085166461,0.0512997904922765,0.016389761354738));
#3941=CARTESIAN_POINT('',(0.0183798518957412,0.0470852605815577,0.0117049010404122));
#3942=CARTESIAN_POINT('',(0.0200938847167211,0.0431871707494227,0.0082879285163442));
#3943=CARTESIAN_POINT('',(0.0209890102793906,0.0399649007525207,0.00614667570102856));
#3944=CARTESIAN_POINT('',(0.0213671338791313,0.0371858044777031,0.00480031225562148));
#3945=CARTESIAN_POINT('',(0.0213824987378019,0.0345951154332253,0.00394234143252729));
#3946=CARTESIAN_POINT('',(0.0210139135377465,0.0318315899151639,0.00342256301019014));
#3947=CARTESIAN_POINT('',(0.0200118985745808,0.0289637353304819,0.0031025866012524));
#3948=CARTESIAN_POINT('',(0.0184196420497362,0.0264328673676466,0.00302903721370835));
#3949=CARTESIAN_POINT('',(0.0165788552665651,0.0244142048286644,0.00302418817311705));
#3950=CARTESIAN_POINT('',(0.0147970511429994,0.0229443857481085,0.0029446845042386));
#3951=CARTESIAN_POINT('',(0.0130720075184162,0.0218246648810209,0.00278957957918676));
#3952=CARTESIAN_POINT('',(0.0114508729076076,0.0209144233865812,0.00254426139413206));
#3953=CARTESIAN_POINT('',(0.00996071061821623,0.0200797521971689,0.00218580789489069));
#3954=CARTESIAN_POINT('',(0.00852857520278458,0.0191847649288432,0.00166495183846805));
#3955=CARTESIAN_POINT('',(0.00774260897868726,0.0185626081151673,0.00120679276804405));
#3956=CARTESIAN_POINT('',(0.00736465625747352,0.0181844045294758,0.000897965946027534));
#3957=CARTESIAN_POINT('',(-0.00693284010580197,0.071399673964689,0.07375));
#3958=CARTESIAN_POINT('',(-0.00693368353104305,0.0713998530428344,0.0646726677542149));
#3959=CARTESIAN_POINT('',(-0.00325955296958391,0.0695179980757072,0.0517067441856077));
#3960=CARTESIAN_POINT('',(0.0041563265406491,0.0639432606447026,0.0364042291005636));
#3961=CARTESIAN_POINT('',(0.00881712550773374,0.0597723669845549,0.028047314655265));
#3962=CARTESIAN_POINT('',(0.0127347576734693,0.0556478655264865,0.0214357824246841));
#3963=CARTESIAN_POINT('',(0.0161161552365125,0.0514074797126558,0.0158211899656383));
#3964=CARTESIAN_POINT('',(0.0188040746372273,0.0470667891140009,0.0111202198689312));
#3965=CARTESIAN_POINT('',(0.0205531889527407,0.0431087808399101,0.00769680488966803));
#3966=CARTESIAN_POINT('',(0.0214291729314534,0.0398756262274052,0.00555927095166044));
#3967=CARTESIAN_POINT('',(0.0217459751301915,0.037116834065308,0.0042162151609922));
#3968=CARTESIAN_POINT('',(0.0216642090168444,0.0345635106379645,0.00335998146279527));
#3969=CARTESIAN_POINT('',(0.0211433984147066,0.0318584436133716,0.00285399447467943));
#3970=CARTESIAN_POINT('',(0.0200067492053767,0.0290596067793652,0.00257451337444721));
#3971=CARTESIAN_POINT('',(0.0183187964813012,0.0265583748223124,0.00250618170229471));
#3972=CARTESIAN_POINT('',(0.0164040000378104,0.0245479192523555,0.00250024726998776));
#3973=CARTESIAN_POINT('',(0.0146003572309267,0.0230837444710337,0.0024334502206664));
#3974=CARTESIAN_POINT('',(0.0129007938280968,0.0219735164151819,0.00229381109974179));
#3975=CARTESIAN_POINT('',(0.0113363192380503,0.0210734433943547,0.00206647092552663));
#3976=CARTESIAN_POINT('',(0.00991596768997356,0.0202557153707278,0.0017256656850117));
#3977=CARTESIAN_POINT('',(0.00855876943749411,0.0193885799441387,0.0012256505966024));
#3978=CARTESIAN_POINT('',(0.0078131561443108,0.018791862303602,0.000786145020526238));
#3979=CARTESIAN_POINT('',(0.00745150759411155,0.0184300162491416,0.000490783522892263));
#3980=CARTESIAN_POINT('',(-0.00658161491200789,0.0721255577880751,0.07375));
#3981=CARTESIAN_POINT('',(-0.00658241406861567,0.0721249228481211,0.0645580431137997));
#3982=CARTESIAN_POINT('',(-0.00299637265007252,0.0701512930535909,0.0514459302436339));
#3983=CARTESIAN_POINT('',(0.00436092795757359,0.064396123028807,0.0360474389172728));
#3984=CARTESIAN_POINT('',(0.00902699087884357,0.0601020027809795,0.0276636262239358));
#3985=CARTESIAN_POINT('',(0.0129823636814117,0.0558687295676663,0.0210481830874586));
#3986=CARTESIAN_POINT('',(0.0164331883899242,0.0515432242220209,0.0154316583274309));
#3987=CARTESIAN_POINT('',(0.0192017762904622,0.047143414449367,0.0107225426444333));
#3988=CARTESIAN_POINT('',(0.0209888209652019,0.0431329858429797,0.00729407301243598));
#3989=CARTESIAN_POINT('',(0.0218463571630361,0.0398646777299508,0.00515254561518436));
#3990=CARTESIAN_POINT('',(0.0221089729174156,0.0370898191702265,0.00380583277833405));
#3991=CARTESIAN_POINT('',(0.0219459507358884,0.0345351955087597,0.00294673190712956));
#3992=CARTESIAN_POINT('',(0.0213074041417823,0.031851329123138,0.00244993224322374));
#3993=CARTESIAN_POINT('',(0.0200734369899812,0.029088523445817,0.00219803401580094));
#3994=CARTESIAN_POINT('',(0.018324509224917,0.0265987210279976,0.00213191850294966));
#3995=CARTESIAN_POINT('',(0.0163637111380637,0.024589755460616,0.00211660886126401));
#3996=CARTESIAN_POINT('',(0.0145428799310499,0.0231321644398809,0.00204764282147374));
#3997=CARTESIAN_POINT('',(0.0128547634655939,0.0220348177995071,0.00190767114815858));
#3998=CARTESIAN_POINT('',(0.0113200445527228,0.0211493713495785,0.0016855463552364));
#3999=CARTESIAN_POINT('',(0.00994002065330667,0.0203505411609199,0.00135486993603101));
#4000=CARTESIAN_POINT('',(0.00862970666916021,0.019509280034156,0.0008717237252423));
#4001=CARTESIAN_POINT('',(0.00791246717787965,0.018933820804277,0.000448499325366401));
#4002=CARTESIAN_POINT('',(0.00756368217970115,0.0185848900148273,0.000163717424254265));
#4003=CARTESIAN_POINT('',(-0.00616035826752924,0.0728027156233223,0.07375));
#4004=CARTESIAN_POINT('',(-0.00616144449211677,0.0728017204400114,0.0644470969602775));
#4005=CARTESIAN_POINT('',(-0.00266315783212806,0.0707294713873982,0.0511912054184006));
#4006=CARTESIAN_POINT('',(0.00463243062198535,0.0648035629506778,0.0357101888397194));
#4007=CARTESIAN_POINT('',(0.00929673172142522,0.0604070517755046,0.0273062779443008));
#4008=CARTESIAN_POINT('',(0.0132834075652607,0.0560961136398733,0.02068908108333));
#4009=CARTESIAN_POINT('',(0.016805032043105,0.0517190671677134,0.0150761160255926));
#4010=CARTESIAN_POINT('',(0.019654710522588,0.0472716137210339,0.0103703982486568));
#4011=CARTESIAN_POINT('',(0.0214788824997562,0.0432066289923359,0.00693972364423929));
#4012=CARTESIAN_POINT('',(0.0223219133606692,0.0398924341976077,0.00478813478984088));
#4013=CARTESIAN_POINT('',(0.0225362018716434,0.037084198228791,0.00342778542576818));
#4014=CARTESIAN_POINT('',(0.0222982268672814,0.0345071351181622,0.00255463973277608));
#4015=CARTESIAN_POINT('',(0.0215486468006433,0.0318203881859458,0.00205437784797707));
#4016=CARTESIAN_POINT('',(0.0202167578833907,0.0290749390794269,0.00182046079648844));
#4017=CARTESIAN_POINT('',(0.0184095829784543,0.0265899124105932,0.00175888149623218));
#4018=CARTESIAN_POINT('',(0.016411261842996,0.0245796192981834,0.00173397605780334));
#4019=CARTESIAN_POINT('',(0.01457529102717,0.0231281120060436,0.00165977755751697));
#4020=CARTESIAN_POINT('',(0.0128929041883386,0.0220440421623288,0.00152023406854681));
#4021=CARTESIAN_POINT('',(0.0113746788711401,0.0211751262860638,0.00130715490379842));
#4022=CARTESIAN_POINT('',(0.0100204614789033,0.0203975878134164,0.000989325467056315));
#4023=CARTESIAN_POINT('',(0.00874504498878254,0.0195847846565925,0.000522495332227028));
#4024=CARTESIAN_POINT('',(0.00805336188444633,0.0190320603572133,0.000114085018356921));
#4025=CARTESIAN_POINT('',(0.00771724827845211,0.0186958484387137,-0.000160257628203113));
#4026=CARTESIAN_POINT('',(-0.00549858605825043,0.0736502435215057,0.07375));
#4027=CARTESIAN_POINT('',(-0.00549983561479418,0.0736497267134642,0.0643104715710998));
#4028=CARTESIAN_POINT('',(-0.00212300658712785,0.0714408769813292,0.0508736499715632));
#4029=CARTESIAN_POINT('',(0.00508031281207203,0.0652992884836294,0.0352945157223929));
#4030=CARTESIAN_POINT('',(0.00973488408401159,0.0607902152007294,0.0268677097202009));
#4031=CARTESIAN_POINT('',(0.0137591557197683,0.0564067398019007,0.0202488652464467));
#4032=CARTESIAN_POINT('',(0.017375063294965,0.0519929427844809,0.0146448370686565));
#4033=CARTESIAN_POINT('',(0.0203334111796839,0.0475010385836879,0.00994832992399526));
#4034=CARTESIAN_POINT('',(0.0222111108378718,0.0433647385009991,0.00651252220201627));
#4035=CARTESIAN_POINT('',(0.0230397628247203,0.039974858542368,0.00434153474238705));
#4036=CARTESIAN_POINT('',(0.0231943627963343,0.0370999014707138,0.00295719134095306));
#4037=CARTESIAN_POINT('',(0.022863232385826,0.0344687627390376,0.00206042383827984));
#4038=CARTESIAN_POINT('',(0.0219824341672825,0.0317489969253134,0.0015420941403112));
#4039=CARTESIAN_POINT('',(0.0205302079051446,0.0289956619088528,0.00130231648353222));
#4040=CARTESIAN_POINT('',(0.0186426544235479,0.0265062750862909,0.00123568993853017));
#4041=CARTESIAN_POINT('',(0.0165956266633177,0.0244953760689061,0.0012085649750811));
#4042=CARTESIAN_POINT('',(0.0147367152358944,0.0230537806326246,0.00114139301906816));
#4043=CARTESIAN_POINT('',(0.013049951271656,0.021988953812733,0.00101502484417776));
#4044=CARTESIAN_POINT('',(0.0115329642007356,0.0211449989121067,0.000822167785889005));
#4045=CARTESIAN_POINT('',(0.01019082277572,0.0203986653247093,0.000528345600937398));
#4046=CARTESIAN_POINT('',(0.00894149763065374,0.019624881862822,9.01759912565779E-5));
#4047=CARTESIAN_POINT('',(0.00827642940102007,0.0191015234848014,-0.000295981692934856));
#4048=CARTESIAN_POINT('',(0.0079561275330392,0.0187811778977847,-0.000557330587516395));
#4049=CARTESIAN_POINT('',(-0.00450544848778664,0.0745671856318296,0.07375));
#4050=CARTESIAN_POINT('',(-0.00450637927564981,0.0745671433567232,0.0641741249383518));
#4051=CARTESIAN_POINT('',(-0.00127883784777365,0.0722225970805043,0.0505553391265826));
#4052=CARTESIAN_POINT('',(0.00578697439103363,0.0658612158275482,0.0348679901700318));
#4053=CARTESIAN_POINT('',(0.0104170726896601,0.0612445239912641,0.0264132307811316));
#4054=CARTESIAN_POINT('',(0.014480578825594,0.0567992924287211,0.0197893358432782));
#4055=CARTESIAN_POINT('',(0.0181990898142646,0.0523579138412829,0.0141961453263039));
#4056=CARTESIAN_POINT('',(0.0212676684408337,0.0478205979660682,0.00950990378038024));
#4057=CARTESIAN_POINT('',(0.0232047477198422,0.0436028112591262,0.00606598569465506));
#4058=CARTESIAN_POINT('',(0.0240298966388007,0.0401159855556421,0.00387022031359203));
#4059=CARTESIAN_POINT('',(0.0241363431797981,0.0371430620340141,0.00245321540145367));
#4060=CARTESIAN_POINT('',(0.0237232110319843,0.0344171958265412,0.00151970817278225));
#4061=CARTESIAN_POINT('',(0.0227213003330223,0.031602705554327,0.000957422407210677));
#4062=CARTESIAN_POINT('',(0.0211431027617798,0.0287750672740672,0.000675982927848047));
#4063=CARTESIAN_POINT('',(0.0191540305066904,0.0262458110836489,0.000582106999947083));
#4064=CARTESIAN_POINT('',(0.0170374441177912,0.0242342291242427,0.000553063524654014));
#4065=CARTESIAN_POINT('',(0.0151372169987944,0.0228203527108732,0.000506910310727408));
#4066=CARTESIAN_POINT('',(0.0134241640491572,0.0217982553298595,0.000414821569869073));
#4067=CARTESIAN_POINT('',(0.0118799869789466,0.0210022618857375,0.000260313551493568));
#4068=CARTESIAN_POINT('',(0.0105196917268948,0.0203067208251594,5.26926440000499E-6));
#4069=CARTESIAN_POINT('',(0.009267191593693,0.0195864444159336,-0.000391397693729258));
#4070=CARTESIAN_POINT('',(0.00861656965649091,0.0190950218161757,-0.000751274174170686));
#4071=CARTESIAN_POINT('',(0.00831052865312312,0.0187889840575176,-0.00100094209585274));
#4072=CARTESIAN_POINT('',(-0.00335581226971466,0.0752430033488189,0.07375));
#4073=CARTESIAN_POINT('',(-0.00335655356189632,0.0752429490393405,0.0640807018713462));
#4074=CARTESIAN_POINT('',(-0.000270508018842795,0.0728241757656547,0.0503418766523757));
#4075=CARTESIAN_POINT('',(0.00665315898211195,0.06634209034692,0.0345776999808761));
#4076=CARTESIAN_POINT('',(0.0112512806862322,0.0616623431940922,0.0261000626925203));
#4077=CARTESIAN_POINT('',(0.0153431365733876,0.0571757301740451,0.0194699062635369));
#4078=CARTESIAN_POINT('',(0.019144403976556,0.0527112542080282,0.0138831749675847));
#4079=CARTESIAN_POINT('',(0.0223023491128262,0.0481324441448422,0.00920096203419414));
#4080=CARTESIAN_POINT('',(0.0242927858220621,0.0438382650611251,0.00574573485499642));
#4081=CARTESIAN_POINT('',(0.0251260315739664,0.0402561482125009,0.00352484812064371));
#4082=CARTESIAN_POINT('',(0.02520857962121,0.0371786624697419,0.00207332366418855));
#4083=CARTESIAN_POINT('',(0.0247470211518753,0.0343391213070859,0.00109691219632159));
#4084=CARTESIAN_POINT('',(0.0236665898774932,0.0313859328060058,0.000476520961712592));
#4085=CARTESIAN_POINT('',(0.0219948143262789,0.0284249412698771,0.000134166644723916));
#4086=CARTESIAN_POINT('',(0.0199146219954891,0.0258079341494695,-5.29669183837286E-6));
#4087=CARTESIAN_POINT('',(0.01771993978605,0.023775739664717,-4.96841568145615E-5));
#4088=CARTESIAN_POINT('',(0.0157603619919209,0.0223962001441208,-8.07356958142161E-5));
#4089=CARTESIAN_POINT('',(0.0139986057964381,0.0214419543019247,-0.000133737334455134));
#4090=CARTESIAN_POINT('',(0.0124038108041068,0.0207228102775565,-0.000237773991573018));
#4091=CARTESIAN_POINT('',(0.0109969410040106,0.0200996720209715,-0.000440029935485796));
#4092=CARTESIAN_POINT('',(0.00970290736019265,0.0194423638037282,-0.000787051524697698));
#4093=CARTESIAN_POINT('',(0.00903786463116686,0.0189739783086412,-0.00112814762401641));
#4094=CARTESIAN_POINT('',(0.00873463620442495,0.0186707780546051,-0.0013755934483933));
#4095=CARTESIAN_POINT('',(-0.00238955905451754,0.0756230221120425,0.07375));
#4096=CARTESIAN_POINT('',(-0.00239037368448865,0.0756229433021753,0.0640282607844783));
#4097=CARTESIAN_POINT('',(0.000582629177094744,0.0731790617965418,0.0502247397027513));
#4098=CARTESIAN_POINT('',(0.00739493756066703,0.0666571995514616,0.0344257425748444));
#4099=CARTESIAN_POINT('',(0.0119661483530572,0.0619542751046792,0.0259392256354254));
#4100=CARTESIAN_POINT('',(0.0160759739970159,0.0574478853345241,0.0193079589650217));
#4101=CARTESIAN_POINT('',(0.0199350312989522,0.0529672643745813,0.0137273273509148));
#4102=CARTESIAN_POINT('',(0.0231566039507771,0.048355405391948,0.00904793741706378));
#4103=CARTESIAN_POINT('',(0.0251872731642017,0.0440024513708874,0.0055827897300391));
#4104=CARTESIAN_POINT('',(0.0260312012585474,0.040347537336,0.00334021330352294));
#4105=CARTESIAN_POINT('',(0.0261040926551498,0.0371881919837904,0.00185780889921213));
#4106=CARTESIAN_POINT('',(0.0256173153146782,0.0342555897039206,0.000841657584634467));
#4107=CARTESIAN_POINT('',(0.0244915037254368,0.0311825068890192,0.000166555679153886));
#4108=CARTESIAN_POINT('',(0.0227591834411254,0.0281005490323138,-0.000233412941340064));
#4109=CARTESIAN_POINT('',(0.0206133346882348,0.0253976353378375,-0.000416491697697607));
#4110=CARTESIAN_POINT('',(0.0183579998604984,0.0233361731147556,-0.000477723433521304));
#4111=CARTESIAN_POINT('',(0.0163505135779785,0.0219777859403001,-0.000498832066231578));
#4112=CARTESIAN_POINT('',(0.0145503994156328,0.0210809484484235,-0.000518582256064809));
#4113=CARTESIAN_POINT('',(0.0129156279856208,0.0204316289986659,-0.000575596968066377));
#4114=CARTESIAN_POINT('',(0.0114670881914243,0.0198737031876281,-0.000727323113920695));
#4115=CARTESIAN_POINT('',(0.0101245045304871,0.0192651321841008,-0.00103235550630002));
#4116=CARTESIAN_POINT('',(0.00942905855858691,0.0188020950503989,-0.00136836490447929));
#4117=CARTESIAN_POINT('',(0.00911719522357154,0.0184902262561153,-0.00162300075587685));
#4118=CARTESIAN_POINT('',(-0.00177711057400188,0.0757939577397825,0.07375));
#4119=CARTESIAN_POINT('',(-0.0017780942364443,0.0757938555924078,0.0640030632466987));
#4120=CARTESIAN_POINT('',(0.00112762635122565,0.0733486925765699,0.0501696177563732));
#4121=CARTESIAN_POINT('',(0.00787268801684167,0.0668246730195185,0.034360114399771));
#4122=CARTESIAN_POINT('',(0.0124255187518763,0.0621175328177675,0.0258731615597502));
#4123=CARTESIAN_POINT('',(0.0165426586766776,0.0576034296874216,0.0192446459090359));
#4124=CARTESIAN_POINT('',(0.0204318730901059,0.0531129819891785,0.0136703214102959));
#4125=CARTESIAN_POINT('',(0.0236880749131627,0.0484802950838025,0.00899432088159093));
#4126=CARTESIAN_POINT('',(0.0257420540911677,0.0440919647354871,0.00552345405467826));
#4127=CARTESIAN_POINT('',(0.0265944899575284,0.0403937573142015,0.00326641808055191));
#4128=CARTESIAN_POINT('',(0.0266658037290732,0.0371850437661485,0.00176243718167147));
#4129=CARTESIAN_POINT('',(0.0261695707480967,0.0341948451435749,0.000717862491744649));
#4130=CARTESIAN_POINT('',(0.0250236278049358,0.0310459030977049,3.1599925599436E-6));
#4131=CARTESIAN_POINT('',(0.0232610606853921,0.0278857042554243,-0.000438699127836642));
#4132=CARTESIAN_POINT('',(0.0210790834541612,0.0251245453026378,-0.000653187505877219));
#4133=CARTESIAN_POINT('',(0.0187882419643001,0.023039645170056,-0.000725836329129754));
#4134=CARTESIAN_POINT('',(0.0167520874997165,0.021690708095496,-0.000738889857118321));
#4135=CARTESIAN_POINT('',(0.01493008893205,0.0208293465677945,-0.000733791643626024));
#4136=CARTESIAN_POINT('',(0.0132723026407663,0.0202249749712004,-0.000756385723677572));
#4137=CARTESIAN_POINT('',(0.011797540297161,0.0197086082247014,-0.000872263153494429));
#4138=CARTESIAN_POINT('',(0.010419540051369,0.0191264278421331,-0.00114954003808884));
#4139=CARTESIAN_POINT('',(0.00969725004777044,0.0186583984145442,-0.0014860614929761));
#4140=CARTESIAN_POINT('',(0.0093747880076384,0.0183358856090144,-0.00174945828108601));
#4141=CARTESIAN_POINT('',(-0.00128759274353254,0.0758917505699563,0.07375));
#4142=CARTESIAN_POINT('',(-0.00128880211308939,0.0758916572957865,0.0639867284512634));
#4143=CARTESIAN_POINT('',(0.00156565937108187,0.0734539794479205,0.0501342588289457));
#4144=CARTESIAN_POINT('',(0.00825959201835987,0.0669413410670233,0.0343230871463617));
#4145=CARTESIAN_POINT('',(0.0127971174544511,0.0622365771922731,0.0258392616452799));
#4146=CARTESIAN_POINT('',(0.0169175985899461,0.0577184719755012,0.019215579282866));
#4147=CARTESIAN_POINT('',(0.0208268646694033,0.053219379976291,0.0136483671234414));
#4148=CARTESIAN_POINT('',(0.0241071569064187,0.0485690899790354,0.0089765184185375));
#4149=CARTESIAN_POINT('',(0.0261783134754128,0.0441530922007442,0.00550163824941529));
#4150=CARTESIAN_POINT('',(0.0270386159175613,0.0404220464192914,0.00323250507495281));
#4151=CARTESIAN_POINT('',(0.0271116034879871,0.0371757931976992,0.00170964751722871));
#4152=CARTESIAN_POINT('',(0.0266120507055594,0.0341410178869644,0.000639647758415753));
#4153=CARTESIAN_POINT('',(0.0254556048411287,0.0309325369561134,-0.000111125154444174));
#4154=CARTESIAN_POINT('',(0.0236738557332496,0.0277100097488732,-0.000591345871477076));
#4155=CARTESIAN_POINT('',(0.0214659204818113,0.0249007862854508,-0.000833817435143606));
#4156=CARTESIAN_POINT('',(0.019147915567554,0.0227944045651409,-0.000914887884292565));
#4157=CARTESIAN_POINT('',(0.017089508331162,0.021450469479092,-0.000918154552220732));
#4158=CARTESIAN_POINT('',(0.0152515857808793,0.020616784577772,-0.000888548555454514));
#4159=CARTESIAN_POINT('',(0.0135769899844048,0.0200482167806573,-0.000879476750825697));
#4160=CARTESIAN_POINT('',(0.0120817494469514,0.0195641884361487,-0.000963942824466007));
#4161=CARTESIAN_POINT('',(0.0106728415654376,0.0189989327218496,-0.00121679860590136));
#4162=CARTESIAN_POINT('',(0.00992354320086264,0.0185203964100853,-0.00155438932312954));
#4163=CARTESIAN_POINT('',(0.00958893533169774,0.0181856911864396,-0.00182778426918983));
#4164=CARTESIAN_POINT('',(-0.000922704784545005,0.0759460309176245,0.07375));
#4165=CARTESIAN_POINT('',(-0.000924129522836036,0.0759459638327305,0.0639760508329513));
#4166=CARTESIAN_POINT('',(0.0018936451213495,0.0735180171566379,0.0501112871211114));
#4167=CARTESIAN_POINT('',(0.00855101924857602,0.0670202600183222,0.0343022495654503));
#4168=CARTESIAN_POINT('',(0.0130768173762408,0.062320009057747,0.0258226831897002));
#4169=CARTESIAN_POINT('',(0.0171984590252798,0.0577998544584995,0.019204214841795));
#4170=CARTESIAN_POINT('',(0.0211205621350797,0.0532937721521206,0.0136436827035142));
#4171=CARTESIAN_POINT('',(0.0244169798211095,0.0486297338379343,0.00897589480341958));
#4172=CARTESIAN_POINT('',(0.0265002218068771,0.0441932825668731,0.00549836219847234));
#4173=CARTESIAN_POINT('',(0.0273669535437279,0.0404385474225185,0.00321984534569928));
#4174=CARTESIAN_POINT('',(0.0274426878352724,0.0371652446574542,0.00168190337028647));
#4175=CARTESIAN_POINT('',(0.0269428013906059,0.0340980368250396,0.000591302520778504));
#4176=CARTESIAN_POINT('',(0.0257813856982717,0.0308459758402136,-0.000189090936214695));
#4177=CARTESIAN_POINT('',(0.0239879609170274,0.0275774240133796,-0.000700961827357625));
#4178=CARTESIAN_POINT('',(0.0217622051624165,0.0247318176333781,-0.00096603126002482));
#4179=CARTESIAN_POINT('',(0.0194245493304511,0.0226080467507838,-0.00105273677750974));
#4180=CARTESIAN_POINT('',(0.0173498638229899,0.0212663889001012,-0.0010463719488015));
#4181=CARTESIAN_POINT('',(0.0155008792812301,0.0204525782738064,-0.000995609213186868));
#4182=CARTESIAN_POINT('',(0.0138145591546477,0.0199096796515091,-0.000960759635144987));
#4183=CARTESIAN_POINT('',(0.0123045444770757,0.0194480205023226,-0.00102058762422869));
#4184=CARTESIAN_POINT('',(0.0108719329895396,0.0188924518781538,-0.00125365550326829));
#4185=CARTESIAN_POINT('',(0.0101000083125388,0.0184028989977264,-0.00159150206177283));
#4186=CARTESIAN_POINT('',(0.00975467766286988,0.0180574368983647,-0.00187369755771176));
#4187=CARTESIAN_POINT('',(-0.000621138059549477,0.0759759061724806,0.07375));
#4188=CARTESIAN_POINT('',(-0.000622790569330434,0.0759758852135623,0.0639683374159399));
#4189=CARTESIAN_POINT('',(0.00216595396493891,0.0735594197548309,0.0500946303323015));
#4190=CARTESIAN_POINT('',(0.00879455071115832,0.0670791979861712,0.034290140678591));
#4191=CARTESIAN_POINT('',(0.0133103369306762,0.0623848582713065,0.025815817212379));
#4192=CARTESIAN_POINT('',(0.0174316083433874,0.0578636019505688,0.0192031787284018));
#4193=CARTESIAN_POINT('',(0.0213621668737253,0.0533510124199806,0.0136494686424906));
#4194=CARTESIAN_POINT('',(0.024669956667355,0.0486748567467109,0.0089859099023426));
#4195=CARTESIAN_POINT('',(0.0267623016103095,0.0442215789456894,0.00550650567419568));
#4196=CARTESIAN_POINT('',(0.0276348258188258,0.0404480224615829,0.00321995561422342));
#4197=CARTESIAN_POINT('',(0.0277143873141788,0.0371532981964611,0.00166865542118072));
#4198=CARTESIAN_POINT('',(0.027216559189542,0.0340600654380432,0.000559459405549868));
#4199=CARTESIAN_POINT('',(0.0260541932875585,0.0307726717707573,-0.000248236856424627));
#4200=CARTESIAN_POINT('',(0.0242537731516945,0.0274664607306064,-0.000789514813980952));
#4201=CARTESIAN_POINT('',(0.0220145254767073,0.02459038752176,-0.0010750034255234));
#4202=CARTESIAN_POINT('',(0.0196607899908629,0.0224512059096109,-0.00116543280252044));
#4203=CARTESIAN_POINT('',(0.0175724553836813,0.021110484354539,-0.00114832804047198));
#4204=CARTESIAN_POINT('',(0.0157145629785593,0.0203130301382399,-0.00107686550613976));
#4205=CARTESIAN_POINT('',(0.014018792805615,0.0197909566458658,-0.0010184749170739));
#4206=CARTESIAN_POINT('',(0.0124965900285362,0.0193465051649962,-0.001056655504459));
#4207=CARTESIAN_POINT('',(0.0110432979164522,0.0187968876781727,-0.00127129769215156));
#4208=CARTESIAN_POINT('',(0.0102495638770858,0.0182955341783261,-0.00160831883892628));
#4209=CARTESIAN_POINT('',(0.00989357262533284,0.0179393857822645,-0.00189922595164455));
#4210=CARTESIAN_POINT('',(-0.000382183226242642,0.0759909586003522,0.07375));
#4211=CARTESIAN_POINT('',(-0.00038403820603998,0.0759909935403992,0.06396273960427));
#4212=CARTESIAN_POINT('',(0.00238249254831538,0.0735856424701814,0.0500823495233058));
#4213=CARTESIAN_POINT('',(0.00898913542721567,0.0671222894450158,0.0342830713885297));
#4214=CARTESIAN_POINT('',(0.0134968041350894,0.062433870832843,0.0258140549611996));
#4215=CARTESIAN_POINT('',(0.0176170524423377,0.0579120881669896,0.0192071718425403));
#4216=CARTESIAN_POINT('',(0.0215531832039016,0.05339396698143,0.0136599548797113));
#4217=CARTESIAN_POINT('',(0.0248690431927128,0.0487077972048454,0.00900049182718609));
#4218=CARTESIAN_POINT('',(0.0269682514230054,0.0442411473448614,0.00551980474416989));
#4219=CARTESIAN_POINT('',(0.027845658604978,0.040452957737382,0.00322657983308362));
#4220=CARTESIAN_POINT('',(0.0279290078690862,0.0371416952784594,0.00166397748985217));
#4221=CARTESIAN_POINT('',(0.0274338967430075,0.0340283360164963,0.00053891597823842));
#4222=CARTESIAN_POINT('',(0.0262723167652479,0.0307136820586001,-0.000292355004380331));
#4223=CARTESIAN_POINT('',(0.0244678187274143,0.0273783247996158,-0.000859129832063879));
#4224=CARTESIAN_POINT('',(0.0222187088686497,0.0244781861672781,-0.00116192755655515));
#4225=CARTESIAN_POINT('',(0.0198524970627723,0.0223261800695875,-0.00125456595415876));
#4226=CARTESIAN_POINT('',(0.0177533971754053,0.0209853323054493,-0.00122698064063089));
#4227=CARTESIAN_POINT('',(0.0158886927211699,0.0201999626694464,-0.00113707762706349));
#4228=CARTESIAN_POINT('',(0.014185621111237,0.0196925170877071,-0.00105878352570316));
#4229=CARTESIAN_POINT('',(0.0126540693745896,0.0192590407989034,-0.00107898248114047));
#4230=CARTESIAN_POINT('',(0.011184639755685,0.0187118785327941,-0.00127741063314347));
#4231=CARTESIAN_POINT('',(0.0103726251204165,0.0182000750895658,-0.00161252192276719));
#4232=CARTESIAN_POINT('',(0.0100075643258491,0.0178348483348056,-0.00191080499958945));
#4233=CARTESIAN_POINT('',(-0.000234026233886738,0.0759967545328452,0.07375));
#4234=CARTESIAN_POINT('',(-0.000236035535867909,0.0759968323260845,0.0639594407258503));
#4235=CARTESIAN_POINT('',(0.00251734628644209,0.0735992017207578,0.0500750928848521));
#4236=CARTESIAN_POINT('',(0.00911107595687685,0.0671477585331034,0.0342798392766912));
#4237=CARTESIAN_POINT('',(0.0136135412409705,0.0624635262139999,0.0258145819048676));
#4238=CARTESIAN_POINT('',(0.0177324520623122,0.0579413620895876,0.0192116533495427));
#4239=CARTESIAN_POINT('',(0.0216708643722869,0.0534193007978843,0.0136686930870971));
#4240=CARTESIAN_POINT('',(0.0249905782280063,0.0487265195158926,0.009011876829488));
#4241=CARTESIAN_POINT('',(0.027093405284953,0.0442516394386064,0.00553050499617114));
#4242=CARTESIAN_POINT('',(0.0279740075217782,0.0404547913192848,0.0032332245578824));
#4243=CARTESIAN_POINT('',(0.0280606074849516,0.0371337140241864,0.00166350757447396));
#4244=CARTESIAN_POINT('',(0.0275686485379244,0.0340080897753113,0.000528176943553359));
#4245=CARTESIAN_POINT('',(0.0264095345571337,0.03067634408549,-0.000318827721869698));
#4246=CARTESIAN_POINT('',(0.0246038626952897,0.0273225248591202,-0.000902869930233872));
#4247=CARTESIAN_POINT('',(0.0223488803112137,0.024407071955148,-0.00121715676847715));
#4248=CARTESIAN_POINT('',(0.0199744443660885,0.0222469035701493,-0.00131066008476542));
#4249=CARTESIAN_POINT('',(0.0178678892092127,0.0209063047507352,-0.00127521056939042));
#4250=CARTESIAN_POINT('',(0.0159982902508617,0.0201297130985529,-0.0011723702315043));
#4251=CARTESIAN_POINT('',(0.0142900923186741,0.0196328489016154,-0.00108078883853947));
#4252=CARTESIAN_POINT('',(0.0127520386644767,0.0192072441024811,-0.00108934384418573));
#4253=CARTESIAN_POINT('',(0.0112712250972316,0.0186623489275595,-0.00127691040656689));
#4254=CARTESIAN_POINT('',(0.0104455816402428,0.018143372557389,-0.00161050941045242));
#4255=CARTESIAN_POINT('',(0.0100737947627046,0.0177714195539859,-0.00191423631345071));
#4256=CARTESIAN_POINT('',(-0.000116189801090106,0.0759992723669199,0.07375));
#4257=CARTESIAN_POINT('',(-0.000118292603773846,0.0759993923475061,0.0639569243098798));
#4258=CARTESIAN_POINT('',(0.00262435969702226,0.0736084066838755,0.0500693127138405));
#4259=CARTESIAN_POINT('',(0.00920749870095981,0.0671667777206323,0.0342774494162317));
#4260=CARTESIAN_POINT('',(0.0137059394161369,0.0624861582099877,0.0258155669831611));
#4261=CARTESIAN_POINT('',(0.0178242756099591,0.0579640904049709,0.0192163406622922));
#4262=CARTESIAN_POINT('',(0.021765426814179,0.0534393948530735,0.0136775656126092));
#4263=CARTESIAN_POINT('',(0.0250893052585643,0.0487416413968103,0.00902348138505844));
#4264=CARTESIAN_POINT('',(0.0271958023645326,0.0442600334482543,0.00554156816112891));
#4265=CARTESIAN_POINT('',(0.0280789435608218,0.0404557954374506,0.00324056749406358));
#4266=CARTESIAN_POINT('',(0.0281672839354083,0.037126541653606,0.00166461097152688));
#4267=CARTESIAN_POINT('',(0.0276763295348479,0.033991291333313,0.000520663288448703));
#4268=CARTESIAN_POINT('',(0.026517271451595,0.0306471048707445,-0.000339013532744422));
#4269=CARTESIAN_POINT('',(0.0247097901020089,0.0272801204983715,-0.000936656625471411));
#4270=CARTESIAN_POINT('',(0.0224505425109304,0.0243533658433756,-0.00125997074606793));
#4271=CARTESIAN_POINT('',(0.020070667300017,0.022186488656266,-0.00135416015088181));
#4272=CARTESIAN_POINT('',(0.0179595525745596,0.0208446239900518,-0.00131262256856847));
#4273=CARTESIAN_POINT('',(0.0160873976877276,0.0200716928648681,-0.00119997322913982));
#4274=CARTESIAN_POINT('',(0.0143762622168842,0.019578067612629,-0.00109823697599225));
#4275=CARTESIAN_POINT('',(0.0128346104505506,0.0191533664691996,-0.00109742441672853));
#4276=CARTESIAN_POINT('',(0.0113477107432186,0.0186063886968919,-0.00127592221321498));
#4277=CARTESIAN_POINT('',(0.01051450452432,0.018082197513616,-0.00160736681623201));
#4278=CARTESIAN_POINT('',(0.0101388335425034,0.0177063730945012,-0.00191422690779474));
#4279=CARTESIAN_POINT('',(1.03999159887314E-6,0.076000405964751,0.0737500000000001));
#4280=CARTESIAN_POINT('',(-1.08262030025229E-6,0.0760005759465887,0.0639546685537438));
#4281=CARTESIAN_POINT('',(0.00272960724062934,0.0736165526671718,0.0500638318398842));
#4282=CARTESIAN_POINT('',(0.00930105748208138,0.0671842705804507,0.0342751335171561));
#4283=CARTESIAN_POINT('',(0.0137960045974593,0.0625074201288929,0.0258167964869121));
#4284=CARTESIAN_POINT('',(0.0179154664109518,0.0579862371613123,0.0192216768271861));
#4285=CARTESIAN_POINT('',(0.0218622384936648,0.0534601792749042,0.0136879481594316));
#4286=CARTESIAN_POINT('',(0.0251933312753147,0.0487582432910369,0.00903733101418906));
#4287=CARTESIAN_POINT('',(0.0273054080737662,0.0442695726669331,0.00555472727044161));
#4288=CARTESIAN_POINT('',(0.0281908399246237,0.0404568526214035,0.00324919629033681));
#4289=CARTESIAN_POINT('',(0.0282785518487761,0.0371185760836566,0.00166630122314678));
#4290=CARTESIAN_POINT('',(0.0277845761643065,0.0339738970770842,0.000513616568151299));
#4291=CARTESIAN_POINT('',(0.0266202556492676,0.0306195207027856,-0.000357592662071665));
#4292=CARTESIAN_POINT('',(0.0248078962812122,0.0272423419072166,-0.000966846314816647));
#4293=CARTESIAN_POINT('',(0.0225446985711435,0.0243061122833162,-0.0012981162783618));
#4294=CARTESIAN_POINT('',(0.0201618415533459,0.0221322425988694,-0.00139368075926414));
#4295=CARTESIAN_POINT('',(0.0180495526335776,0.020786128394133,-0.0013481017693717));
#4296=CARTESIAN_POINT('',(0.0161781696694569,0.0200098614649953,-0.00122836866662298));
#4297=CARTESIAN_POINT('',(0.0144670754211825,0.0195095427131345,-0.00111838666595635));
#4298=CARTESIAN_POINT('',(0.0129254641538405,0.0190763099402811,-0.00110879380474452));
#4299=CARTESIAN_POINT('',(0.0114387492380692,0.0185204668211936,-0.00127862190422766));
#4300=CARTESIAN_POINT('',(0.0106053929127471,0.0179923760367764,-0.00160692691667529));
#4301=CARTESIAN_POINT('',(0.0102291793153889,0.0176160291960516,-0.00191422920350048));
#4302=CARTESIAN_POINT('',(0.000204178142538138,0.0759988088624872,0.07375));
#4303=CARTESIAN_POINT('',(0.000201985951862633,0.0759990749924149,0.0639511897959585));
#4304=CARTESIAN_POINT('',(0.00291201888974702,0.0736279780226104,0.0500555128237522));
#4305=CARTESIAN_POINT('',(0.00946392341780486,0.0672133675211204,0.0342731522457624));
#4306=CARTESIAN_POINT('',(0.0139529489449925,0.0625435879383344,0.0258211378833958));
#4307=CARTESIAN_POINT('',(0.0180740770903905,0.0580238282899682,0.0192329797476765));
#4308=CARTESIAN_POINT('',(0.0220298687391319,0.0534947343382119,0.0137074747322371));
#4309=CARTESIAN_POINT('',(0.0253725343415457,0.0487849838717985,0.00906236496926965));
#4310=CARTESIAN_POINT('',(0.027493554532259,0.0442841529066555,0.00557853483522925));
#4311=CARTESIAN_POINT('',(0.0283829294016349,0.0404573728461017,0.00326552594329032));
#4312=CARTESIAN_POINT('',(0.0284703147882136,0.0371041598767226,0.00167099924314699));
#4313=CARTESIAN_POINT('',(0.0279724743343369,0.0339435004206571,0.000503348554413062));
#4314=CARTESIAN_POINT('',(0.0268006915955212,0.0305710883493526,-0.000388145150349085));
#4315=CARTESIAN_POINT('',(0.0249805582657999,0.0271754643299816,-0.00101815428758136));
#4316=CARTESIAN_POINT('',(0.022710222664959,0.0242221447951494,-0.00136360892467937));
#4317=CARTESIAN_POINT('',(0.0203216459895354,0.0220358162767226,-0.00146151097611481));
#4318=CARTESIAN_POINT('',(0.0182068259099145,0.0206826763431796,-0.00140856948533929));
#4319=CARTESIAN_POINT('',(0.0163365373804133,0.0199022592144197,-0.00127610976992333));
#4320=CARTESIAN_POINT('',(0.014625486170456,0.0193932143468658,-0.00115152346441435));
#4321=CARTESIAN_POINT('',(0.0130834613408878,0.0189484262687553,-0.00112672942270124));
#4322=CARTESIAN_POINT('',(0.0115951427799686,0.0183798203098775,-0.00128155983925476));
#4323=CARTESIAN_POINT('',(0.0107583744478251,0.0178442900697307,-0.00160493567015428));
#4324=CARTESIAN_POINT('',(0.010379698706933,0.0174655086419749,-0.0019142277796947));
#4325=CARTESIAN_POINT('',(0.000602876696158305,0.0759817487550801,0.07375));
#4326=CARTESIAN_POINT('',(0.000600571817029458,0.0759822503656813,0.0639462202494583));
#4327=CARTESIAN_POINT('',(0.00326788125429681,0.0736399483512331,0.0500434441317138));
#4328=CARTESIAN_POINT('',(0.00978149836788924,0.0672639079631173,0.0342758392467353));
#4329=CARTESIAN_POINT('',(0.0142601841442416,0.0626100206913473,0.0258371562063784));
#4330=CARTESIAN_POINT('',(0.0183866779608835,0.0580941238910002,0.0192629515875474));
#4331=CARTESIAN_POINT('',(0.022363042144135,0.0535592100666557,0.0137535486516712));
#4332=CARTESIAN_POINT('',(0.0257309651348925,0.0488337393461838,0.00911903700818769));
#4333=CARTESIAN_POINT('',(0.0278707045358537,0.0443086745716462,0.0056324558214504));
#4334=CARTESIAN_POINT('',(0.0287673344301199,0.0404543323257986,0.00330447208155899));
#4335=CARTESIAN_POINT('',(0.0288522849316718,0.0370724550399985,0.00168704521728514));
#4336=CARTESIAN_POINT('',(0.0283440131286746,0.0338818643737407,0.000490270181182759));
#4337=CARTESIAN_POINT('',(0.0271533171776546,0.0304768225367609,-0.000440080510967864));
#4338=CARTESIAN_POINT('',(0.0253145754762147,0.0270477533090865,-0.00110941544989834));
#4339=CARTESIAN_POINT('',(0.0230298882383168,0.0240619087638615,-0.00148214786470074));
#4340=CARTESIAN_POINT('',(0.0206327824493728,0.0218493665937728,-0.0015857778318167));
#4341=CARTESIAN_POINT('',(0.0185175084484164,0.0204779763363302,-0.00152089169928713));
#4342=CARTESIAN_POINT('',(0.016654540039096,0.0196819052443485,-0.00136674559054034));
#4343=CARTESIAN_POINT('',(0.0149488130701185,0.0191471284370849,-0.00121572742972228));
#4344=CARTESIAN_POINT('',(0.0134109849858448,0.0186730841642882,-0.0011621749757164));
#4345=CARTESIAN_POINT('',(0.0119247147596635,0.0180754347745721,-0.00128840807080419));
#4346=CARTESIAN_POINT('',(0.0110845773261405,0.0175254082875448,-0.00160196400899736));
#4347=CARTESIAN_POINT('',(0.0107022183221265,0.0171429898561208,-0.00191422879542389));
#4348=CARTESIAN_POINT('',(0.00115263550487577,0.0759204331379938,0.07375));
#4349=CARTESIAN_POINT('',(0.00115021632899596,0.0759213862166002,0.06394476505451));
#4350=CARTESIAN_POINT('',(0.00375249255022376,0.0736283486654636,0.0500386780661536));
#4351=CARTESIAN_POINT('',(0.0102133519425174,0.0673160873693023,0.0342975817720819));
#4352=CARTESIAN_POINT('',(0.0146805727288326,0.0626893592338549,0.0258797110439228));
#4353=CARTESIAN_POINT('',(0.0188183485641954,0.0581809297726827,0.0193252425057838));
#4354=CARTESIAN_POINT('',(0.0228277536010789,0.0536370958334852,0.013837120385514));
#4355=CARTESIAN_POINT('',(0.0262339898241759,0.0488881855753367,0.00921587391306533));
#4356=CARTESIAN_POINT('',(0.0284005111166032,0.0443293368579078,0.00572476579538406));
#4357=CARTESIAN_POINT('',(0.0293061228110767,0.0404386509547133,0.00337632098083297));
#4358=CARTESIAN_POINT('',(0.0293856476022046,0.037020357518305,0.00172803270258635));
#4359=CARTESIAN_POINT('',(0.0288600789005763,0.0337925688003068,0.000492035753068841));
#4360=CARTESIAN_POINT('',(0.027638120516471,0.0303479114570188,-0.000490538267429085));
#4361=CARTESIAN_POINT('',(0.025768346310041,0.0268770793738158,-0.00121256984350869));
#4362=CARTESIAN_POINT('',(0.0234627673323409,0.0238470951627324,-0.00162263545884013));
#4363=CARTESIAN_POINT('',(0.0210588155648266,0.0215935022448216,-0.00173663482224064));
#4364=CARTESIAN_POINT('',(0.0189517685200983,0.020187215958339,-0.00165996085688306));
#4365=CARTESIAN_POINT('',(0.0171094652461147,0.0193559050371166,-0.00148156734286424));
#4366=CARTESIAN_POINT('',(0.0154224547871015,0.0187732595067628,-0.0012978829085753));
#4367=CARTESIAN_POINT('',(0.0139006143550116,0.0182514481780009,-0.00120748555683352));
#4368=CARTESIAN_POINT('',(0.012425242447887,0.0176099551998693,-0.00129681381549812));
#4369=CARTESIAN_POINT('',(0.0115820592895455,0.0170387309515838,-0.00159761093098057));
#4370=CARTESIAN_POINT('',(0.0111942771506113,0.0166509305620556,-0.00191422822520668));
#4371=CARTESIAN_POINT('',(0.00177906061628619,0.0757949238320469,0.07375));
#4372=CARTESIAN_POINT('',(0.00177665242376039,0.0757964758774227,0.0639505677094104));
#4373=CARTESIAN_POINT('',(0.00429815752206567,0.0735738778916331,0.0500497428469757));
#4374=CARTESIAN_POINT('',(0.0106970669938732,0.0673488652711338,0.0343468893092024));
#4375=CARTESIAN_POINT('',(0.0151543703329464,0.0627603274407437,0.0259564667102627));
#4376=CARTESIAN_POINT('',(0.0193106560069404,0.0582642452418698,0.019426085256802));
#4377=CARTESIAN_POINT('',(0.0233650244717189,0.0537105940378175,0.0139624512581156));
#4378=CARTESIAN_POINT('',(0.0268203600475853,0.0489337897215733,0.00935558357684242));
#4379=CARTESIAN_POINT('',(0.0290189442731225,0.0443361936535131,0.00585838858131653));
#4380=CARTESIAN_POINT('',(0.0299329477015053,0.0404059168471926,0.00348630073642866));
#4381=CARTESIAN_POINT('',(0.0300023326863934,0.0369498918050256,0.00180314943233086));
#4382=CARTESIAN_POINT('',(0.0294514393306627,0.0336852834450793,0.000523261913434941));
#4383=CARTESIAN_POINT('',(0.0281847592341146,0.0302038882626113,-0.000517065329510944));
#4384=CARTESIAN_POINT('',(0.026271223650907,0.0266927791653786,-0.00129662853366486));
#4385=CARTESIAN_POINT('',(0.023941573130016,0.023613846361122,-0.00174855866488988));
#4386=CARTESIAN_POINT('',(0.0215395504545225,0.0213050299452235,-0.00187854358333845));
#4387=CARTESIAN_POINT('',(0.0194566884404956,0.0198424261812602,-0.00179565029811833));
#4388=CARTESIAN_POINT('',(0.0176541873957937,0.0189489780729789,-0.00159709654830467));
#4389=CARTESIAN_POINT('',(0.0160054404960982,0.0182925210135017,-0.00138152745146537));
#4390=CARTESIAN_POINT('',(0.01451720285122,0.0177031485198288,-0.00125399709605583));
#4391=CARTESIAN_POINT('',(0.0130676231528109,0.0170032376998829,-0.00130582848769962));
#4392=CARTESIAN_POINT('',(0.0122258948296384,0.0164061018988642,-0.00159313964140138));
#4393=CARTESIAN_POINT('',(0.0118324953076274,0.0160127125579603,-0.00191422841249568));
#4394=CARTESIAN_POINT('',(0.0025777452704765,0.0755646572711945,0.07375));
#4395=CARTESIAN_POINT('',(0.00257555331569929,0.0755670144674117,0.0639676530011461));
#4396=CARTESIAN_POINT('',(0.00498682837834935,0.073453078126559,0.0500852998047479));
#4397=CARTESIAN_POINT('',(0.0113055510583154,0.0673577767619601,0.0344407857004612));
#4398=CARTESIAN_POINT('',(0.0157548432078561,0.0628270102027441,0.0260902737268481));
#4399=CARTESIAN_POINT('',(0.0199414589313447,0.0583516431437565,0.0195928994189932));
#4400=CARTESIAN_POINT('',(0.0240608533212186,0.0537862556791653,0.0141608334841009));
#4401=CARTESIAN_POINT('',(0.0275841223999674,0.0489729368613037,0.00957115073509355));
#4402=CARTESIAN_POINT('',(0.0298248501913391,0.0443259769577114,0.00606482891880861));
#4403=CARTESIAN_POINT('',(0.0307475126464719,0.0403474011440979,0.00366206861442648));
#4404=CARTESIAN_POINT('',(0.0307999970204459,0.0368473869296382,0.0019347191251924));
#4405=CARTESIAN_POINT('',(0.030211343537454,0.0335417109650596,0.000599656635601404));
#4406=CARTESIAN_POINT('',(0.0288785625173999,0.0300221077429202,-0.000512808091964838));
#4407=CARTESIAN_POINT('',(0.0268998833957951,0.0264667735645294,-0.00136373298459852));
#4408=CARTESIAN_POINT('',(0.0245386545821187,0.0233256524984951,-0.00186865812973455));
#4409=CARTESIAN_POINT('',(0.0221496398587645,0.0209351731568756,-0.00202374037115864));
#4410=CARTESIAN_POINT('',(0.0201131531070497,0.0193815328849794,-0.0019402115013027));
#4411=CARTESIAN_POINT('',(0.0183782184154066,0.0183864237006601,-0.00172297167472161));
#4412=CARTESIAN_POINT('',(0.0167963706449965,0.0176182138386415,-0.00147310475413729));
#4413=CARTESIAN_POINT('',(0.0153674036963377,0.0169303719176009,-0.00130510588890941));
#4414=CARTESIAN_POINT('',(0.0139647833931926,0.0161475637556434,-0.00131577347932471));
#4415=CARTESIAN_POINT('',(0.0131299681156929,0.0155154906530816,-0.00158781408683186));
#4416=CARTESIAN_POINT('',(0.0127298291162687,0.0151153786786699,-0.00191422832596852));
#4417=CARTESIAN_POINT('',(0.00350313357489901,0.0751672855288306,0.07375));
#4418=CARTESIAN_POINT('',(0.00350169617388207,0.0751703620074885,0.0640055037306286));
#4419=CARTESIAN_POINT('',(0.00577451745819132,0.073217224374827,0.0501654956842852));
#4420=CARTESIAN_POINT('',(0.0119946375063195,0.0673040869688594,0.0346024481011487));
#4421=CARTESIAN_POINT('',(0.0164436153775339,0.0628559258953178,0.026307800799928));
#4422=CARTESIAN_POINT('',(0.0206790198568286,0.0584155781423798,0.0198550221658975));
#4423=CARTESIAN_POINT('',(0.0248879642849989,0.0538422691036409,0.0144631667106939));
#4424=CARTESIAN_POINT('',(0.0284982095421926,0.0489888393383275,0.00989304349125592));
#4425=CARTESIAN_POINT('',(0.030788487752679,0.0442863059526293,0.00637370913170836));
#4426=CARTESIAN_POINT('',(0.0317169577981537,0.0402553385920837,0.00393395862551578));
#4427=CARTESIAN_POINT('',(0.0317436821658794,0.0367102680842944,0.00215533737706136));
#4428=CARTESIAN_POINT('',(0.0311040805284118,0.0333651320760696,0.000757247773973618));
#4429=CARTESIAN_POINT('',(0.0296834095555257,0.0298125317754407,-0.000437128921430571));
#4430=CARTESIAN_POINT('',(0.0276167558268607,0.0262142054244414,-0.00136910280381314));
#4431=CARTESIAN_POINT('',(0.0252191740608379,0.0229980754202497,-0.00193580213885164));
#4432=CARTESIAN_POINT('',(0.0228648100735193,0.020490711871376,-0.00212781424445955));
#4433=CARTESIAN_POINT('',(0.0209079898793851,0.0187992142644276,-0.00205488026666051));
#4434=CARTESIAN_POINT('',(0.0192780107816429,0.0176525676976637,-0.00182721414748879));
#4435=CARTESIAN_POINT('',(0.0178014742715126,0.0167289052322688,-0.00154970310360978));
#4436=CARTESIAN_POINT('',(0.0164656949354636,0.015907497400937,-0.00134794507507967));
#4437=CARTESIAN_POINT('',(0.0151383742397755,0.0150145117979397,-0.00132380745282525));
#4438=CARTESIAN_POINT('',(0.0143199446619827,0.0143391769680083,-0.00158246631783792));
#4439=CARTESIAN_POINT('',(0.0139129757050801,0.0139322322815806,-0.00191422856077922));
#4440=CARTESIAN_POINT('',(0.00435906732908904,0.074628202989705,0.07375));
#4441=CARTESIAN_POINT('',(0.00435850515189495,0.0746313622867493,0.0640660134205936));
#4442=CARTESIAN_POINT('',(0.0065071907187906,0.0728660927462349,0.0502990288275828));
#4443=CARTESIAN_POINT('',(0.0126357541887611,0.0671676221970669,0.0348296361110738));
#4444=CARTESIAN_POINT('',(0.0170903931515225,0.0628166030158455,0.0265973523294782));
#4445=CARTESIAN_POINT('',(0.0213780476210274,0.0584251885661298,0.0201929371136098));
#4446=CARTESIAN_POINT('',(0.0256741698026435,0.0538582544061018,0.0148413815376124));
#4447=CARTESIAN_POINT('',(0.029365539843746,0.0489785696268748,0.0102883355682387));
#4448=CARTESIAN_POINT('',(0.0317001485469769,0.0442311735231906,0.00675426407641093));
#4449=CARTESIAN_POINT('',(0.032632177308803,0.0401553644963392,0.00427863764884422));
#4450=CARTESIAN_POINT('',(0.0326343976233194,0.0365708050942717,0.00245216945389774));
#4451=CARTESIAN_POINT('',(0.0319487215711558,0.0331904946763374,0.000996172912092908));
#4452=CARTESIAN_POINT('',(0.0304495996974247,0.0296063085810134,-0.000273570760866946));
#4453=CARTESIAN_POINT('',(0.0283045726937484,0.0259600120438956,-0.0012831653280236));
#4454=CARTESIAN_POINT('',(0.025877822554104,0.0226586762817488,-0.00191102150578782));
#4455=CARTESIAN_POINT('',(0.0235647958378956,0.020022064583038,-0.0021425372899135));
#4456=CARTESIAN_POINT('',(0.0216922566323288,0.0181850830892062,-0.0020880732667035));
#4457=CARTESIAN_POINT('',(0.0201702587233254,0.0168857009785632,-0.00186291073239595));
#4458=CARTESIAN_POINT('',(0.0188037440494409,0.0158123006130808,-0.00157693733734095));
#4459=CARTESIAN_POINT('',(0.0175646414586919,0.0148627855134849,-0.00136244441841595));
#4460=CARTESIAN_POINT('',(0.0163156652757626,0.0138645721767433,-0.00132475670075342));
#4461=CARTESIAN_POINT('',(0.0155178854984357,0.0131506793034399,-0.00157874970278352));
#4462=CARTESIAN_POINT('',(0.0151062022371257,0.0127390051643025,-0.00191422784401859));
#4463=CARTESIAN_POINT('',(0.00499887013955188,0.0741028581317109,0.07375));
#4464=CARTESIAN_POINT('',(0.00499892158483489,0.0741056564118673,0.0641284929019243));
#4465=CARTESIAN_POINT('',(0.00706221753643663,0.0725027876716363,0.0504406715939865));
#4466=CARTESIAN_POINT('',(0.013120607020246,0.0669992733161796,0.0350528604664914));
#4467=CARTESIAN_POINT('',(0.0175794150998922,0.0627363991355411,0.0268734677214938));
#4468=CARTESIAN_POINT('',(0.0219070746650033,0.0583955138020246,0.0205110514188506));
#4469=CARTESIAN_POINT('',(0.0262664106452919,0.0538481798228096,0.015193572037553));
#4470=CARTESIAN_POINT('',(0.0300137823264298,0.0489618155585853,0.0106534449177461));
#4471=CARTESIAN_POINT('',(0.032376889882651,0.044188196344919,0.00710591679804852));
#4472=CARTESIAN_POINT('',(0.0333098867839544,0.0400816180280932,0.00460160164449159));
#4473=CARTESIAN_POINT('',(0.0332968525336905,0.036467002509113,0.00273883738303364));
#4474=CARTESIAN_POINT('',(0.032585223675852,0.0330563303698847,0.00124014750638809));
#4475=CARTESIAN_POINT('',(0.0310435739122241,0.029436471901211,-8.4346360468651E-5));
#4476=CARTESIAN_POINT('',(0.0288567832552522,0.0257356464273914,-0.00115215009675778));
#4477=CARTESIAN_POINT('',(0.026415868414568,0.0223556512568404,-0.00182880906526581));
#4478=CARTESIAN_POINT('',(0.0241319688957614,0.019616625698681,-0.0020945396816679));
#4479=CARTESIAN_POINT('',(0.0223180599142178,0.0176717167750866,-0.00206057677007687));
#4480=CARTESIAN_POINT('',(0.020871902545958,0.0162630690095343,-0.00184649310633069));
#4481=CARTESIAN_POINT('',(0.0195836536311639,0.0150852829953753,-0.00156646265884602));
#4482=CARTESIAN_POINT('',(0.01841286906473,0.0140464450059414,-0.00135530072508171));
#4483=CARTESIAN_POINT('',(0.017219167951031,0.0129746258579069,-0.0013205403007695));
#4484=CARTESIAN_POINT('',(0.0164378779074991,0.0122353242631643,-0.00157687424619672));
#4485=CARTESIAN_POINT('',(0.0160238795647347,0.0118213290091719,-0.00191422928000556));
#4486=CARTESIAN_POINT('',(0.00546027463009415,0.0736556311386644,0.07375));
#4487=CARTESIAN_POINT('',(0.00546061368282113,0.073658079711792,0.0641830592115956));
#4488=CARTESIAN_POINT('',(0.00747089604190662,0.0721797876589215,0.0505671493947961));
#4489=CARTESIAN_POINT('',(0.0134806195339707,0.0668373134048828,0.0352467671928868));
#4490=CARTESIAN_POINT('',(0.0179395598229242,0.0626489349013907,0.027107779553266));
#4491=CARTESIAN_POINT('',(0.0222923562734853,0.0583538953764416,0.0207775556463015));
#4492=CARTESIAN_POINT('',(0.0266918842070818,0.0538309465629342,0.0154859362891445));
#4493=CARTESIAN_POINT('',(0.030474325151024,0.0489489091688919,0.0109549209634706));
#4494=CARTESIAN_POINT('',(0.0328547565447472,0.0441613281307433,0.00739613587202325));
#4495=CARTESIAN_POINT('',(0.0337885671409369,0.0400334828160592,0.00486975226408965));
#4496=CARTESIAN_POINT('',(0.0337684423041338,0.0363949702370199,0.00298032220767706));
#4497=CARTESIAN_POINT('',(0.0330459390242381,0.0329569299565487,0.00145136210999151));
#4498=CARTESIAN_POINT('',(0.0314870182817272,0.0292998052858937,8.92874223934212E-5));
#4499=CARTESIAN_POINT('',(0.0292833971498993,0.0255457197586627,-0.00101933094368791));
#4500=CARTESIAN_POINT('',(0.0268383940376707,0.0221002539981611,-0.00173286727139337));
#4501=CARTESIAN_POINT('',(0.0245728750588937,0.0192869627867438,-0.00202696128333061));
#4502=CARTESIAN_POINT('',(0.0227945110263672,0.0172692692981899,-0.00201216589010689));
#4503=CARTESIAN_POINT('',(0.0213949087483395,0.0157898606129333,-0.00181131187439292));
#4504=CARTESIAN_POINT('',(0.0201555300616103,0.0145460332176763,-0.0015421898449368));
#4505=CARTESIAN_POINT('',(0.0190273587406931,0.0134505887452563,-0.0013403564789795));
#4506=CARTESIAN_POINT('',(0.0178681459635185,0.0123318310632471,-0.00131478582285919));
#4507=CARTESIAN_POINT('',(0.0170981693304488,0.0115771102277505,-0.00157598522216126));
#4508=CARTESIAN_POINT('',(0.0166831278781677,0.011162077119277,-0.00191422489975216));
#4509=CARTESIAN_POINT('',(0.00582142198807526,0.0732391282849005,0.07375));
#4510=CARTESIAN_POINT('',(0.00582187649271406,0.0732412609424785,0.0642350050599804));
#4511=CARTESIAN_POINT('',(0.00779807422927735,0.0718675998512522,0.0506893601791942));
#4512=CARTESIAN_POINT('',(0.0137720781545472,0.0666704624309871,0.035430388208659));
#4513=CARTESIAN_POINT('',(0.0182283966598801,0.0625515290675035,0.02732503839462));
#4514=CARTESIAN_POINT('',(0.022596882941664,0.0583017233210033,0.0210212314113504));
#4515=CARTESIAN_POINT('',(0.0270220439864228,0.0538080367601435,0.0157507736106549));
#4516=CARTESIAN_POINT('',(0.0308259953774889,0.0489388413671252,0.0112268715765952));
#4517=CARTESIAN_POINT('',(0.0332161726418119,0.0441459895608177,0.00765790826195493));
#4518=CARTESIAN_POINT('',(0.0341505417440331,0.0400032621378763,0.00511286658393533));
#4519=CARTESIAN_POINT('',(0.0341291364291479,0.0363443182429843,0.00320207921301886));
#4520=CARTESIAN_POINT('',(0.0334066886103649,0.0328793152868754,0.00165019719734094));
#4521=CARTESIAN_POINT('',(0.0318482035255929,0.0291807973566841,0.000261291544429363));
#4522=CARTESIAN_POINT('',(0.0296448696302557,0.0253706696315092,-0.000877345635513974));
#4523=CARTESIAN_POINT('',(0.0272040306396896,0.0218646557285983,-0.00162089887618228));
#4524=CARTESIAN_POINT('',(0.0249521385575638,0.0189918009565207,-0.00194107276900561));
#4525=CARTESIAN_POINT('',(0.0231957298832031,0.0169214804956305,-0.00194616244360063));
#4526=CARTESIAN_POINT('',(0.0218243800394341,0.0153943497264695,-0.00176117150410831));
#4527=CARTESIAN_POINT('',(0.0206151715173719,0.0141077694396711,-0.00150707125649601));
#4528=CARTESIAN_POINT('',(0.019513342509565,0.0129755617645663,-0.00131922782943054));
#4529=CARTESIAN_POINT('',(0.0183756700299735,0.0118258460831779,-0.00130769722394947));
#4530=CARTESIAN_POINT('',(0.0176140278031696,0.0110617249671272,-0.00157574471952688));
#4531=CARTESIAN_POINT('',(0.0171987464846561,0.0106464697015293,-0.00191423860310496));
#4532=CARTESIAN_POINT('',(0.0060953994589905,0.0728750719115263,0.07375));
#4533=CARTESIAN_POINT('',(0.00609587317774105,0.0728769721277767,0.0642811778690578));
#4534=CARTESIAN_POINT('',(0.00805192469484055,0.0715863874193123,0.0507992265811114));
#4535=CARTESIAN_POINT('',(0.0140015868471991,0.0665131944063919,0.0355944165938229));
#4536=CARTESIAN_POINT('',(0.0184540409087111,0.0624559054492055,0.0275163487951035));
#4537=CARTESIAN_POINT('',(0.0228309282498006,0.0582479536597039,0.0212333341097044));
#4538=CARTESIAN_POINT('',(0.0272706037663689,0.0537842698900633,0.015979437313194));
#4539=CARTESIAN_POINT('',(0.0310862552890707,0.0489318994940091,0.0114608197567301));
#4540=CARTESIAN_POINT('',(0.0334811926629002,0.0441392757890598,0.0078828288673753));
#4541=CARTESIAN_POINT('',(0.0344164921249729,0.0399862696106381,0.00532215580328391));
#4542=CARTESIAN_POINT('',(0.0343979611984596,0.0363097223829656,0.00339460618546462));
#4543=CARTESIAN_POINT('',(0.0336823245010641,0.0328188944786383,0.00182614487229744));
#4544=CARTESIAN_POINT('',(0.0321343114734507,0.029079015255308,0.000419377067145503));
#4545=CARTESIAN_POINT('',(0.0299406191009595,0.0252161841302084,-0.000740479416009757));
#4546=CARTESIAN_POINT('',(0.0275080512595503,0.0216582654127821,-0.00150792148267139));
#4547=CARTESIAN_POINT('',(0.0252657025889721,0.0187401427281089,-0.0018512222239493));
#4548=CARTESIAN_POINT('',(0.0235210179426333,0.0166341331908207,-0.00187548366600216));
#4549=CARTESIAN_POINT('',(0.0221640434380331,0.0150775128806404,-0.00170686638655561));
#4550=CARTESIAN_POINT('',(0.0209707252149402,0.0137658714011546,-0.00146886939428079));
#4551=CARTESIAN_POINT('',(0.0198831396384557,0.0126116824303871,-0.00129637441343593));
#4552=CARTESIAN_POINT('',(0.0187577016594771,0.0114426547639344,-0.00130039740006746));
#4553=CARTESIAN_POINT('',(0.0180021264521043,0.0106731559791388,-0.00157582733398638));
#4554=CARTESIAN_POINT('',(0.0175870544540952,0.0102581389050915,-0.00191421064585548));
#4555=CARTESIAN_POINT('',(0.00625988194637494,0.0726340187186269,0.07375));
#4556=CARTESIAN_POINT('',(0.00626034422185752,0.0726357875213547,0.0643120632997531));
#4557=CARTESIAN_POINT('',(0.00820694544033038,0.0713965340876006,0.050873189487746));
#4558=CARTESIAN_POINT('',(0.0141436084004903,0.0664038784232431,0.0357048239416404));
#4559=CARTESIAN_POINT('',(0.0185929917161229,0.0623879997382238,0.0276441140233632));
#4560=CARTESIAN_POINT('',(0.0229730748260585,0.0582090202946743,0.0213737240722471));
#4561=CARTESIAN_POINT('',(0.0274186984378464,0.0537671984934527,0.0161295005890598));
#4562=CARTESIAN_POINT('',(0.0312387311365453,0.0489283336814509,0.0116135462550975));
#4563=CARTESIAN_POINT('',(0.0336351066825809,0.0441379841650716,0.00802934081959204));
#4564=CARTESIAN_POINT('',(0.0345714693919378,0.0399793457178538,0.00545867497679055));
#4565=CARTESIAN_POINT('',(0.0345569699658294,0.0362910222230991,0.00352111785636436));
#4566=CARTESIAN_POINT('',(0.033849083386192,0.032781712268754,0.001943582365606));
#4567=CARTESIAN_POINT('',(0.0323125198657592,0.0290118065207156,0.000527825992231026));
#4568=CARTESIAN_POINT('',(0.0301293542072242,0.0251122622915518,-0.000643790692682744));
#4569=CARTESIAN_POINT('',(0.0277043028620689,0.0215203161076074,-0.00142617146188078));
#4570=CARTESIAN_POINT('',(0.0254671561391937,0.0185752241595653,-0.00178522957884664));
#4571=CARTESIAN_POINT('',(0.0237266952196514,0.0164503108795541,-0.00182329427703095));
#4572=CARTESIAN_POINT('',(0.0223742495951705,0.0148798869929235,-0.00166685643406037));
#4573=CARTESIAN_POINT('',(0.0211862738023828,0.0135574948452052,-0.00144087471351493));
#4574=CARTESIAN_POINT('',(0.0201036803110876,0.0123937413597616,-0.00127979797235555));
#4575=CARTESIAN_POINT('',(0.0189828127234941,0.0112159694018726,-0.00129532479537195));
#4576=CARTESIAN_POINT('',(0.0182302960093096,0.0104444591631985,-0.00157608686915207));
#4577=CARTESIAN_POINT('',(0.0178155032443708,0.010029748208357,-0.00191428179562188));
#4578=CARTESIAN_POINT('',(0.00637137901049159,0.0724575071199244,0.07375));
#4579=CARTESIAN_POINT('',(0.00637181537730835,0.0724591938161339,0.0643348129037244));
#4580=CARTESIAN_POINT('',(0.00831348513042399,0.0712556383906526,0.0509279361800014));
#4581=CARTESIAN_POINT('',(0.0142420200470709,0.066321279646051,0.0357863669277191));
#4582=CARTESIAN_POINT('',(0.0186889290929767,0.0623359438647022,0.0277380084715495));
#4583=CARTESIAN_POINT('',(0.0230705098867341,0.0581786724053639,0.0214766767922768));
#4584=CARTESIAN_POINT('',(0.0275193466311701,0.0537538234147404,0.0162397412920188));
#4585=CARTESIAN_POINT('',(0.0313417489673087,0.0489260687430282,0.0117261073684937));
#4586=CARTESIAN_POINT('',(0.0337388301420081,0.04413828361547,0.00813740807726914));
#4587=CARTESIAN_POINT('',(0.0346760890915745,0.0399758402354962,0.00555924507572412));
#4588=CARTESIAN_POINT('',(0.0346649985155044,0.0362787424322422,0.0036143198790538));
#4589=CARTESIAN_POINT('',(0.03396345215071,0.0327554461044958,0.00203040996105199));
#4590=CARTESIAN_POINT('',(0.0324362785206144,0.0289630875746802,0.000608686197294748));
#4591=CARTESIAN_POINT('',(0.03026191290058,0.0250367478160033,-0.000570926263600333));
#4592=CARTESIAN_POINT('',(0.0278430853919255,0.0214205520684905,-0.00136377065499102));
#4593=CARTESIAN_POINT('',(0.0256096892064732,0.0184569991799638,-0.00173417033630907));
#4594=CARTESIAN_POINT('',(0.0238715439371722,0.0163198799563002,-0.00178245107323029));
#4595=CARTESIAN_POINT('',(0.0225211145156529,0.0147411900989343,-0.00163526950212749));
#4596=CARTESIAN_POINT('',(0.0213356641039839,0.013412612757167,-0.0014185473469521));
#4597=CARTESIAN_POINT('',(0.0202558041024356,0.0122428489026675,-0.00126638502338543));
#4598=CARTESIAN_POINT('',(0.0191381102500922,0.0110588171693571,-0.00129108455263296));
#4599=CARTESIAN_POINT('',(0.0183883533845705,0.0102856588877751,-0.00157617874450987));
#4600=CARTESIAN_POINT('',(0.0179738674494923,0.00987127966327801,-0.00191415400579405));
#4601=CARTESIAN_POINT('',(0.00643385882987915,0.0723546346141419,0.07375));
#4602=CARTESIAN_POINT('',(0.00643428639603109,0.0723562764160689,0.0643481437797938));
#4603=CARTESIAN_POINT('',(0.00837369224193956,0.0711727650369821,0.050960055660874));
#4604=CARTESIAN_POINT('',(0.0142983660663932,0.0662718519950137,0.0358346055480475));
#4605=CARTESIAN_POINT('',(0.0187438089446553,0.062304602592185,0.0277934488195675));
#4606=CARTESIAN_POINT('',(0.0231254375021247,0.0581605319766237,0.0215367518250364));
#4607=CARTESIAN_POINT('',(0.0275746279181215,0.0537460913413583,0.0163027769945521));
#4608=CARTESIAN_POINT('',(0.0313967924526407,0.0489252498721337,0.0117893603912316));
#4609=CARTESIAN_POINT('',(0.0337934491629084,0.0441395678876529,0.00819772251091095));
#4610=CARTESIAN_POINT('',(0.0347316087055703,0.0399753581563231,0.00561562520957127));
#4611=CARTESIAN_POINT('',(0.0347237284519546,0.0362730224199044,0.00366733065946105));
#4612=CARTESIAN_POINT('',(0.0340275405876411,0.0327408218870027,0.00208095905786563));
#4613=CARTESIAN_POINT('',(0.0325079369141125,0.0289338703239738,0.000657286413721533));
#4614=CARTESIAN_POINT('',(0.030340482016641,0.0249905538635978,-0.000525994680131552));
#4615=CARTESIAN_POINT('',(0.0279259921619221,0.0213598131043034,-0.00132487390689763));
#4616=CARTESIAN_POINT('',(0.0256940404037888,0.0183863821704872,-0.00170252143796116));
#4617=CARTESIAN_POINT('',(0.0239554438067395,0.016243964983734,-0.00175757927081099));
#4618=CARTESIAN_POINT('',(0.0226037752871638,0.0146628485274786,-0.00161653001061081));
#4619=CARTESIAN_POINT('',(0.0214172389001883,0.0133333272855748,-0.00140573302247451));
#4620=CARTESIAN_POINT('',(0.0203364847454507,0.0121628104678949,-0.00125903377657754));
#4621=CARTESIAN_POINT('',(0.0192180879048931,0.0109780286141042,-0.00128906208693208));
#4622=CARTESIAN_POINT('',(0.0184686137532477,0.0102052399142289,-0.0015764964286901));
#4623=CARTESIAN_POINT('',(0.0180542823103485,0.00979103205221217,-0.00191435884411704));
#4624=CARTESIAN_POINT('',(0.00649513265350835,0.0722508985228793,0.07375));
#4625=CARTESIAN_POINT('',(0.00649558226653421,0.0722524861737993,0.0643615293200611));
#4626=CARTESIAN_POINT('',(0.00843316941497948,0.071088580531392,0.050992066183978));
#4627=CARTESIAN_POINT('',(0.0143554546379444,0.0662203595445199,0.0358840616196464));
#4628=CARTESIAN_POINT('',(0.0187994945402327,0.0622718314575438,0.0278506451855471));
#4629=CARTESIAN_POINT('',(0.0231794134501301,0.0581421139437109,0.0215973840386913));
#4630=CARTESIAN_POINT('',(0.0276254326643225,0.0537388395434805,0.0163631996086791));
#4631=CARTESIAN_POINT('',(0.0314433852156026,0.0489253299616324,0.0118469179479039));
#4632=CARTESIAN_POINT('',(0.0338376059367831,0.0441428551017517,0.00825140604771043));
#4633=CARTESIAN_POINT('',(0.0347777100384516,0.0399778677048646,0.00566649885834399));
#4634=CARTESIAN_POINT('',(0.0347760773046406,0.036270048645591,0.003717138732623));
#4635=CARTESIAN_POINT('',(0.0340892997606591,0.0327273199516282,0.00213122927499693));
#4636=CARTESIAN_POINT('',(0.0325824316640633,0.0289023180976677,0.000708863744574183));
#4637=CARTESIAN_POINT('',(0.030426356377193,0.0249386060640317,-0.000476350826692133));
#4638=CARTESIAN_POINT('',(0.0280179404294599,0.0212919172837603,-0.00128165784282216));
#4639=CARTESIAN_POINT('',(0.025785539721765,0.0183100943483494,-0.00166813909815134));
#4640=CARTESIAN_POINT('',(0.0240420172996718,0.0161660486872413,-0.00173154261342812));
#4641=CARTESIAN_POINT('',(0.0226831147993174,0.0145875812886561,-0.00159769519172127));
#4642=CARTESIAN_POINT('',(0.0214888884941865,0.0132630650819226,-0.00139322633080279));
#4643=CARTESIAN_POINT('',(0.020400335617344,0.0120986874272392,-0.00125174610606857));
#4644=CARTESIAN_POINT('',(0.0192735173493013,0.0109213051144168,-0.00128610448660212));
#4645=CARTESIAN_POINT('',(0.0185198916582932,0.0101528506575926,-0.0015749934983446));
#4646=CARTESIAN_POINT('',(0.0181055105762445,0.00973860913142178,-0.00191289569666208));
#4647=CARTESIAN_POINT('',(0.00657037516537668,0.0721179993788701,0.07375));
#4648=CARTESIAN_POINT('',(0.0065708393936929,0.0721195146502861,0.0643784783214581));
#4649=CARTESIAN_POINT('',(0.00850664154927709,0.0709806995947031,0.0510325161670078));
#4650=CARTESIAN_POINT('',(0.0144257260343359,0.0661544734416274,0.0359462872136246));
#4651=CARTESIAN_POINT('',(0.0188679033504649,0.0622295828048269,0.027922883115044));
#4652=CARTESIAN_POINT('',(0.0232460459916818,0.0581178208703554,0.0216751125256691));
#4653=CARTESIAN_POINT('',(0.027688941797259,0.0537287510392501,0.0164427495451215));
#4654=CARTESIAN_POINT('',(0.0315027713779098,0.0489248306404017,0.0119245989238114));
#4655=CARTESIAN_POINT('',(0.0338947386601577,0.0441463247124202,0.00832451330856809));
#4656=CARTESIAN_POINT('',(0.0348371486161946,0.0399799522655349,0.00573522687296145));
#4657=CARTESIAN_POINT('',(0.0348423775381334,0.036265117518609,0.00378318914320807));
#4658=CARTESIAN_POINT('',(0.0341659525788216,0.0327096640091095,0.00219628811557527));
#4659=CARTESIAN_POINT('',(0.0326734827734329,0.0288635533553207,0.000773663064845253));
#4660=CARTESIAN_POINT('',(0.030530788052047,0.0248759486914602,-0.000415405519139553));
#4661=CARTESIAN_POINT('',(0.0281300099521932,0.0212100482889463,-0.00122897316771221));
#4662=CARTESIAN_POINT('',(0.0258979930465507,0.0182172396558052,-0.00162557192583929));
#4663=CARTESIAN_POINT('',(0.0241497654508701,0.0160698039545697,-0.00169810543292224));
#4664=CARTESIAN_POINT('',(0.0227833786275316,0.0144928406451542,-0.00157204322033782));
#4665=CARTESIAN_POINT('',(0.0215808595036869,0.0131724601213177,-0.00137451418152358));
#4666=CARTESIAN_POINT('',(0.0204838723000474,0.0120133843377948,-0.00123901293842624));
#4667=CARTESIAN_POINT('',(0.0193482354761972,0.0108424880090566,-0.00127881371397732));
#4668=CARTESIAN_POINT('',(0.0185906549311112,0.0100780955273668,-0.00156990130987624));
#4669=CARTESIAN_POINT('',(0.0181762062069141,0.00966380422893856,-0.00190786288708317));
#4670=CARTESIAN_POINT('',(0.0067454037913177,0.0717902382811012,0.07375));
#4671=CARTESIAN_POINT('',(0.00674590383734928,0.0717915587180709,0.0644197218271561));
#4672=CARTESIAN_POINT('',(0.00867921814462486,0.0707138069606674,0.0511305027661865));
#4673=CARTESIAN_POINT('',(0.0145917777748886,0.0659902547577145,0.0360978858188438));
#4674=CARTESIAN_POINT('',(0.0190292324888531,0.0621233762307831,0.0280998777763455));
#4675=CARTESIAN_POINT('',(0.0234019273000368,0.0580560290273187,0.0218668253916159));
#4676=CARTESIAN_POINT('',(0.0278352905511482,0.0537025223907396,0.0166403611083638));
#4677=CARTESIAN_POINT('',(0.0316374499282752,0.0489231949408397,0.0121184938815692));
#4678=CARTESIAN_POINT('',(0.034023722545191,0.0441554640969193,0.00850711705385629));
#4679=CARTESIAN_POINT('',(0.034972640065249,0.0399859329017474,0.00590651197469343));
#4680=CARTESIAN_POINT('',(0.0349954844329174,0.0362536285006014,0.00394734056400053));
#4681=CARTESIAN_POINT('',(0.0343450176003644,0.0326669072863327,0.002357500441722));
#4682=CARTESIAN_POINT('',(0.0328892114323643,0.0287697973587843,0.000933417823994644));
#4683=CARTESIAN_POINT('',(0.030781672563256,0.0247248985186747,-0.000266214282269307));
#4684=CARTESIAN_POINT('',(0.0284014099858642,0.0210130932268636,-0.00110046844012677));
#4685=CARTESIAN_POINT('',(0.0261705957432026,0.0179944289472366,-0.00152091232370296));
#4686=CARTESIAN_POINT('',(0.0244096620184938,0.0158397378229496,-0.00161402938524806));
#4687=CARTESIAN_POINT('',(0.0230225075422634,0.0142677172337151,-0.00150495622760567));
#4688=CARTESIAN_POINT('',(0.0217960892086722,0.0129587479925134,-0.00132225196273558));
#4689=CARTESIAN_POINT('',(0.020674546449377,0.0118142403242036,-0.00119959911238571));
#4690=CARTESIAN_POINT('',(0.019513495151285,0.0106611048110223,-0.00125152453522297));
#4691=CARTESIAN_POINT('',(0.0187445432908758,0.00990740817696743,-0.00154788263253615));
#4692=CARTESIAN_POINT('',(0.0183296399433289,0.00949269965029108,-0.0018862206136856));
#4693=CARTESIAN_POINT('',(0.00698561622527317,0.0712659232409921,0.07375));
#4694=CARTESIAN_POINT('',(0.00698612750797218,0.0712668914192023,0.0644835947319104));
#4695=CARTESIAN_POINT('',(0.00892245134204367,0.07028396211264,0.051281009133952));
#4696=CARTESIAN_POINT('',(0.0148281753502265,0.0657223500183076,0.0363325186746645));
#4697=CARTESIAN_POINT('',(0.0192573706123524,0.0619467143055302,0.0283771091088131));
#4698=CARTESIAN_POINT('',(0.0236191299486622,0.0579497668518928,0.0221733212153264));
#4699=CARTESIAN_POINT('',(0.0280341246566392,0.0536544385155191,0.0169651756202482));
#4700=CARTESIAN_POINT('',(0.0318163049754887,0.0489176969952485,0.0124443924522983));
#4701=CARTESIAN_POINT('',(0.0341952918854045,0.0441698883435057,0.00881623105061213));
#4702=CARTESIAN_POINT('',(0.0351567104743051,0.0399953315626468,0.00619442526309113));
#4703=CARTESIAN_POINT('',(0.0352069650999354,0.0362348563314139,0.00421920735732921));
#4704=CARTESIAN_POINT('',(0.0345950220782169,0.0326004518227406,0.00261948294114485));
#4705=CARTESIAN_POINT('',(0.0331964139551511,0.0286295264148045,0.00118668149978105));
#4706=CARTESIAN_POINT('',(0.0311482616046363,0.0245028120696968,-3.52503395877904E-5));
#4707=CARTESIAN_POINT('',(0.0288052543195429,0.0207247276212066,-0.000903194458522269));
#4708=CARTESIAN_POINT('',(0.0265795969355514,0.0176678172024395,-0.00135621139510157));
#4709=CARTESIAN_POINT('',(0.0247994754313177,0.0155016633462111,-0.00147373541298283));
#4710=CARTESIAN_POINT('',(0.0233777943052465,0.0139364347282349,-0.00138277029596476));
#4711=CARTESIAN_POINT('',(0.022108676179036,0.0126432758623738,-0.00121518709020828));
#4712=CARTESIAN_POINT('',(0.0209427806581365,0.0115192544124172,-0.00110674107521979));
#4713=CARTESIAN_POINT('',(0.0197373729509105,0.0103908882643291,-0.00117484578399115));
#4714=CARTESIAN_POINT('',(0.0189497405474341,0.00965155505452906,-0.00148031617377084));
#4715=CARTESIAN_POINT('',(0.0185331306003149,0.00923517936989761,-0.00182004810951399));
#4716=CARTESIAN_POINT('',(0.00723960044014093,0.0705141767088357,0.07375));
#4717=CARTESIAN_POINT('',(0.00724001428119541,0.0705145881394328,0.0645715366710639));
#4718=CARTESIAN_POINT('',(0.00919460680708349,0.0696610337258391,0.0514866144865151));
#4719=CARTESIAN_POINT('',(0.015097230263479,0.0653280096515492,0.0366544723439599));
#4720=CARTESIAN_POINT('',(0.0195115745907737,0.0616815389097046,0.0287611796856418));
#4721=CARTESIAN_POINT('',(0.0238505651445946,0.0577853112146652,0.0226064900582175));
#4722=CARTESIAN_POINT('',(0.0282292194850019,0.053577215718213,0.0174369970608279));
#4723=CARTESIAN_POINT('',(0.031976792507369,0.0489103044322584,0.0129281171358069));
#4724=CARTESIAN_POINT('',(0.0343496979826763,0.0441989953128745,0.00927925050396529));
#4725=CARTESIAN_POINT('',(0.0353367113082251,0.040018254291091,0.00662452952140894));
#4726=CARTESIAN_POINT('',(0.035428116918897,0.0362168002677538,0.00462010475240007));
#4727=CARTESIAN_POINT('',(0.0348677141159483,0.0325171978747912,0.00299847819674105));
#4728=CARTESIAN_POINT('',(0.0335489409684979,0.0284514756452894,0.0015477501696539));
#4729=CARTESIAN_POINT('',(0.0315941636562044,0.0242212366563883,0.000293777773076381));
#4730=CARTESIAN_POINT('',(0.0293167850374279,0.0203586559213523,-0.00061856522839987));
#4731=CARTESIAN_POINT('',(0.0271070902458442,0.0172531868935011,-0.00110994733186926));
#4732=CARTESIAN_POINT('',(0.025302456100163,0.0150735331751832,-0.00125192325656926));
#4733=CARTESIAN_POINT('',(0.0238298358259305,0.0135192617319248,-0.00117598643826532));
#4734=CARTESIAN_POINT('',(0.022493554128287,0.0122473255272396,-0.00101962891398478));
#4735=CARTESIAN_POINT('',(0.0212576786180481,0.0111492154848732,-0.000923726980600279));
#4736=CARTESIAN_POINT('',(0.0199843483732415,0.0100495436191643,-0.00101073534659252));
#4737=CARTESIAN_POINT('',(0.0191683986409871,0.00932382576659892,-0.00133010764069459));
#4738=CARTESIAN_POINT('',(0.0187466636258735,0.008902385735468,-0.00167398429044023));
#4739=CARTESIAN_POINT('',(0.00747518689795741,0.0694457273637343,0.07375));
#4740=CARTESIAN_POINT('',(0.00747527168057487,0.0694455874438971,0.0646914487670961));
#4741=CARTESIAN_POINT('',(0.00947615672384027,0.0687578545251929,0.0517675320235889));
#4742=CARTESIAN_POINT('',(0.0153886988259771,0.0647417669846999,0.0371028077010477));
#4743=CARTESIAN_POINT('',(0.019778574653176,0.0612814284334725,0.0292993189150792));
#4744=CARTESIAN_POINT('',(0.024073420726858,0.0575333367433735,0.0232187916244234));
#4745=CARTESIAN_POINT('',(0.0283846262265891,0.0534578642389585,0.0181126558783573));
#4746=CARTESIAN_POINT('',(0.0320752348287515,0.0489031107302347,0.013629716405419));
#4747=CARTESIAN_POINT('',(0.0344474052372493,0.0442522744535289,0.00995889690959534));
#4748=CARTESIAN_POINT('',(0.0354817948760191,0.0400615886439033,0.00726090275563434));
#4749=CARTESIAN_POINT('',(0.0356349452293767,0.0362009121493595,0.00521109789111315));
#4750=CARTESIAN_POINT('',(0.0351435646409929,0.0324130172004359,0.00354837891002644));
#4751=CARTESIAN_POINT('',(0.0339309570928816,0.0282263341104128,0.00206560491380317));
#4752=CARTESIAN_POINT('',(0.0321137359278445,0.0238663286713072,0.0007708809262045));
#4753=CARTESIAN_POINT('',(0.0299421881442401,0.0198984702073258,-0.000197651680928185));
#4754=CARTESIAN_POINT('',(0.0277647981195518,0.0167354197751844,-0.000736977356852565));
#4755=CARTESIAN_POINT('',(0.0259295346159849,0.0145441454545896,-0.000907924639317121));
#4756=CARTESIAN_POINT('',(0.0243851041810681,0.0130096141158452,-0.000848457582586834));
#4757=CARTESIAN_POINT('',(0.0229505652490992,0.0117679632154502,-0.000703593202021357));
#4758=CARTESIAN_POINT('',(0.021612645933381,0.0107034200389119,-0.00062246924271611));
#4759=CARTESIAN_POINT('',(0.0202424701274968,0.00963680266990023,-0.000735132612165912));
#4760=CARTESIAN_POINT('',(0.0193865347100625,0.00892295429547284,-0.00107536343868074));
#4761=CARTESIAN_POINT('',(0.0189552589752334,0.00849208790281489,-0.00142695020847997));
#4762=CARTESIAN_POINT('',(0.0075351022632937,0.0683198093922447,0.07375));
#4763=CARTESIAN_POINT('',(0.00753456831028208,0.0683196048007153,0.0648137579400666));
#4764=CARTESIAN_POINT('',(0.00961542484597915,0.0677746388530414,0.0520555557016455));
#4765=CARTESIAN_POINT('',(0.0155603478961652,0.0640796997128456,0.0375731159774775));
#4766=CARTESIAN_POINT('',(0.0199177908735649,0.0608250525517253,0.0298637686127456));
#4767=CARTESIAN_POINT('',(0.024143197846941,0.057248113504125,0.0238590291363362));
#4768=CARTESIAN_POINT('',(0.0283517744432093,0.0533318802744068,0.0188199676373221));
#4769=CARTESIAN_POINT('',(0.0319674925086825,0.0489211572443961,0.0143689749232774));
#4770=CARTESIAN_POINT('',(0.0343548113900255,0.044345017672519,0.0106896337755506));
#4771=CARTESIAN_POINT('',(0.035455682949293,0.040136085014363,0.00796067936153164));
#4772=CARTESIAN_POINT('',(0.0356821469304325,0.0362096754100133,0.00586305471856368));
#4773=CARTESIAN_POINT('',(0.0352659733326678,0.0323331614396005,0.00414160607633602));
#4774=CARTESIAN_POINT('',(0.0341535740941519,0.0280360593144873,0.0026097316999558));
#4775=CARTESIAN_POINT('',(0.0324791290801221,0.0235611464043319,0.00129014601135511));
#4776=CARTESIAN_POINT('',(0.0304399160650909,0.0194993873996592,0.000287316641776862));
#4777=CARTESIAN_POINT('',(0.0283178238502226,0.0162890067915321,-0.000289164431942349));
#4778=CARTESIAN_POINT('',(0.0264636261708689,0.01409416296883,-0.000486505660059972));
#4779=CARTESIAN_POINT('',(0.024851368591824,0.012582823373889,-0.000445432925725621));
#4780=CARTESIAN_POINT('',(0.023316349482893,0.0113689051403019,-0.000314426519630975));
#4781=CARTESIAN_POINT('',(0.0218738925914592,0.0103299385529131,-0.00024963918650197));
#4782=CARTESIAN_POINT('',(0.0204067302064656,0.00928162255161908,-0.000388378096344236));
#4783=CARTESIAN_POINT('',(0.019510261416422,0.00856768746328382,-0.000750313578300371));
#4784=CARTESIAN_POINT('',(0.0190662030736025,0.00812421650655152,-0.00111227981806344));
#4785=CARTESIAN_POINT('',(0.00740242001763521,0.0671999797581978,0.07375));
#4786=CARTESIAN_POINT('',(0.00740135312324232,0.0672006524056529,0.0649406003578401));
#4787=CARTESIAN_POINT('',(0.00958899670519387,0.0667691995771439,0.0523547252699899));
#4788=CARTESIAN_POINT('',(0.0155871989439124,0.0633715261823339,0.0380593384506841));
#4789=CARTESIAN_POINT('',(0.0199094004729481,0.060332646261005,0.0304386332311598));
#4790=CARTESIAN_POINT('',(0.024046576111651,0.0569560681641633,0.0244903475430008));
#4791=CARTESIAN_POINT('',(0.0281282094981543,0.0532413060268254,0.0194848318264294));
#4792=CARTESIAN_POINT('',(0.0316738073115193,0.0490007195787339,0.015050276680039));
#4793=CARTESIAN_POINT('',(0.0340830356970688,0.0444793295645625,0.0113840993760883));
#4794=CARTESIAN_POINT('',(0.0352400733832925,0.0402339948836839,0.00864898371134029));
#4795=CARTESIAN_POINT('',(0.0355388610227143,0.0362404839642077,0.00652140973683614));
#4796=CARTESIAN_POINT('',(0.03521012484061,0.0322813514273327,0.00475162493172274));
#4797=CARTESIAN_POINT('',(0.0342110653899549,0.0278889365583952,0.00316543225958546));
#4798=CARTESIAN_POINT('',(0.0326705775225094,0.0233264760217431,0.00182385415456157));
#4799=CARTESIAN_POINT('',(0.0307599118460603,0.0191988695844543,0.000808664133007598));
#4800=CARTESIAN_POINT('',(0.0287038683146028,0.0159597748420631,0.00020898902763697));
#4801=CARTESIAN_POINT('',(0.0268469240290194,0.0137664135851481,-1.44444095511339E-5));
#4802=CARTESIAN_POINT('',(0.0251840209431393,0.0122682897756682,3.48574883618864E-6));
#4803=CARTESIAN_POINT('',(0.0235643128128958,0.0110666596760261,0.000115339782529106));
#4804=CARTESIAN_POINT('',(0.0220312295427629,0.0100357764151643,0.000160958498146451));
#4805=CARTESIAN_POINT('',(0.0204797683134652,0.00898664246736899,-2.44883947474227E-6));
#4806=CARTESIAN_POINT('',(0.0195479794950465,0.00826338722312323,-0.000383561870320183));
#4807=CARTESIAN_POINT('',(0.0190915831153375,0.00780767836564599,-0.000755685429340237));
#4808=CARTESIAN_POINT('',(0.00721087747704573,0.0663819181471932,0.07375));
#4809=CARTESIAN_POINT('',(0.00720971400479945,0.066383761402528,0.0650410996749473));
#4810=CARTESIAN_POINT('',(0.00948600617658288,0.0660290464746526,0.0525922865945102));
#4811=CARTESIAN_POINT('',(0.0155315240710567,0.0628377562612947,0.038431960212644));
#4812=CARTESIAN_POINT('',(0.0198290455537212,0.0599591828525299,0.0308682791525075));
#4813=CARTESIAN_POINT('',(0.02389862645161,0.0567418759758532,0.0249463424644343));
#4814=CARTESIAN_POINT('',(0.0278882199477153,0.0531965068262767,0.0199425453201631));
#4815=CARTESIAN_POINT('',(0.0313932587076672,0.0490806083276646,0.0155123403825297));
#4816=CARTESIAN_POINT('',(0.0338073325994282,0.0445803061996931,0.0118619236422188));
#4817=CARTESIAN_POINT('',(0.0349911210242867,0.0403050487913248,0.00912937149605629));
#4818=CARTESIAN_POINT('',(0.0353391049144113,0.0362668721938943,0.00699099246420634));
#4819=CARTESIAN_POINT('',(0.0350796151141525,0.0322542468098484,0.00519986178975014));
#4820=CARTESIAN_POINT('',(0.0341774602641446,0.0278019424318263,0.00358396052211711));
#4821=CARTESIAN_POINT('',(0.032738611303022,0.0231909300347963,0.00222519102851183));
#4822=CARTESIAN_POINT('',(0.0309149654853009,0.0190312412382357,0.00120548127400605));
#4823=CARTESIAN_POINT('',(0.0289071590736076,0.0157793277909353,0.00059560663778231));
#4824=CARTESIAN_POINT('',(0.0270543425254684,0.0135851514839388,0.000355536950123524));
#4825=CARTESIAN_POINT('',(0.0253617291735289,0.0120869970920833,0.000358640122101053));
#4826=CARTESIAN_POINT('',(0.0236882129940565,0.0108850121378821,0.00045687929499046));
#4827=CARTESIAN_POINT('',(0.022095820521077,0.00985144477096645,0.000487832870958401));
#4828=CARTESIAN_POINT('',(0.0204885257659959,0.00879343867504714,0.00030621559501284));
#4829=CARTESIAN_POINT('',(0.0195334185527164,0.00805972072851155,-8.84087909594404E-5));
#4830=CARTESIAN_POINT('',(0.019068525799789,0.00759550999311934,-0.000467593974250514));
#4831=CARTESIAN_POINT('',(0.00693285211439027,0.0656002871370342,0.07375));
#4832=CARTESIAN_POINT('',(0.00693218857044325,0.0656031747756864,0.0651492110066575));
#4833=CARTESIAN_POINT('',(0.00930114692841313,0.0653305133150365,0.0528487106852869));
#4834=CARTESIAN_POINT('',(0.0153954433209641,0.0623308966635764,0.0388101105093445));
#4835=CARTESIAN_POINT('',(0.0196735731500028,0.0596009986953636,0.0312901002009146));
#4836=CARTESIAN_POINT('',(0.0236831393094824,0.0565360599831593,0.0253799116156447));
#4837=CARTESIAN_POINT('',(0.0275978185010808,0.0531520731622118,0.0203664335906021));
#4838=CARTESIAN_POINT('',(0.0310644814342834,0.0491313107033086,0.0159399287240145));
#4839=CARTESIAN_POINT('',(0.0334605193784285,0.0446431794196493,0.012299206590378));
#4840=CARTESIAN_POINT('',(0.0346585710300617,0.0403508995439878,0.00956949260059199));
#4841=CARTESIAN_POINT('',(0.0350521378456826,0.0362847228802708,0.00742978772931053));
#4842=CARTESIAN_POINT('',(0.0348648127252381,0.0322366767151202,0.00563242072098599));
#4843=CARTESIAN_POINT('',(0.0340696252792169,0.027745537719291,0.00400067655584501));
#4844=CARTESIAN_POINT('',(0.0327356159183176,0.0231073941461575,0.00262524766025));
#4845=CARTESIAN_POINT('',(0.0309901273343027,0.0189311920890412,0.00160117498321477));
#4846=CARTESIAN_POINT('',(0.0290258164532546,0.0156701633122569,0.000985417598892362));
#4847=CARTESIAN_POINT('',(0.027179122989129,0.0134677506183084,0.000733454543150582));
#4848=CARTESIAN_POINT('',(0.0254609911033509,0.0119576499372375,0.000727751680692754));
#4849=CARTESIAN_POINT('',(0.023743866745029,0.0107465311573375,0.000814750448165274));
#4850=CARTESIAN_POINT('',(0.0221029513171254,0.00970263937455054,0.000830704613724008));
#4851=CARTESIAN_POINT('',(0.0204494827514899,0.00862920498169577,0.000630329495550312));
#4852=CARTESIAN_POINT('',(0.0194753651999446,0.00788287141548076,0.000222811742202346));
#4853=CARTESIAN_POINT('',(0.0190033557743409,0.00741144781393431,-0.000162348109840496));
#4854=CARTESIAN_POINT('',(0.00658161169942516,0.0648744526181571,0.07375));
#4855=CARTESIAN_POINT('',(0.00658170572875497,0.064877350010098,0.0652594644812768));
#4856=CARTESIAN_POINT('',(0.00904576705144434,0.0647016080202455,0.0531131616808518));
#4857=CARTESIAN_POINT('',(0.0151873905697066,0.0618874805057232,0.0391768601726011));
#4858=CARTESIAN_POINT('',(0.0194535790266467,0.0592849358354836,0.0316867428575228));
#4859=CARTESIAN_POINT('',(0.0234162930171865,0.0563431917835048,0.0257810924228425));
#4860=CARTESIAN_POINT('',(0.0272656594982995,0.0530667822935997,0.0207627112935083));
#4861=CARTESIAN_POINT('',(0.0306687680942878,0.0490959200436254,0.0163385294266101));
#4862=CARTESIAN_POINT('',(0.0330277860220362,0.0446302312941145,0.0126988719357245));
#4863=CARTESIAN_POINT('',(0.034239298559545,0.0403477916235046,0.00997219276633175));
#4864=CARTESIAN_POINT('',(0.034683826157095,0.0362822915134684,0.00783638258398033));
#4865=CARTESIAN_POINT('',(0.0345772051997961,0.0322279134608389,0.00603995352357371));
#4866=CARTESIAN_POINT('',(0.0338977077160982,0.0277292625301764,0.00439862762192124));
#4867=CARTESIAN_POINT('',(0.0326685794047659,0.0230884261784218,0.00301133760527126));
#4868=CARTESIAN_POINT('',(0.0309949438815092,0.0189076447811097,0.00198716866166669));
#4869=CARTESIAN_POINT('',(0.0290686659114201,0.0156345913428592,0.00136876243453044));
#4870=CARTESIAN_POINT('',(0.0272236279483367,0.0134111974980625,0.00111037846832194));
#4871=CARTESIAN_POINT('',(0.0254756654260091,0.0118763946623321,0.00110463178418562));
#4872=CARTESIAN_POINT('',(0.0237212377477967,0.0106477734896923,0.00118845888173858));
#4873=CARTESIAN_POINT('',(0.0220417599159782,0.00958583369837428,0.00119357234088815));
#4874=CARTESIAN_POINT('',(0.0203531911518834,0.00849115675212106,0.000974247887161585));
#4875=CARTESIAN_POINT('',(0.0193674816303607,0.00773241664285496,0.000553552045649055));
#4876=CARTESIAN_POINT('',(0.0188911896317124,0.00725653478077763,0.000164755740957916));
#4877=CARTESIAN_POINT('',(0.00616035910927164,0.0641972816501157,0.07375));
#4878=CARTESIAN_POINT('',(0.00616109283724259,0.0641996474552386,0.0653682539969138));
#4879=CARTESIAN_POINT('',(0.00872046140317021,0.0641268102848605,0.0533771509253373));
#4880=CARTESIAN_POINT('',(0.014912205415675,0.0614960321626624,0.0395310087635733));
#4881=CARTESIAN_POINT('',(0.0191737129870322,0.0590017226027708,0.0320619002911076));
#4882=CARTESIAN_POINT('',(0.0231000587723746,0.0561511098606002,0.0261583587409012));
#4883=CARTESIAN_POINT('',(0.0268850159892122,0.0529373423243359,0.0211332380602208));
#4884=CARTESIAN_POINT('',(0.0302172726454018,0.0490016445303306,0.0166990201567901));
#4885=CARTESIAN_POINT('',(0.0325402333045242,0.0445689477631183,0.0130541847064579));
#4886=CARTESIAN_POINT('',(0.0337631189030179,0.0403125479357353,0.0103332872966695));
#4887=CARTESIAN_POINT('',(0.0342529964238458,0.0362673974564262,0.00820970639999276));
#4888=CARTESIAN_POINT('',(0.0342197850519125,0.0322295632057316,0.00642691297640429));
#4889=CARTESIAN_POINT('',(0.0336519355721441,0.0277508713833662,0.00479228342536209));
#4890=CARTESIAN_POINT('',(0.0325331931359383,0.0231304190660381,0.00339541488057225));
#4891=CARTESIAN_POINT('',(0.0309322601364216,0.0189547263325085,0.00236353746317801));
#4892=CARTESIAN_POINT('',(0.0290386704490306,0.0156642494774475,0.00174536839222963));
#4893=CARTESIAN_POINT('',(0.0271894660086118,0.0134100054333274,0.00148764268349938));
#4894=CARTESIAN_POINT('',(0.0254082713108464,0.0118435274203398,0.00148007401570944));
#4895=CARTESIAN_POINT('',(0.023623348972531,0.0105940174200293,0.00155431391156961));
#4896=CARTESIAN_POINT('',(0.0219169678469362,0.00951118887627079,0.00154400858369485));
#4897=CARTESIAN_POINT('',(0.0202070203353383,0.00839387348205126,0.00130754715557784));
#4898=CARTESIAN_POINT('',(0.0192157350882905,0.00762344071059023,0.000879106838125348));
#4899=CARTESIAN_POINT('',(0.0187376212840866,0.00714558681621086,0.000488720737715163));
#4900=CARTESIAN_POINT('',(0.0188412399268556,0.0121496294917571,-0.00132748493854772));
#4901=CARTESIAN_POINT('',(0.0187223173346757,0.0120446977927748,-0.00133488118567065));
#4902=CARTESIAN_POINT('',(0.0186070809438193,0.0119364014401216,-0.00134706829282803));
#4903=CARTESIAN_POINT('',(0.0184955528316979,0.0118248733280002,-0.001365386319062));
#4904=CARTESIAN_POINT('',(0.0188412399268556,0.0121496294917571,-0.00132748493854772));
#4905=CARTESIAN_POINT('',(0.0184955528316979,0.0118248733280002,-0.001365386319062));
#4906=CARTESIAN_POINT('',(0.0184955528316979,0.0118248733280002,-0.001365386319062));
#4907=CARTESIAN_POINT('',(0.0180607903563301,0.0113901108526325,-0.00143679423835557));
#4908=CARTESIAN_POINT('',(0.0176384502252404,0.0109677707215427,-0.00160354606703607));
#4909=CARTESIAN_POINT('',(0.0172579436674838,0.0105872641637861,-0.00191422837046494));
#4910=CARTESIAN_POINT('',(0.015560887392636,0.00889020788893834,0.00224269356770036));
#4911=CARTESIAN_POINT('',(0.0164771249868004,0.00980644548310265,0.00299079843065296));
#4912=CARTESIAN_POINT('',(0.0174726165600856,0.010801937056388,0.00343523224446167));
#4913=CARTESIAN_POINT('',(0.0184955528316979,0.0118248733280002,0.00377450843177878));
#4914=CARTESIAN_POINT('',(0.0184955528316979,0.0118248733280002,0.00377450843177877));
#4915=CARTESIAN_POINT('',(0.0184955528316979,0.0118248733280002,0.00377450843177877));
#4916=CARTESIAN_POINT('',(0.0186071145314635,0.0119364350277659,0.00381150998231277));
#4917=CARTESIAN_POINT('',(0.0187223249529342,0.0120447045147677,0.00384669055041281));
#4918=CARTESIAN_POINT('',(0.0188412399268556,0.0121496294917571,0.00388002818649715));
#4919=CARTESIAN_POINT('',(0.0188412399268556,0.0121496294917571,0.00388002818649715));
#4920=CARTESIAN_POINT('',(0.0188412399268556,0.0121496294917571,0.00388002818649715));
#4921=CARTESIAN_POINT('',(0.0195751691752127,0.0127972141226604,0.00408578415974878));
#4922=CARTESIAN_POINT('',(0.020315482905339,0.0134504321198307,0.00423960058110387));
#4923=CARTESIAN_POINT('',(0.0210592967079678,0.0141067384162678,0.00436494292986451));
#4924=CARTESIAN_POINT('',(0.0210592967079678,0.0141067384162678,0.0043649429298645));
#4925=CARTESIAN_POINT('',(0.0210592967079678,0.0141067384162678,0.0043649429298645));
#4926=CARTESIAN_POINT('',(0.0212732909319389,0.0142955568491835,0.00440100375390266));
#4927=CARTESIAN_POINT('',(0.0213696404279932,0.0145904468229162,0.00446450072888542));
#4928=CARTESIAN_POINT('',(0.0213141509583053,0.0148650584747424,0.00452910478894705));
#4929=CARTESIAN_POINT('',(0.0213141509583053,0.0148650584747424,0.00452910478894705));
#4930=CARTESIAN_POINT('',(0.0213141509583053,0.0148650584747424,0.00452910478894705));
#4931=CARTESIAN_POINT('',(0.0210476666182075,0.0149546178447779,0.00455850919548344));
#4932=CARTESIAN_POINT('',(0.0207395353797391,0.0148914933900666,0.0045447510325581));
#4933=CARTESIAN_POINT('',(0.0205299993982983,0.0147066087005599,0.00450261921141714));
#4934=CARTESIAN_POINT('',(0.0205299993982983,0.0147066087005599,0.00450261921141714));
#4935=CARTESIAN_POINT('',(0.0183119426171862,0.0127494997760492,0.00395373679822569));
#4936=CARTESIAN_POINT('',(0.019045593740555,0.0133968390025512,0.00417767270974972));
#4937=CARTESIAN_POINT('',(0.0197860049368985,0.0140501429993248,0.00435302274897662));
#4938=CARTESIAN_POINT('',(0.0205299993982983,0.0147066087005599,0.00450261921141714));
#4939=CARTESIAN_POINT('',(0.0183119426171862,0.0127494997760492,0.00395373679822569));
#4940=CARTESIAN_POINT('',(0.0179298674067486,0.0123905587529494,0.00382733952157879));
#4941=CARTESIAN_POINT('',(0.0180531462702254,0.0125138376164262,0.00387148994216204));
#4942=CARTESIAN_POINT('',(0.018180485820366,0.0126335084847374,0.00391361159881652));
#4943=CARTESIAN_POINT('',(0.0183119426171862,0.0127494997760492,0.00395373679822568));
#4944=CARTESIAN_POINT('',(0.0179298674067486,0.0123905587529494,0.00382733952157879));
#4945=CARTESIAN_POINT('',(0.0149952019676868,0.00945589331388759,0.00224269356770036));
#4946=CARTESIAN_POINT('',(0.0159135836923732,0.010374275038574,0.0029925491058933));
#4947=CARTESIAN_POINT('',(0.016907854392593,0.0113685457387938,0.0034613213482767));
#4948=CARTESIAN_POINT('',(0.0179298674067486,0.0123905587529494,0.00382733952157879));
#4949=CARTESIAN_POINT('',(0.00976261178690634,0.0146884834946681,0.00224269356770035));
#4950=CARTESIAN_POINT('',(0.0104759063326594,0.0154017780404211,0.00282509612550208));
#4951=CARTESIAN_POINT('',(0.0112280815136576,0.0161539532214194,0.00328264895382177));
#4952=CARTESIAN_POINT('',(0.0120105838766952,0.016936455584457,0.00364281807300998));
#4953=CARTESIAN_POINT('',(0.0120105838766952,0.0169364555844569,0.00364281807300998));
#4954=CARTESIAN_POINT('',(0.0120105838766952,0.016936455584457,0.00364281807300998));
#4955=CARTESIAN_POINT('',(0.0125483466988461,0.0174742184066079,0.00389033881049935));
#4956=CARTESIAN_POINT('',(0.013163911743435,0.0179311191623018,0.00408114849818891));
#4957=CARTESIAN_POINT('',(0.0138581422542166,0.0182947637155684,0.004240735861662));
#4958=CARTESIAN_POINT('',(0.0138581422542167,0.0182947637155685,0.00424073586166205));
#4959=CARTESIAN_POINT('',(0.0138581422542168,0.0182947637155681,0.00424073586166205));
#4960=CARTESIAN_POINT('',(0.0144951078400993,0.0186284123557923,0.00438715935774212));
#4961=CARTESIAN_POINT('',(0.0151365522344114,0.0189644070385275,0.00450339839727049));
#4962=CARTESIAN_POINT('',(0.015780287082526,0.019301601482778,0.00460420116521576));
#4963=CARTESIAN_POINT('',(0.015780287082526,0.019301601482778,0.00460420116521576));
#4964=CARTESIAN_POINT('',(0.015780287082526,0.019301601482778,0.00460420116521576));
#4965=CARTESIAN_POINT('',(0.0160282989047493,0.0194315124372759,0.00464303746285675));
#4966=CARTESIAN_POINT('',(0.016196853609642,0.0196963772885782,0.00466223562009699));
#4967=CARTESIAN_POINT('',(0.0162084063750786,0.0199774075728248,0.00463295489702917));
#4968=CARTESIAN_POINT('',(0.0162084063750786,0.0199774075728248,0.00463295489702918));
#4969=CARTESIAN_POINT('',(0.0162084063750786,0.0199774075728248,0.00463295489702918));
#4970=CARTESIAN_POINT('',(0.0159712845908158,0.0201276228668603,0.0045707007273478));
#4971=CARTESIAN_POINT('',(0.0156623352346711,0.0201429234360829,0.00450150423601218));
#4972=CARTESIAN_POINT('',(0.0154090814867895,0.0200102667110021,0.00446935310990117));
#4973=CARTESIAN_POINT('',(0.0154090814867895,0.0200102667110021,0.00446935310990117));
#4974=CARTESIAN_POINT('',(0.0134869366584803,0.0190034289437925,0.00418651836756682));
#4975=CARTESIAN_POINT('',(0.0141252863758889,0.0193378026052922,0.00430128103187065));
#4976=CARTESIAN_POINT('',(0.0147668942374775,0.0196738829137434,0.00438782601143874));
#4977=CARTESIAN_POINT('',(0.0154090814867895,0.0200102667110021,0.00446935310990117));
#4978=CARTESIAN_POINT('',(0.0134869366584803,0.0190034289437926,0.00418651836756682));
#4979=CARTESIAN_POINT('',(0.0114448984517459,0.0175021410094062,0.0036226576620838));
#4980=CARTESIAN_POINT('',(0.0120378796499855,0.0180951222076458,0.00388179202386015));
#4981=CARTESIAN_POINT('',(0.012719907204545,0.0186016516107789,0.00404862162956798));
#4982=CARTESIAN_POINT('',(0.0134869366584803,0.0190034289437926,0.0041865183675668));
#4983=CARTESIAN_POINT('',(0.011444898451746,0.0175021410094062,0.0036226576620838));
#4984=CARTESIAN_POINT('',(0.0091969263619571,0.0152541689196173,0.00224269356770035));
#4985=CARTESIAN_POINT('',(0.00990898642502115,0.0159662289826814,0.00282408817460732));
#4986=CARTESIAN_POINT('',(0.0106597068194602,0.0167169493771204,0.00327952682908515));
#4987=CARTESIAN_POINT('',(0.011444898451746,0.0175021410094062,0.00362265766208382));
#4988=CARTESIAN_POINT('',(0.011444898451746,0.0175021410094062,-0.00155627664637289));
#4989=CARTESIAN_POINT('',(0.0112538078487398,0.0173110504064,-0.00165265546733536));
#4990=CARTESIAN_POINT('',(0.0110697583983898,0.01712700095605,-0.00177070806212083));
#4991=CARTESIAN_POINT('',(0.0108939826368048,0.016951225194465,-0.00191422837046496));
#4992=CARTESIAN_POINT('',(0.011444898451746,0.0175021410094062,-0.0015562766463729));
#4993=CARTESIAN_POINT('',(0.0134869366584803,0.0190034289437926,-0.00115134011280235));
#4994=CARTESIAN_POINT('',(0.012719920490012,0.018601658569833,-0.00118024199519034));
#4995=CARTESIAN_POINT('',(0.0120239718796326,0.0180812144372929,-0.0012642140679289));
#4996=CARTESIAN_POINT('',(0.0114448984517459,0.0175021410094062,-0.00155627664637289));
#4997=CARTESIAN_POINT('',(0.0134869366584803,0.0190034289437926,-0.00115134011280236));
#4998=CARTESIAN_POINT('',(0.0154090814867895,0.0200102667110021,-0.00113068840662002));
#4999=CARTESIAN_POINT('',(0.0147683257184945,0.0196746327371333,-0.00113272991964868));
#5000=CARTESIAN_POINT('',(0.0141275061405822,0.0193389653391792,-0.00112720285912489));
#5001=CARTESIAN_POINT('',(0.0134869366584803,0.0190034289437925,-0.00115134011280236));
#5002=CARTESIAN_POINT('',(0.0154090814867895,0.0200102667110021,-0.00113068840662002));
#5003=CARTESIAN_POINT('',(0.0154090814867895,0.0200102667110021,-0.00113068840662002));
#5004=CARTESIAN_POINT('',(0.0156617359199801,0.02014260950934,-0.00112988342390644));
#5005=CARTESIAN_POINT('',(0.0159742248384768,0.0201257602367847,-0.00118139692040536));
#5006=CARTESIAN_POINT('',(0.0162084063750785,0.0199774075728248,-0.00124747719004528));
#5007=CARTESIAN_POINT('',(0.0162084063750786,0.0199774075728249,-0.00124747719004527));
#5008=CARTESIAN_POINT('',(0.0162084063750786,0.0199774075728249,-0.00124747719004527));
#5009=CARTESIAN_POINT('',(0.0161970260647703,0.0197005723978786,-0.0013059052528345));
#5010=CARTESIAN_POINT('',(0.0160307992332062,0.0194328221331343,-0.00131755545271642));
#5011=CARTESIAN_POINT('',(0.015780287082526,0.019301601482778,-0.00130236595210552));
#5012=CARTESIAN_POINT('',(0.015780287082526,0.019301601482778,-0.00130236595210552));
#5013=CARTESIAN_POINT('',(0.015780287082526,0.019301601482778,-0.00130236595210552));
#5014=CARTESIAN_POINT('',(0.0151399998090394,0.0189662129109517,-0.00126354290936937));
#5015=CARTESIAN_POINT('',(0.0144997946513534,0.0186308673521638,-0.0012220016145404));
#5016=CARTESIAN_POINT('',(0.0138581422542168,0.0182947637155684,-0.00122836780686284));
#5017=CARTESIAN_POINT('',(0.0138581422542167,0.0182947637155685,-0.00122836780686284));
#5018=CARTESIAN_POINT('',(0.0138581422542167,0.0182947637155684,-0.00122836780686283));
#5019=CARTESIAN_POINT('',(0.0131633330293893,0.0179308160263732,-0.00123526139780458));
#5020=CARTESIAN_POINT('',(0.012537542976958,0.0174634146847199,-0.00130518787263383));
#5021=CARTESIAN_POINT('',(0.0120105838766952,0.016936455584457,-0.00156156493586101));
#5022=CARTESIAN_POINT('',(0.0120105838766952,0.0169364555844569,-0.00156156493586101));
#5023=CARTESIAN_POINT('',(0.0120105838766952,0.0169364555844569,-0.001561564935861));
#5024=CARTESIAN_POINT('',(0.0118191325940782,0.01674500430184,-0.0016547101487702));
#5025=CARTESIAN_POINT('',(0.0116350886093882,0.0165609603171499,-0.00177099809309717));
#5026=CARTESIAN_POINT('',(0.011459668061754,0.0163855397695158,-0.00191422837046495));
#5027=CARTESIAN_POINT('',(0.0179298674067487,0.0123905587529494,-0.00137451701515286));
#5028=CARTESIAN_POINT('',(0.0174952679252076,0.0119559592714084,-0.00144047337414563));
#5029=CARTESIAN_POINT('',(0.0170722352996064,0.0115329266458072,-0.00160397840253473));
#5030=CARTESIAN_POINT('',(0.0166922582425345,0.0111529495887353,-0.00191422837046495));
#5031=CARTESIAN_POINT('',(0.0179298674067486,0.0123905587529494,-0.00137451701515286));
#5032=CARTESIAN_POINT('',(0.0183119426171862,0.0127494997760492,-0.00133962111636808));
#5033=CARTESIAN_POINT('',(0.0181805249174128,0.0126335429821315,-0.00134476557598117));
#5034=CARTESIAN_POINT('',(0.0180531571253764,0.0125138484715771,-0.0013558061301028));
#5035=CARTESIAN_POINT('',(0.0179298674067487,0.0123905587529494,-0.00137451701515286));
#5036=CARTESIAN_POINT('',(0.0183119426171862,0.0127494997760492,-0.00133962111636808));
#5037=CARTESIAN_POINT('',(0.0205299993982983,0.0147066087005599,-0.00159148846674038));
#5038=CARTESIAN_POINT('',(0.019793888333922,0.0140570989378749,-0.00145676686907871));
#5039=CARTESIAN_POINT('',(0.0190585210512245,0.0134082454531419,-0.00131039565732763));
#5040=CARTESIAN_POINT('',(0.0183119426171861,0.0127494997760492,-0.00133962111636808));
#5041=CARTESIAN_POINT('',(0.0205299993982983,0.0147066087005599,-0.00159148846674038));
#5042=CARTESIAN_POINT('',(0.0205299993982983,0.0147066087005599,-0.00159148846674038));
#5043=CARTESIAN_POINT('',(0.0207403428264644,0.0148922058430594,-0.00162998510681491));
#5044=CARTESIAN_POINT('',(0.0210457194012983,0.0149552722604169,-0.00165649264948848));
#5045=CARTESIAN_POINT('',(0.0213141509583053,0.0148650584747424,-0.00165037006622256));
#5046=CARTESIAN_POINT('',(0.0213141509583053,0.0148650584747424,-0.00165037006622256));
#5047=CARTESIAN_POINT('',(0.0213141509583053,0.0148650584747424,-0.00165037006622256));
#5048=CARTESIAN_POINT('',(0.021370039103951,0.0145884738167956,-0.00160944832052294));
#5049=CARTESIAN_POINT('',(0.0212716237219215,0.0142940857815211,-0.00156092317970478));
#5050=CARTESIAN_POINT('',(0.0210592967079678,0.0141067384162678,-0.00152727857857454));
#5051=CARTESIAN_POINT('',(0.0210592967079678,0.0141067384162678,-0.00152727857857454));
#5052=CARTESIAN_POINT('',(0.0210592967079678,0.0141067384162678,-0.00152727857857454));
#5053=CARTESIAN_POINT('',(0.0203224845797852,0.0134566100678715,-0.00141052588800065));
#5054=CARTESIAN_POINT('',(0.0195863119623719,0.0128070459936832,-0.00128114608233845));
#5055=CARTESIAN_POINT('',(0.0188412399268556,0.0121496294917571,-0.00132748493854772));
#5056=CARTESIAN_POINT('',(-2.07982854858014E-16,0.0610000366260606,0.0734999507630277));
#5057=CARTESIAN_POINT('',(-5.16048023989641E-5,0.0610000072046804,0.0735833397998959));
#5058=CARTESIAN_POINT('',(-0.000102662747443601,0.0610005144568405,0.0736666869395999));
#5059=CARTESIAN_POINT('',(-0.000153176473920037,0.0610015419395682,0.07375));
#5060=CARTESIAN_POINT('',(-1.33163923987887E-16,0.0610000366260606,0.0734999507630277));
#5061=CARTESIAN_POINT('',(-1.47500827384796E-14,0.0760000080669736,0.07375));
#5062=CARTESIAN_POINT('',(-1.47506015952612E-14,0.0760000080669736,0.0724574967652038));
#5063=CARTESIAN_POINT('',(6.92900079401465E-15,0.0759421228057235,0.0698780653419271));
#5064=CARTESIAN_POINT('',(-1.71423714125953E-15,0.0756758167418555,0.0660248133427233));
#5065=CARTESIAN_POINT('',(6.03026253721555E-16,0.0752062460306685,0.0621938107971786));
#5066=CARTESIAN_POINT('',(-1.68831423562389E-16,0.0744874573361887,0.0583742328695168));
#5067=CARTESIAN_POINT('',(3.94481147016904E-17,0.073474570061733,0.0546381444855237));
#5068=CARTESIAN_POINT('',(-1.70893695135755E-18,0.0723125783389109,0.0516034962357494));
#5069=CARTESIAN_POINT('',(-5.52289374484704E-17,0.0711396564707734,0.0493124794349723));
#5070=CARTESIAN_POINT('',(8.41235657411651E-19,0.070084517567066,0.0476698437126818));
#5071=CARTESIAN_POINT('',(-1.09113109680869E-17,0.0688241630834407,0.0462067104159661));
#5072=CARTESIAN_POINT('',(3.4474693537121E-18,0.0671066773741278,0.0451131956980309));
#5073=CARTESIAN_POINT('',(-2.8785664467615E-18,0.0650254201217008,0.0453217709429788));
#5074=CARTESIAN_POINT('',(8.06679643333388E-18,0.0635906929145975,0.0467742644031655));
#5075=CARTESIAN_POINT('',(2.48692458449979E-18,0.0627532243066636,0.048542311970799));
#5076=CARTESIAN_POINT('',(7.35583606482777E-18,0.0621829877924966,0.0503951899825083));
#5077=CARTESIAN_POINT('',(-3.19102688438109E-17,0.0617896295184387,0.0523069292988874));
#5078=CARTESIAN_POINT('',(1.71017075361825E-16,0.0614373495421465,0.0548549581399281));
#5079=CARTESIAN_POINT('',(-1.14216205826304E-15,0.0612060864540465,0.058059922887386));
#5080=CARTESIAN_POINT('',(4.13499533096537E-15,0.0610801345711364,0.0619148393972705));
#5081=CARTESIAN_POINT('',(-1.54940151033522E-14,0.0610278724774569,0.0657760901640205));
#5082=CARTESIAN_POINT('',(5.7421682129599E-14,0.0610071351453356,0.0696379041477036));
#5083=CARTESIAN_POINT('',(-1.25445602240613E-13,0.061000490660364,0.0722130810447492));
#5084=CARTESIAN_POINT('',(7.27938225843827E-18,0.0610000366260607,0.0734999507629201));
#5085=CARTESIAN_POINT('',(-0.00693285211439027,0.0656002871370342,0.07375));
#5086=CARTESIAN_POINT('',(-0.00693218857044325,0.0656031747756863,0.0651492110066575));
#5087=CARTESIAN_POINT('',(-0.00930114692841314,0.0653305133150366,0.0528487106852869));
#5088=CARTESIAN_POINT('',(-0.0153954433209641,0.0623308966635764,0.0388101105093445));
#5089=CARTESIAN_POINT('',(-0.0196735731500029,0.0596009986953635,0.0312901002009146));
#5090=CARTESIAN_POINT('',(-0.0236831393094824,0.0565360599831593,0.0253799116156447));
#5091=CARTESIAN_POINT('',(-0.0275978185010808,0.0531520731622118,0.0203664335906021));
#5092=CARTESIAN_POINT('',(-0.0310644814342834,0.0491313107033086,0.0159399287240145));
#5093=CARTESIAN_POINT('',(-0.0334605193784285,0.0446431794196493,0.012299206590378));
#5094=CARTESIAN_POINT('',(-0.0346585710300617,0.0403508995439878,0.00956949260059199));
#5095=CARTESIAN_POINT('',(-0.0350521378456826,0.0362847228802708,0.00742978772931053));
#5096=CARTESIAN_POINT('',(-0.0348648127252381,0.0322366767151202,0.00563242072098599));
#5097=CARTESIAN_POINT('',(-0.0340696252792169,0.027745537719291,0.00400067655584501));
#5098=CARTESIAN_POINT('',(-0.0327356159183176,0.0231073941461575,0.00262524766025));
#5099=CARTESIAN_POINT('',(-0.0309901273343027,0.0189311920890412,0.00160117498321477));
#5100=CARTESIAN_POINT('',(-0.0290258164532546,0.0156701633122569,0.000985417598892362));
#5101=CARTESIAN_POINT('',(-0.027179122989129,0.0134677506183084,0.000733454543150582));
#5102=CARTESIAN_POINT('',(-0.0254609911033509,0.0119576499372375,0.000727751680692754));
#5103=CARTESIAN_POINT('',(-0.023743866745029,0.0107465311573375,0.000814750448165274));
#5104=CARTESIAN_POINT('',(-0.0221029513171254,0.00970263937455054,0.000830704613724008));
#5105=CARTESIAN_POINT('',(-0.0204494827514899,0.00862920498169577,0.000630329495550312));
#5106=CARTESIAN_POINT('',(-0.0194753651999446,0.00788287141548076,0.000222811742202346));
#5107=CARTESIAN_POINT('',(-0.0190033557743409,0.00741144781393431,-0.000162348109840496));
#5108=CARTESIAN_POINT('',(-0.00658161169942516,0.0648744526181571,0.07375));
#5109=CARTESIAN_POINT('',(-0.006581705728755,0.0648773500100981,0.0652594644812769));
#5110=CARTESIAN_POINT('',(-0.00904576705144432,0.0647016080202454,0.0531131616808517));
#5111=CARTESIAN_POINT('',(-0.0151873905697066,0.0618874805057233,0.0391768601726011));
#5112=CARTESIAN_POINT('',(-0.0194535790266467,0.0592849358354836,0.0316867428575228));
#5113=CARTESIAN_POINT('',(-0.0234162930171865,0.0563431917835049,0.0257810924228425));
#5114=CARTESIAN_POINT('',(-0.0272656594982995,0.0530667822935997,0.0207627112935083));
#5115=CARTESIAN_POINT('',(-0.0306687680942878,0.0490959200436254,0.0163385294266101));
#5116=CARTESIAN_POINT('',(-0.0330277860220362,0.0446302312941145,0.0126988719357245));
#5117=CARTESIAN_POINT('',(-0.034239298559545,0.0403477916235046,0.00997219276633175));
#5118=CARTESIAN_POINT('',(-0.034683826157095,0.0362822915134684,0.00783638258398033));
#5119=CARTESIAN_POINT('',(-0.0345772051997961,0.0322279134608389,0.00603995352357371));
#5120=CARTESIAN_POINT('',(-0.0338977077160982,0.0277292625301764,0.00439862762192124));
#5121=CARTESIAN_POINT('',(-0.0326685794047659,0.0230884261784218,0.00301133760527126));
#5122=CARTESIAN_POINT('',(-0.0309949438815092,0.0189076447811097,0.00198716866166669));
#5123=CARTESIAN_POINT('',(-0.0290686659114201,0.0156345913428592,0.00136876243453044));
#5124=CARTESIAN_POINT('',(-0.0272236279483367,0.0134111974980625,0.00111037846832194));
#5125=CARTESIAN_POINT('',(-0.0254756654260091,0.0118763946623321,0.00110463178418562));
#5126=CARTESIAN_POINT('',(-0.0237212377477967,0.0106477734896923,0.00118845888173858));
#5127=CARTESIAN_POINT('',(-0.0220417599159782,0.00958583369837428,0.00119357234088815));
#5128=CARTESIAN_POINT('',(-0.0203531911518834,0.00849115675212106,0.000974247887161585));
#5129=CARTESIAN_POINT('',(-0.0193674816303607,0.00773241664285496,0.000553552045649055));
#5130=CARTESIAN_POINT('',(-0.0188911896317124,0.00725653478077763,0.000164755740957916));
#5131=CARTESIAN_POINT('',(-0.00616035910927164,0.0641972816501157,0.07375));
#5132=CARTESIAN_POINT('',(-0.00616109283724252,0.0641996474552385,0.0653682539969138));
#5133=CARTESIAN_POINT('',(-0.00872046140317024,0.0641268102848604,0.0533771509253373));
#5134=CARTESIAN_POINT('',(-0.014912205415675,0.0614960321626625,0.0395310087635733));
#5135=CARTESIAN_POINT('',(-0.0191737129870322,0.0590017226027707,0.0320619002911076));
#5136=CARTESIAN_POINT('',(-0.0231000587723746,0.0561511098606002,0.0261583587409012));
#5137=CARTESIAN_POINT('',(-0.0268850159892122,0.0529373423243359,0.0211332380602209));
#5138=CARTESIAN_POINT('',(-0.0302172726454018,0.0490016445303306,0.0166990201567901));
#5139=CARTESIAN_POINT('',(-0.0325402333045242,0.0445689477631183,0.0130541847064579));
#5140=CARTESIAN_POINT('',(-0.0337631189030179,0.0403125479357353,0.0103332872966695));
#5141=CARTESIAN_POINT('',(-0.0342529964238458,0.0362673974564262,0.00820970639999276));
#5142=CARTESIAN_POINT('',(-0.0342197850519125,0.0322295632057316,0.00642691297640429));
#5143=CARTESIAN_POINT('',(-0.0336519355721441,0.0277508713833662,0.00479228342536209));
#5144=CARTESIAN_POINT('',(-0.0325331931359383,0.0231304190660381,0.00339541488057225));
#5145=CARTESIAN_POINT('',(-0.0309322601364216,0.0189547263325085,0.00236353746317801));
#5146=CARTESIAN_POINT('',(-0.0290386704490306,0.0156642494774475,0.00174536839222963));
#5147=CARTESIAN_POINT('',(-0.0271894660086118,0.0134100054333274,0.00148764268349938));
#5148=CARTESIAN_POINT('',(-0.0254082713108464,0.0118435274203398,0.00148007401570944));
#5149=CARTESIAN_POINT('',(-0.023623348972531,0.0105940174200293,0.00155431391156961));
#5150=CARTESIAN_POINT('',(-0.0219169678469362,0.00951118887627079,0.00154400858369485));
#5151=CARTESIAN_POINT('',(-0.0202070203353383,0.00839387348205126,0.00130754715557784));
#5152=CARTESIAN_POINT('',(-0.0192157350882905,0.00762344071059023,0.000879106838125348));
#5153=CARTESIAN_POINT('',(-0.0187376212840866,0.00714558681621086,0.000488720737715163));
#5154=CARTESIAN_POINT('',(-0.00549858557182041,0.063349758054156,0.07375));
#5155=CARTESIAN_POINT('',(-0.00549951472200705,0.0633508422575411,0.0655056088110014));
#5156=CARTESIAN_POINT('',(-0.00818838795211973,0.0634153847023248,0.0537139748560584));
#5157=CARTESIAN_POINT('',(-0.0144614386582046,0.0610261359176642,0.0399787632722578));
#5158=CARTESIAN_POINT('',(-0.0187257931505524,0.0586542252754675,0.0325306577381997));
#5159=CARTESIAN_POINT('',(-0.0226109831060837,0.0558880590700374,0.0266276934350913));
#5160=CARTESIAN_POINT('',(-0.0263070566833112,0.0527135143200001,0.0215890450084588));
#5161=CARTESIAN_POINT('',(-0.0295383818009,0.0488077946900651,0.0171360250893268));
#5162=CARTESIAN_POINT('',(-0.031810101324535,0.0444273037132477,0.0134861758406326));
#5163=CARTESIAN_POINT('',(-0.0330454402867385,0.0402268234900816,0.0107774407850273));
#5164=CARTESIAN_POINT('',(-0.0335920814337621,0.0362350617998689,0.00867514532946741));
#5165=CARTESIAN_POINT('',(-0.0336503718593196,0.0322483948035372,0.00691686291551314));
#5166=CARTESIAN_POINT('',(-0.0332184546750108,0.0278284813698808,0.00530572688898891));
#5167=CARTESIAN_POINT('',(-0.0322376342952777,0.0232587666028648,0.00392119884218051));
#5168=CARTESIAN_POINT('',(-0.0307362544991636,0.0190998648350489,0.00289371670244708));
#5169=CARTESIAN_POINT('',(-0.0288904076022047,0.0157850224181597,0.00227103295701227));
#5170=CARTESIAN_POINT('',(-0.0270402989181423,0.0134833665447286,0.00199840668641481));
#5171=CARTESIAN_POINT('',(-0.0252236888278288,0.0118657758477313,0.00196767094354517));
#5172=CARTESIAN_POINT('',(-0.0234141519627268,0.0105828935692367,0.00201571826895754));
#5173=CARTESIAN_POINT('',(-0.0216901198304219,0.009469394009811,0.0019784213888132));
#5174=CARTESIAN_POINT('',(-0.0199687382692147,0.00832183798647317,0.00171535238872652));
#5175=CARTESIAN_POINT('',(-0.0189770284179768,0.00753843798321399,0.0012763873974102));
#5176=CARTESIAN_POINT('',(-0.0184987427662172,0.00706025393073005,0.000885796991214947));
#5177=CARTESIAN_POINT('',(-0.00450544865694426,0.0624328138202491,0.07375));
#5178=CARTESIAN_POINT('',(-0.00450623137218225,0.0624330825281805,0.0656494698556136));
#5179=CARTESIAN_POINT('',(-0.00735078073089125,0.0626316935558709,0.0540617074107976));
#5180=CARTESIAN_POINT('',(-0.0137554864355899,0.060489697480446,0.0404522896908729));
#5181=CARTESIAN_POINT('',(-0.018039447496691,0.0582378492607928,0.0330294087191506));
#5182=CARTESIAN_POINT('',(-0.0218826630084583,0.0555409900082797,0.0271271444991137));
#5183=CARTESIAN_POINT('',(-0.025476686387428,0.0523907208612527,0.0220686525176391));
#5184=CARTESIAN_POINT('',(-0.0286010571062817,0.048519505365108,0.0175935334454185));
#5185=CARTESIAN_POINT('',(-0.0308164060817136,0.04420905171646,0.0139422932215081));
#5186=CARTESIAN_POINT('',(-0.0320561552447455,0.0400944581761247,0.0112519332300117));
#5187=CARTESIAN_POINT('',(-0.032650555623189,0.0361947457142777,0.00917986957692349));
#5188=CARTESIAN_POINT('',(-0.0327911396093212,0.0323057646876392,0.00745964255357643));
#5189=CARTESIAN_POINT('',(-0.0324882111695296,0.0280031870502368,0.00589650867257517));
#5190=CARTESIAN_POINT('',(-0.0316526601361149,0.023538149045014,0.00455368250914409));
#5191=CARTESIAN_POINT('',(-0.0302704510481729,0.0194288195875076,0.00355087573780482));
#5192=CARTESIAN_POINT('',(-0.0284947094477149,0.0160945518755756,0.00293019740181717));
#5193=CARTESIAN_POINT('',(-0.0266673306179371,0.0137283122304655,0.00263519024846453));
#5194=CARTESIAN_POINT('',(-0.0248403553822215,0.0120238882100103,0.00255864619807819));
#5195=CARTESIAN_POINT('',(-0.0230292040915736,0.0106731631081174,0.00255334591070276));
#5196=CARTESIAN_POINT('',(-0.0213085649911494,0.00950641202543538,0.00246671769698527));
#5197=CARTESIAN_POINT('',(-0.019597906699966,0.0083187231851653,0.00216399156273823));
#5198=CARTESIAN_POINT('',(-0.0186179201035963,0.00752602138097437,0.00171614157637339));
#5199=CARTESIAN_POINT('',(-0.0181443412824885,0.00705244946227732,0.00132940687353667));
#5200=CARTESIAN_POINT('',(-0.0033558122486718,0.0617569967193582,0.07375));
#5201=CARTESIAN_POINT('',(-0.00335670264395473,0.0617567502400163,0.0657537157142216));
#5202=CARTESIAN_POINT('',(-0.0063470339428977,0.0620255768788902,0.0543049327045896));
#5203=CARTESIAN_POINT('',(-0.0128886694216347,0.0600186193792515,0.0407839283855406));
#5204=CARTESIAN_POINT('',(-0.0172014806914893,0.0578379679363894,0.0333820607988116));
#5205=CARTESIAN_POINT('',(-0.0210147775978007,0.0551878581885877,0.0274812358988114));
#5206=CARTESIAN_POINT('',(-0.0245262638314511,0.0520620317723461,0.0224081507408461));
#5207=CARTESIAN_POINT('',(-0.0275634060307449,0.0482301211407165,0.0179203507745441));
#5208=CARTESIAN_POINT('',(-0.029727513600008,0.0439933642535861,0.0142747907508649));
#5209=CARTESIAN_POINT('',(-0.0309605244479184,0.0399726186300787,0.0116067598378479));
#5210=CARTESIAN_POINT('',(-0.0315801877470837,0.0361785294194798,0.00956815657552388));
#5211=CARTESIAN_POINT('',(-0.0317716057372044,0.0324074916213706,0.00789056812971601));
#5212=CARTESIAN_POINT('',(-0.0315532210341021,0.0282519801063392,0.00638501155916282));
#5213=CARTESIAN_POINT('',(-0.0308211503493711,0.0239281030435293,0.00510127119085128));
#5214=CARTESIAN_POINT('',(-0.0295385200504845,0.019907726799264,0.00414165750594723));
#5215=CARTESIAN_POINT('',(-0.0278424392598178,0.0165866198249148,0.00353619730528972));
#5216=CARTESIAN_POINT('',(-0.0260691576210814,0.0141718857373978,0.00322829346240346));
#5217=CARTESIAN_POINT('',(-0.0242781991869138,0.0123753919845822,0.00311415139570768));
#5218=CARTESIAN_POINT('',(-0.0225053217026714,0.0109296284154046,0.0030545927355819));
#5219=CARTESIAN_POINT('',(-0.0208198197761774,0.00968132389144609,0.00290662799036805));
#5220=CARTESIAN_POINT('',(-0.0191456391950354,0.0084370343762772,0.00254738392732162));
#5221=CARTESIAN_POINT('',(-0.0181872557502047,0.00763766359582793,0.00208535112451133));
#5222=CARTESIAN_POINT('',(-0.0177202338366882,0.00717065497451203,0.00170405869781997));
#5223=CARTESIAN_POINT('',(-0.00238955905856316,0.061376977874868,0.07375));
#5224=CARTESIAN_POINT('',(-0.00239059635197571,0.0613761816186288,0.0658138757638413));
#5225=CARTESIAN_POINT('',(-0.00549688164181939,0.0616646554165993,0.0544425408364813));
#5226=CARTESIAN_POINT('',(-0.012145165076063,0.0597055171733887,0.0409621257271422));
#5227=CARTESIAN_POINT('',(-0.0164821023471628,0.0575527239132001,0.0335677885344218));
#5228=CARTESIAN_POINT('',(-0.0202763917405059,0.0549258572234734,0.0276653238669538));
#5229=CARTESIAN_POINT('',(-0.0237306320177421,0.051818409617741,0.0225818429404195));
#5230=CARTESIAN_POINT('',(-0.0267059934433482,0.0480208024766275,0.0180866482626504));
#5231=CARTESIAN_POINT('',(-0.0288316054463017,0.04384372520289,0.0144481850259666));
#5232=CARTESIAN_POINT('',(-0.03005516710587,0.0398972619129156,0.0118005988934267));
#5233=CARTESIAN_POINT('',(-0.0306858989662563,0.036186825304661,0.00979190474143492));
#5234=CARTESIAN_POINT('',(-0.030904512999562,0.0325101732667066,0.0081526029191268));
#5235=CARTESIAN_POINT('',(-0.0307339129135186,0.0284737448918611,0.00669962484079964));
#5236=CARTESIAN_POINT('',(-0.0300651431581304,0.0242701495847937,0.00547168577155938));
#5237=CARTESIAN_POINT('',(-0.0288520225918831,0.0203364429111996,0.00455438977270863));
#5238=CARTESIAN_POINT('',(-0.0272212929553673,0.0170457530136121,0.00396599134349859));
#5239=CARTESIAN_POINT('',(-0.025500150408354,0.0146102655208216,0.00365050526470728));
#5240=CARTESIAN_POINT('',(-0.0237511632727671,0.0127545850344194,0.00350912879259464));
#5241=CARTESIAN_POINT('',(-0.022020658458989,0.0112376111051248,0.00340907222555009));
#5242=CARTESIAN_POINT('',(-0.0203744307380846,0.00992090697686719,0.00321356569305759));
#5243=CARTESIAN_POINT('',(-0.0187390847272341,0.00862317399414637,0.00280679115540492));
#5244=CARTESIAN_POINT('',(-0.0178007686714376,0.00781421217545362,0.0023295019161541));
#5245=CARTESIAN_POINT('',(-0.0173376748036252,0.00735120683772488,0.00195146594307824));
#5246=CARTESIAN_POINT('',(-0.00177711057349978,0.0612060422618591,0.07375));
#5247=CARTESIAN_POINT('',(-0.00177828219726727,0.0612048513660168,0.0658433237134083));
#5248=CARTESIAN_POINT('',(-0.00495352036402807,0.0614904457229284,0.0545083212091077));
#5249=CARTESIAN_POINT('',(-0.0116659694703514,0.0595373254266032,0.0410405476822811));
#5250=CARTESIAN_POINT('',(-0.016019420349571,0.0573911570178397,0.033646307763462));
#5251=CARTESIAN_POINT('',(-0.0198057115173544,0.0547741108773792,0.0277402343357318));
#5252=CARTESIAN_POINT('',(-0.0232302266203575,0.0516782716821714,0.0226487165079301));
#5253=CARTESIAN_POINT('',(-0.0261722027895653,0.0479030045683421,0.0181480658566518));
#5254=CARTESIAN_POINT('',(-0.0282756032919662,0.0437625884905124,0.0145140496097375));
#5255=CARTESIAN_POINT('',(-0.029491488242028,0.0398608145775868,0.0118803071737225));
#5256=CARTESIAN_POINT('',(-0.0301247540423558,0.0362005693097775,0.0098923283255764));
#5257=CARTESIAN_POINT('',(-0.0303538412797181,0.0325807808865287,0.00827995544974755));
#5258=CARTESIAN_POINT('',(-0.0302034377248897,0.0286165886336997,0.00686472698622813));
#5259=CARTESIAN_POINT('',(-0.0295646617419095,0.0244889985175215,0.00567772690849001));
#5260=CARTESIAN_POINT('',(-0.0283896101469608,0.0206150445212384,0.0047915194153951));
#5261=CARTESIAN_POINT('',(-0.0267995157889087,0.0173523944015284,0.00421498402142677));
#5262=CARTESIAN_POINT('',(-0.0251138837963829,0.0149132684162589,0.00389329931874859));
#5263=CARTESIAN_POINT('',(-0.0233956397707098,0.0130293502072036,0.00373242468173201));
#5264=CARTESIAN_POINT('',(-0.0216953518520087,0.0114736036766505,0.00360502196303986));
#5265=CARTESIAN_POINT('',(-0.0200769194042503,0.0101168243639803,0.0033792258054179));
#5266=CARTESIAN_POINT('',(-0.0184680362002626,0.00878484738074556,0.00294278046052914));
#5267=CARTESIAN_POINT('',(-0.0175419365963548,0.00796726054854369,0.00245495301734621));
#5268=CARTESIAN_POINT('',(-0.017080082022081,0.00750554747309357,0.00207792347956681));
#5269=CARTESIAN_POINT('',(-0.00128759274362719,0.0611082494297519,0.07375));
#5270=CARTESIAN_POINT('',(-0.00128888217337216,0.0611066919835614,0.0658624388775114));
#5271=CARTESIAN_POINT('',(-0.00451676993887836,0.0613810808308868,0.0545505657631501));
#5272=CARTESIAN_POINT('',(-0.0112779742724012,0.0594193504393511,0.0410856303622568));
#5273=CARTESIAN_POINT('',(-0.015645043359105,0.057272543329106,0.0336884730387393));
#5274=CARTESIAN_POINT('',(-0.0194272172449213,0.0546612167778419,0.0277775745253303));
#5275=CARTESIAN_POINT('',(-0.0228319310196252,0.0515755136433899,0.0226780679157072));
#5276=CARTESIAN_POINT('',(-0.0257509051402432,0.0478192095231823,0.0181718737497529));
#5277=CARTESIAN_POINT('',(-0.0278381005136149,0.0437076656906778,0.0145409875634517));
#5278=CARTESIAN_POINT('',(-0.0290468649160606,0.0398398612105903,0.0119188213699508));
#5279=CARTESIAN_POINT('',(-0.0296792587442415,0.036217330241888,0.00994877878750559));
#5280=CARTESIAN_POINT('',(-0.0299122431446703,0.0326401880478722,0.00836019987335263));
#5281=CARTESIAN_POINT('',(-0.0297712789169191,0.0287303985874013,0.00697922715643253));
#5282=CARTESIAN_POINT('',(-0.0291502376445281,0.0246625407618449,0.00583006921355466));
#5283=CARTESIAN_POINT('',(-0.0280027061124598,0.020839229665438,0.00497206583796339));
#5284=CARTESIAN_POINT('',(-0.0264457240216409,0.0176049370809209,0.00440468225728326));
#5285=CARTESIAN_POINT('',(-0.0247909879096668,0.0151695186882004,0.00407502828788134));
#5286=CARTESIAN_POINT('',(-0.0231005484885614,0.0132695765426899,0.00389439207047162));
#5287=CARTESIAN_POINT('',(-0.0214268988204942,0.0116877871719795,0.0037415907861714));
#5288=CARTESIAN_POINT('',(-0.0198324538298178,0.0103021790224816,0.00349004536089829));
#5289=CARTESIAN_POINT('',(-0.0182452385187211,0.00894363192493763,0.00302988102422507));
#5290=CARTESIAN_POINT('',(-0.0173278193081839,0.0081174561620775,0.00253333625159553));
#5291=CARTESIAN_POINT('',(-0.0168659346976906,0.00765574189720811,0.00215624946619031));
#5292=CARTESIAN_POINT('',(-0.000922704784519013,0.0610539690824746,0.07375));
#5293=CARTESIAN_POINT('',(-0.000924088355424716,0.0610521055530719,0.0658749069460811));
#5294=CARTESIAN_POINT('',(-0.00418979053515471,0.0613137958825724,0.0545779211889069));
#5295=CARTESIAN_POINT('',(-0.0109858182420097,0.0593391631726996,0.0411114826460595));
#5296=CARTESIAN_POINT('',(-0.0153632259773008,0.0571890771937659,0.033710491945623));
#5297=CARTESIAN_POINT('',(-0.0191435002563962,0.0545811307192594,0.0277947520042947));
#5298=CARTESIAN_POINT('',(-0.0225354921523181,0.0515035556709008,0.0226881217042073));
#5299=CARTESIAN_POINT('',(-0.0254392156452671,0.0477620343802302,0.018176892411275));
#5300=CARTESIAN_POINT('',(-0.027515121464478,0.0436718579299089,0.0145480139154582));
#5301=CARTESIAN_POINT('',(-0.0287180702319565,0.0398284952179908,0.0119347784468609));
#5302=CARTESIAN_POINT('',(-0.0293483284057473,0.0362327936829417,0.00997895885781689));
#5303=CARTESIAN_POINT('',(-0.029581918381652,0.0326858640795956,0.00840952992751005));
#5304=CARTESIAN_POINT('',(-0.029444527969333,0.0288146746089142,0.00705667438368082));
#5305=CARTESIAN_POINT('',(-0.0288335275083506,0.0247906575356463,0.00593895295398526));
#5306=CARTESIAN_POINT('',(-0.0277051020292362,0.0210065903407609,0.00510399743947618));
#5307=CARTESIAN_POINT('',(-0.0261732645805809,0.0177967010234825,0.00454304225065372));
#5308=CARTESIAN_POINT('',(-0.024543024680015,0.0153677510519594,0.00420532762344984));
#5309=CARTESIAN_POINT('',(-0.0228751101558667,0.0134596201818965,0.00400709101080934));
#5310=CARTESIAN_POINT('',(-0.0212225525585882,0.011861506930163,0.0038329151617004));
#5311=CARTESIAN_POINT('',(-0.0196465168650491,0.0104568049537418,0.00356104095342645));
#5312=CARTESIAN_POINT('',(-0.0180749286039155,0.009079689290961,0.00308308413912992));
#5313=CARTESIAN_POINT('',(-0.0171627852017112,0.00824641101856038,0.00257986659814942));
#5314=CARTESIAN_POINT('',(-0.0167001923665854,0.00778399618497166,0.00220216275501151));
#5315=CARTESIAN_POINT('',(-0.000621138059552693,0.061024093827524,0.07375));
#5316=CARTESIAN_POINT('',(-0.000622597750011267,0.0610219480235689,0.0658837814699395));
#5317=CARTESIAN_POINT('',(-0.00391842796263427,0.0612695571870247,0.0545974698930713));
#5318=CARTESIAN_POINT('',(-0.0107419126916691,0.0592790221700844,0.0411269107559922));
#5319=CARTESIAN_POINT('',(-0.0151280190180073,0.0571240117125763,0.0337213024371349));
#5320=CARTESIAN_POINT('',(-0.018907811986478,0.0545183104519894,0.0278003860370666));
#5321=CARTESIAN_POINT('',(-0.0222912938174355,0.0514481636045828,0.0226867084031845));
#5322=CARTESIAN_POINT('',(-0.025184429596609,0.0477195797061093,0.0181704392853595));
#5323=CARTESIAN_POINT('',(-0.0272519818836392,0.0436469645191885,0.0145428896070815));
#5324=CARTESIAN_POINT('',(-0.0284497124930935,0.0398229483736828,0.0119372527419037));
#5325=CARTESIAN_POINT('',(-0.0290766770920637,0.0362481371271152,0.00999392340196131));
#5326=CARTESIAN_POINT('',(-0.0293082945808167,0.0327245811185534,0.00844163645793997));
#5327=CARTESIAN_POINT('',(-0.0291701057183711,0.028883329294143,0.00711465365255893));
#5328=CARTESIAN_POINT('',(-0.0285642165821553,0.0248948707925058,0.00602633303157537));
#5329=CARTESIAN_POINT('',(-0.0274504795149766,0.0211446400591678,0.00521245673097264));
#5330=CARTESIAN_POINT('',(-0.0259402712645272,0.0179579171851953,0.0046561654401394));
#5331=CARTESIAN_POINT('',(-0.0243322136303649,0.0155375425830249,0.00430926469062691));
#5332=CARTESIAN_POINT('',(-0.0226852753380439,0.0136255879694743,0.00409312710539681));
#5333=CARTESIAN_POINT('',(-0.0210520145201029,0.0120160908120888,0.00389839978353094));
#5334=CARTESIAN_POINT('',(-0.0194923018159839,0.0105971185398288,0.00360825209515711));
#5335=CARTESIAN_POINT('',(-0.0179336521187141,0.00920535168935614,0.00311522613654156));
#5336=CARTESIAN_POINT('',(-0.0170250057362593,0.00836558506911792,0.00260635035921082));
#5337=CARTESIAN_POINT('',(-0.0165612974041062,0.00790204730114721,0.00222769114887195));
#5338=CARTESIAN_POINT('',(-0.000382183226242002,0.0610090413996648,0.07375));
#5339=CARTESIAN_POINT('',(-0.000383699258194127,0.0610066547519045,0.0658901182253484));
#5340=CARTESIAN_POINT('',(-0.00370262177007306,0.0612409785296764,0.0546115899440473));
#5341=CARTESIAN_POINT('',(-0.010547082127947,0.0592348587377373,0.0411361511540741));
#5342=CARTESIAN_POINT('',(-0.0149402010271177,0.0570747303943687,0.0337259293731631));
#5343=CARTESIAN_POINT('',(-0.0187202296936627,0.0544705320716219,0.0277999896436887));
#5344=CARTESIAN_POINT('',(-0.0220980373851011,0.0514066653269885,0.022679708501939));
#5345=CARTESIAN_POINT('',(-0.0249837775081338,0.0476887101665978,0.0181586666441708));
#5346=CARTESIAN_POINT('',(-0.0270451260067607,0.0436299714528802,0.0145319140572984));
#5347=CARTESIAN_POINT('',(-0.028238471750104,0.0398208295793332,0.0119325119888773));
#5348=CARTESIAN_POINT('',(-0.0288620606335534,0.0362618201137552,0.00999967645785642));
#5349=CARTESIAN_POINT('',(-0.0290908941039409,0.0327557629706983,0.00846196659183396));
#5350=CARTESIAN_POINT('',(-0.0289501972457556,0.0289368765221909,0.00715737728871754));
#5351=CARTESIAN_POINT('',(-0.0283467316959551,0.0249759804331769,0.00609469399355525));
#5352=CARTESIAN_POINT('',(-0.0272439944703697,0.0212532706843008,0.00529883442634579));
#5353=CARTESIAN_POINT('',(-0.0257513090257158,0.0180868149008059,0.00474570993362323));
#5354=CARTESIAN_POINT('',(-0.0241618770182504,0.0156755212050445,0.00438973182330473));
#5355=CARTESIAN_POINT('',(-0.0225328394929044,0.0137629100207278,0.00415706914978243));
#5356=CARTESIAN_POINT('',(-0.0209156354965177,0.0121465159695394,0.00394404572904403));
#5357=CARTESIAN_POINT('',(-0.0193688175415908,0.0107182344242007,0.0036382853904384));
#5358=CARTESIAN_POINT('',(-0.0178194078212433,0.00931642689151591,0.00313276282159595));
#5359=CARTESIAN_POINT('',(-0.0169123709146369,0.00847149742014004,0.00261907701606371));
#5360=CARTESIAN_POINT('',(-0.0164473057035921,0.00800658474859615,0.00223927019682639));
#5361=CARTESIAN_POINT('',(-0.000234026233886801,0.0610032454671696,0.07375));
#5362=CARTESIAN_POINT('',(-0.000235579348618384,0.0610006945374681,0.0658937915805985));
#5363=CARTESIAN_POINT('',(-0.0035684560858238,0.0612259346127701,0.0546198652285806));
#5364=CARTESIAN_POINT('',(-0.0104252594407731,0.0592087765771245,0.0411405499454682));
#5365=CARTESIAN_POINT('',(-0.0148227547356571,0.0570449262234162,0.0337270677253795));
#5366=CARTESIAN_POINT('',(-0.0186034453681043,0.0544416986027441,0.0277977392265539));
#5367=CARTESIAN_POINT('',(-0.0219787763002871,0.0513821808829614,0.0226731328624416));
#5368=CARTESIAN_POINT('',(-0.0248611102052381,0.0476711836279422,0.0181489828105082));
#5369=CARTESIAN_POINT('',(-0.0269192998966738,0.043621018126898,0.0145226405542488));
#5370=CARTESIAN_POINT('',(-0.0281097951861851,0.0398207546450868,0.0119270590550155));
#5371=CARTESIAN_POINT('',(-0.0287304368827053,0.0362710573594227,0.0100007993005666));
#5372=CARTESIAN_POINT('',(-0.0289560680971734,0.0327752943661812,0.00847241786185758));
#5373=CARTESIAN_POINT('',(-0.0288115681054928,0.0289696811814456,0.00718266357457391));
#5374=CARTESIAN_POINT('',(-0.0282079332271579,0.0250258697135975,0.00613735623882994));
#5375=CARTESIAN_POINT('',(-0.0271117254522475,0.0213209249410494,0.00535352456399607));
#5376=CARTESIAN_POINT('',(-0.0256307007023853,0.0181680424249686,0.00480199308619731));
#5377=CARTESIAN_POINT('',(-0.0240542854035723,0.0157630459933358,0.00443916123376653));
#5378=CARTESIAN_POINT('',(-0.0224381897840155,0.0138499631056945,0.00419466652621355));
#5379=CARTESIAN_POINT('',(-0.020832737435772,0.0122284852430922,0.00396901519250932));
#5380=CARTESIAN_POINT('',(-0.0192954145093729,0.0107934012118972,0.00365304193183995));
#5381=CARTESIAN_POINT('',(-0.0177527985336269,0.00938436763024911,0.00313978949541953));
#5382=CARTESIAN_POINT('',(-0.0168470008723342,0.00853580236446628,0.00262324235460072));
#5383=CARTESIAN_POINT('',(-0.0163810752667362,0.00807001352941763,0.00224270151068592));
#5384=CARTESIAN_POINT('',(-0.00011618980109014,0.0610007276330952,0.07375));
#5385=CARTESIAN_POINT('',(-0.00011776349034362,0.0609980534638866,0.065896576433619));
#5386=CARTESIAN_POINT('',(-0.00346155814212599,0.0612154724278767,0.054626229344235));
#5387=CARTESIAN_POINT('',(-0.0103285045462416,0.0591890641527055,0.041143756610078));
#5388=CARTESIAN_POINT('',(-0.0147295494082642,0.0570220662062765,0.0337273868632029));
#5389=CARTESIAN_POINT('',(-0.0185104838615598,0.0544193243744366,0.0277948269108897));
#5390=CARTESIAN_POINT('',(-0.0218830900841623,0.0513628865933635,0.0226660293746068));
#5391=CARTESIAN_POINT('',(-0.0247616292842076,0.0476571528220332,0.0181387947322813));
#5392=CARTESIAN_POINT('',(-0.0268165030007744,0.0436138327149536,0.0145126556977729));
#5393=CARTESIAN_POINT('',(-0.0280047190027546,0.0398207978794526,0.0119204286090773));
#5394=CARTESIAN_POINT('',(-0.02862376065999,0.0362786028566443,0.00999991505723692));
#5395=CARTESIAN_POINT('',(-0.0288482078952267,0.0327909329675122,0.00847950857568651));
#5396=CARTESIAN_POINT('',(-0.0287027196688978,0.0289954667231293,0.00720196743665195));
#5397=CARTESIAN_POINT('',(-0.0281002768936401,0.0250645716948497,0.00617046987385511));
#5398=CARTESIAN_POINT('',(-0.0270091653423916,0.0213732245176755,0.00539611058458284));
#5399=CARTESIAN_POINT('',(-0.0255364410690211,0.0182313679904205,0.00484586007548614));
#5400=CARTESIAN_POINT('',(-0.0239689700152617,0.0158326206327195,0.00447769263660213));
#5401=CARTESIAN_POINT('',(-0.0223613672785309,0.013921759559499,0.00422396719512874));
#5402=CARTESIAN_POINT('',(-0.0207628976093202,0.0122999288454766,0.00398832973955507));
#5403=CARTESIAN_POINT('',(-0.0192302322665658,0.0108635560266284,0.00366390144479054));
#5404=CARTESIAN_POINT('',(-0.0176897414182224,0.00945254366378698,0.00314369812655964));
#5405=CARTESIAN_POINT('',(-0.0167831216322983,0.00860202678790115,0.00262419542636262));
#5406=CARTESIAN_POINT('',(-0.0163160364869374,0.00813505998890215,0.00224269210503018));
#5407=CARTESIAN_POINT('',(1.03999159881637E-6,0.0609995940352639,0.07375));
#5408=CARTESIAN_POINT('',(-5.35681541989818E-7,0.060996821241125,0.0658991050638685));
#5409=CARTESIAN_POINT('',(-0.0033554928654636,0.0612059851559388,0.0546319994091966));
#5410=CARTESIAN_POINT('',(-0.0102336715117306,0.059170502408271,0.0411468256901419));
#5411=CARTESIAN_POINT('',(-0.0146381625789587,0.0570003633819338,0.0337274608616383));
#5412=CARTESIAN_POINT('',(-0.0184181546449407,0.0543974883682652,0.0277911850619634));
#5413=CARTESIAN_POINT('',(-0.0217855552830625,0.0513430880560708,0.0226574301390758));
#5414=CARTESIAN_POINT('',(-0.0246572393318807,0.0476418931255302,0.0181264659272987));
#5415=CARTESIAN_POINT('',(-0.0267068115680256,0.0436055002026984,0.0145004847952819));
#5416=CARTESIAN_POINT('',(-0.0278929315593819,0.0398202258396384,0.0119121249407173));
#5417=CARTESIAN_POINT('',(-0.0285125406867381,0.0362860415910355,0.00999800974551612));
#5418=CARTESIAN_POINT('',(-0.0287396433434639,0.0328067115635218,0.00848601576270897));
#5419=CARTESIAN_POINT('',(-0.0285989831351898,0.0290211047028104,0.00722010632481463));
#5420=CARTESIAN_POINT('',(-0.0280017940414719,0.0251018260100559,0.00620059122933635));
#5421=CARTESIAN_POINT('',(-0.0269159657827406,0.0214224308492109,0.00543455932969119));
#5422=CARTESIAN_POINT('',(-0.0254489528814822,0.0182910400297858,0.00488614071427947));
#5423=CARTESIAN_POINT('',(-0.0238862073424177,0.0159000750502499,0.00451441290101583));
#5424=CARTESIAN_POINT('',(-0.0222816986401486,0.0139959787244411,0.00425377592045106));
#5425=CARTESIAN_POINT('',(-0.0206840111275472,0.0123808014737841,0.00400990192544289));
#5426=CARTESIAN_POINT('',(-0.0191495682817434,0.0109508305305422,0.00367729346899261));
#5427=CARTESIAN_POINT('',(-0.0176049402546767,0.00954474624652468,0.00314913573480009));
#5428=CARTESIAN_POINT('',(-0.0166945785648956,0.00869419304132209,0.00262566416736596));
#5429=CARTESIAN_POINT('',(-0.016225690714052,0.00822540388735176,0.00224269440073586));
#5430=CARTESIAN_POINT('',(0.000204178142538144,0.0610011911375279,0.0737500000000001));
#5431=CARTESIAN_POINT('',(0.000202598664626312,0.0609982284360379,0.0659029708047086));
#5432=CARTESIAN_POINT('',(-0.00317201566258301,0.0611922745449985,0.0546407838377466));
#5433=CARTESIAN_POINT('',(-0.0100689992061266,0.0591397012367074,0.0411499790897529));
#5434=CARTESIAN_POINT('',(-0.0144791303222545,0.0569634783556402,0.0337252240441341));
#5435=CARTESIAN_POINT('',(-0.0182575348862841,0.054360374527071,0.02778272015886));
#5436=CARTESIAN_POINT('',(-0.0216164597893393,0.0513100559360033,0.0226408838992941));
#5437=CARTESIAN_POINT('',(-0.024477210306271,0.0476172680907273,0.0181039508439037));
#5438=CARTESIAN_POINT('',(-0.0265183592225824,0.0435929329222608,0.014478384487556));
#5439=CARTESIAN_POINT('',(-0.0277008968958845,0.039820752492969,0.0118965091099904));
#5440=CARTESIAN_POINT('',(-0.0283208221544638,0.0362999432287529,0.00999312801567334));
#5441=CARTESIAN_POINT('',(-0.0285512636898698,0.0328345387939293,0.00849539999068138));
#5442=CARTESIAN_POINT('',(-0.0284171135782046,0.0290654912292554,0.00724968594636007));
#5443=CARTESIAN_POINT('',(-0.027827878995926,0.0251663354605299,0.00625150450471857));
#5444=CARTESIAN_POINT('',(-0.0267512545384619,0.0215082836729381,0.00550035648680148));
#5445=CARTESIAN_POINT('',(-0.0252947699124681,0.018395810968906,0.00495511992686635));
#5446=CARTESIAN_POINT('',(-0.0237410501621937,0.0160186175378741,0.00457690314085437));
#5447=CARTESIAN_POINT('',(-0.0221428653431863,0.0141255125880669,0.00430382173072445));
#5448=CARTESIAN_POINT('',(-0.0205477491683287,0.0125200592516617,0.00404537446807574));
#5449=CARTESIAN_POINT('',(-0.0190119262047658,0.0110987315734296,0.00369879181481859));
#5450=CARTESIAN_POINT('',(-0.0174622886105794,0.00969871435291889,0.00315759182451827));
#5451=CARTESIAN_POINT('',(-0.0165467840021095,0.00884746683505041,0.00262788694674665));
#5452=CARTESIAN_POINT('',(-0.0160751713225078,0.00837592444142843,0.00224269297693012));
#5453=CARTESIAN_POINT('',(0.000602876696157923,0.061018251244935,0.0737499999999999));
#5454=CARTESIAN_POINT('',(0.000601323245289234,0.0610148990714665,0.0659084406667478));
#5455=CARTESIAN_POINT('',(-0.00281350858123102,0.0611758124966678,0.0546531117891347));
#5456=CARTESIAN_POINT('',(-0.009747461831162,0.0590856135410841,0.0411490295692844));
#5457=CARTESIAN_POINT('',(-0.0141675138871101,0.0568954036064621,0.0337128237640844));
#5458=CARTESIAN_POINT('',(-0.0179408741518624,0.0542907426655138,0.0277578445608469));
#5459=CARTESIAN_POINT('',(-0.0212804577332582,0.0512483121954106,0.0226003213877784));
#5460=CARTESIAN_POINT('',(-0.0241172380333928,0.0475724454851569,0.018052032081233));
#5461=CARTESIAN_POINT('',(-0.0261406706487964,0.0435721165186621,0.0144276388936201));
#5462=CARTESIAN_POINT('',(-0.0273166212823144,0.0398255128667,0.0118587572793784));
#5463=CARTESIAN_POINT('',(-0.0279389060057101,0.0363303218589798,0.00997655807110693));
#5464=CARTESIAN_POINT('',(-0.0281787592961239,0.0328911002076388,0.00850671895507169));
#5465=CARTESIAN_POINT('',(-0.0280619275842139,0.0291524654870697,0.00729986333474991));
#5466=CARTESIAN_POINT('',(-0.0274919515749018,0.0252905321948623,0.00634221217553859));
#5467=CARTESIAN_POINT('',(-0.0264338384348822,0.0216735089084892,0.00561974493600494));
#5468=CARTESIAN_POINT('',(-0.0249952944295768,0.0185997478897063,0.00508180267274071));
#5469=CARTESIAN_POINT('',(-0.0234543043614268,0.0162533358104459,0.00469298427836355));
#5470=CARTESIAN_POINT('',(-0.0218618854031104,0.0143876807273076,0.00439803612544413));
#5471=CARTESIAN_POINT('',(-0.0202646458711322,0.0128081440636358,0.00411304008022542));
#5472=CARTESIAN_POINT('',(-0.0187200643018731,0.0114098164000548,0.00374012331465602));
#5473=CARTESIAN_POINT('',(-0.0171561844699377,0.0100263773413371,0.00317388966053814));
#5474=CARTESIAN_POINT('',(-0.016229512674799,0.0091752767589692,0.00263216297826637));
#5475=CARTESIAN_POINT('',(-0.0157526517073143,0.00869844322728256,0.00224269399265928));
#5476=CARTESIAN_POINT('',(0.00115263550487602,0.0610795668620212,0.07375));
#5477=CARTESIAN_POINT('',(0.00115124980896726,0.0610756356672844,0.0659098111055551));
#5478=CARTESIAN_POINT('',(-0.00232483541401138,0.0611815002931558,0.0546566049897673));
#5479=CARTESIAN_POINT('',(-0.00931027761361404,0.0590285090250136,0.0411281423017606));
#5480=CARTESIAN_POINT('',(-0.0137410940355065,0.0568134747851427,0.0336737213570313));
#5481=CARTESIAN_POINT('',(-0.0175034067482842,0.0542041657100528,0.027701187915063));
#5482=CARTESIAN_POINT('',(-0.0208115231594163,0.0511732309896486,0.022523207361575));
#5483=CARTESIAN_POINT('',(-0.0236118028758037,0.0475224362417078,0.0179609354624535));
#5484=CARTESIAN_POINT('',(-0.0256098641832384,0.0435557916662133,0.0143392164677369));
#5485=CARTESIAN_POINT('',(-0.0267777334576916,0.0398432495528551,0.011788386724715));
#5486=CARTESIAN_POINT('',(-0.0274054506479311,0.0363807984206321,0.00993490867952844));
#5487=CARTESIAN_POINT('',(-0.0276614897227501,0.0329739783004809,0.00850265057965634));
#5488=CARTESIAN_POINT('',(-0.0275739644442354,0.0292715464829036,0.00734786908529185));
#5489=CARTESIAN_POINT('',(-0.0270355277361283,0.0254557729638532,0.00644451405083003));
#5490=CARTESIAN_POINT('',(-0.0260035440248997,0.0218945639953755,0.00576143547204776));
#5491=CARTESIAN_POINT('',(-0.024584597610887,0.0188791580956468,0.00523588256157002));
#5492=CARTESIAN_POINT('',(-0.0230514857546352,0.0165840052668979,0.00483637933679531));
#5493=CARTESIAN_POINT('',(-0.021454253173373,0.0147675415491262,0.00451565116972785));
#5494=CARTESIAN_POINT('',(-0.0198411831071662,0.0132348916092036,0.00419773005061488));
#5495=CARTESIAN_POINT('',(-0.0182749813924036,0.0118766800013403,0.00379149580462036));
#5496=CARTESIAN_POINT('',(-0.016685856202173,0.0105220540461386,0.00319376818702764));
#5497=CARTESIAN_POINT('',(-0.0157437014513463,0.00967361511815389,0.0026372501753327));
#5498=CARTESIAN_POINT('',(-0.0152605928788295,0.00919050252134779,0.00224269342244209));
#5499=CARTESIAN_POINT('',(0.00177906061628609,0.0612050761679681,0.07375));
#5500=CARTESIAN_POINT('',(0.00177799462379172,0.0612004735433704,0.0659033801761083));
#5501=CARTESIAN_POINT('',(-0.00177372078134698,0.0612298687039175,0.0546421012496487));
#5502=CARTESIAN_POINT('',(-0.0088200761646245,0.0589899613320957,0.0410774710056344));
#5503=CARTESIAN_POINT('',(-0.0132601942253096,0.0567389762885664,0.0335985038991497));
#5504=CARTESIAN_POINT('',(-0.0170043485533319,0.0541199999650136,0.0276043097761196));
#5505=CARTESIAN_POINT('',(-0.0202692807498084,0.0511015270593098,0.0224031963957806));
#5506=CARTESIAN_POINT('',(-0.0230224631434005,0.0474805499724737,0.0178264157150078));
#5507=CARTESIAN_POINT('',(-0.024990018847126,0.0435528117343068,0.014209214808917));
#5508=CARTESIAN_POINT('',(-0.0261504647561614,0.0398778272025007,0.011679766779493));
#5509=CARTESIAN_POINT('',(-0.0267884406444793,0.036449826290706,0.00985917930689783));
#5510=CARTESIAN_POINT('',(-0.0270689910391862,0.0330756788613854,0.00846937499763579));
#5511=CARTESIAN_POINT('',(-0.0270249028820131,0.0294074648008151,0.00737237835547092));
#5512=CARTESIAN_POINT('',(-0.0265311887203223,0.0256368217237732,0.00652819338237797));
#5513=CARTESIAN_POINT('',(-0.0255287531644299,0.0221369103121218,0.00588909618761464));
#5514=CARTESIAN_POINT('',(-0.024121181116049,0.0191944707931517,0.00538130460448861));
#5515=CARTESIAN_POINT('',(-0.0225796211650771,0.0169709554861944,0.00497574802715672));
#5516=CARTESIAN_POINT('',(-0.0209565029303166,0.0152281312657019,0.0046320886620841));
#5517=CARTESIAN_POINT('',(-0.0193062101131211,0.0137668302544196,0.00428218031352315));
#5518=CARTESIAN_POINT('',(-0.0177007054385739,0.0124689283464392,0.00384262452722353));
#5519=CARTESIAN_POINT('',(-0.0160728280818207,0.0111587093212161,0.00321331189298586));
#5520=CARTESIAN_POINT('',(-0.0151114772385794,0.0103178414852332,0.00264212695495651));
#5521=CARTESIAN_POINT('',(-0.0146223747218134,0.009828720525443,0.00224269360973107));
#5522=CARTESIAN_POINT('',(0.00257774527047664,0.0614353427288205,0.07375));
#5523=CARTESIAN_POINT('',(0.0025773321363284,0.0614299651885211,0.0658847747867208));
#5524=CARTESIAN_POINT('',(-0.00107699353046649,0.0613442600779305,0.0545992450017806));
#5525=CARTESIAN_POINT('',(-0.00820327601221531,0.0589737642304275,0.0409782455587372));
#5526=CARTESIAN_POINT('',(-0.0126510762453788,0.0566672278483282,0.0334630812369676));
#5527=CARTESIAN_POINT('',(-0.0163654238698217,0.0540302812677263,0.0274391250716853));
#5528=CARTESIAN_POINT('',(-0.0195673358632166,0.0510265716650822,0.0222089014957855));
#5529=CARTESIAN_POINT('',(-0.0222548836973436,0.0474446220574571,0.0176157183171401));
#5530=CARTESIAN_POINT('',(-0.0241821322907394,0.0435667979095331,0.0140064128601309));
#5531=CARTESIAN_POINT('',(-0.0253350446491015,0.0399382935772694,0.0115054437133688));
#5532=CARTESIAN_POINT('',(-0.0259901902775002,0.0365512839453517,0.00972715330829695));
#5533=CARTESIAN_POINT('',(-0.026307978083032,0.0332145873307418,0.00839122727313167));
#5534=CARTESIAN_POINT('',(-0.0263293690858432,0.0295830260327713,0.00736659799446567));
#5535=CARTESIAN_POINT('',(-0.0259022898686162,0.0258619071853763,0.00659542135588185));
#5536=CARTESIAN_POINT('',(-0.0249371728096428,0.0224370554656489,0.00601135837080763));
#5537=CARTESIAN_POINT('',(-0.0235307073252925,0.019594688617533,0.00553013904915207));
#5538=CARTESIAN_POINT('',(-0.0219588329553301,0.0174772412458251,0.00512334776022987));
#5539=CARTESIAN_POINT('',(-0.0202816177085658,0.0158468533198274,0.00475742049326566));
#5540=CARTESIAN_POINT('',(-0.0185649347282476,0.014494833004637,0.00437346655076822));
#5541=CARTESIAN_POINT('',(-0.0168948219487473,0.0132887955891032,0.00389774361043711));
#5542=CARTESIAN_POINT('',(-0.0152075738361677,0.0120474968565066,0.00323413350476586));
#5543=CARTESIAN_POINT('',(-0.0142203613651193,0.0112213957245388,0.00264718351074628));
#5544=CARTESIAN_POINT('',(-0.0137250409131722,0.0107260544047334,0.00224269352320398));
#5545=CARTESIAN_POINT('',(0.00350313357489875,0.0618327144711837,0.07375));
#5546=CARTESIAN_POINT('',(0.00350399892192464,0.0618267863352734,0.0658452532961915));
#5547=CARTESIAN_POINT('',(-0.000277569682424407,0.061575313714307,0.0545074413388094));
#5548=CARTESIAN_POINT('',(-0.00750403531707222,0.0590192329994883,0.0408050407019756));
#5549=CARTESIAN_POINT('',(-0.0119530856838704,0.0566311957266054,0.0332370110908282));
#5550=CARTESIAN_POINT('',(-0.0156196005776955,0.053960575048372,0.0271711798589989));
#5551=CARTESIAN_POINT('',(-0.0187332221672486,0.0509676454204748,0.0219047710141014));
#5552=CARTESIAN_POINT('',(-0.0213355567862176,0.0474292898593334,0.0172952710710429));
#5553=CARTESIAN_POINT('',(-0.0232151074452868,0.04360882593401,0.013699669481615));
#5554=CARTESIAN_POINT('',(-0.0243634699624331,0.0400329965086383,0.0112352225114757));
#5555=CARTESIAN_POINT('',(-0.0250452729263515,0.0366911809631253,0.00950781799072281));
#5556=CARTESIAN_POINT('',(-0.0254150040477259,0.033394698478754,0.00823488429591181));
#5557=CARTESIAN_POINT('',(-0.0255261349102563,0.0297994263287469,0.00729276633760109));
#5558=CARTESIAN_POINT('',(-0.0251898194998996,0.0261258739140376,0.00660317378229815));
#5559=CARTESIAN_POINT('',(-0.024265518108197,0.0227817135537159,0.00608103110329527));
#5560=CARTESIAN_POINT('',(-0.0228331949499749,0.0200648599762144,0.00563640213283343));
#5561=CARTESIAN_POINT('',(-0.0211915910837045,0.0180938504917282,0.00523865640840955));
#5562=CARTESIAN_POINT('',(-0.0194186407493454,0.0166229029469779,0.00485916124686074));
#5563=CARTESIAN_POINT('',(-0.0175974729193153,0.0154265450018421,0.00444861968299891));
#5564=CARTESIAN_POINT('',(-0.0158314883717312,0.0143509603676149,0.00394311926107693));
#5565=CARTESIAN_POINT('',(-0.0140609586909568,0.0132096972567045,0.00325094762360762));
#5566=CARTESIAN_POINT('',(-0.0130419298078584,0.0124092417279085,0.00265101307864418));
#5567=CARTESIAN_POINT('',(-0.0125418943243606,0.0119092008018232,0.00224269375801416));
#5568=CARTESIAN_POINT('',(0.00435906732908962,0.0623717970103117,0.07375));
#5569=CARTESIAN_POINT('',(0.00436138817204033,0.0623659547686734,0.0657835395446458));
#5570=CARTESIAN_POINT('',(0.000466671048013948,0.0619266076600025,0.0543596935525376));
#5571=CARTESIAN_POINT('',(-0.00685577163958497,0.0591494301483585,0.0405578942408835));
#5572=CARTESIAN_POINT('',(-0.0113020471947145,0.0566624287110586,0.0329287473687452));
#5573=CARTESIAN_POINT('',(-0.0149179056535108,0.0539416327342323,0.0268163921056073));
#5574=CARTESIAN_POINT('',(-0.0179438239494034,0.0509439376199628,0.0215152741923573));
#5575=CARTESIAN_POINT('',(-0.0204644574163471,0.047435832836022,0.0168952643372909));
#5576=CARTESIAN_POINT('',(-0.0223000288115485,0.043663966457924,0.0133185597791359));
#5577=CARTESIAN_POINT('',(-0.0234453712454715,0.0401370202469512,0.0108927447881656));
#5578=CARTESIAN_POINT('',(-0.024152863249057,0.0368398709545016,0.00921526016069939));
#5579=CARTESIAN_POINT('',(-0.0245711872772975,0.0335858295390945,0.00800192959451318));
#5580=CARTESIAN_POINT('',(-0.024765369758005,0.0300308083788597,0.00713544542580857));
#5581=CARTESIAN_POINT('',(-0.0245105323646622,0.0264026421750066,0.0065208887548344));
#5582=CARTESIAN_POINT('',(-0.0236128554197082,0.0231296471261204,0.00605677672165952));
#5583=CARTESIAN_POINT('',(-0.0221337226898554,0.0205315252303295,0.00564957991349817));
#5584=CARTESIAN_POINT('',(-0.0204074519675398,0.0187067684976391,0.00526933001934291));
#5585=CARTESIAN_POINT('',(-0.0185314904371237,0.0173957467470699,0.00489189242417109));
#5586=CARTESIAN_POINT('',(-0.0166049623654968,0.0163564969633595,0.00447462727216915));
#5587=CARTESIAN_POINT('',(-0.0147449501108349,0.0154125162394828,0.00395901506998828));
#5588=CARTESIAN_POINT('',(-0.0128955972826191,0.014374118676516,0.00325643388353816));
#5589=CARTESIAN_POINT('',(-0.0118497557538088,0.0136035001462824,0.00265186101989046));
#5590=CARTESIAN_POINT('',(-0.0113486677923154,0.0131024279190995,0.00224269304125531));
#5591=CARTESIAN_POINT('',(0.00499887013955094,0.0628971418683011,0.0737500000000001));
#5592=CARTESIAN_POINT('',(0.00500239833443373,0.0628918736761366,0.0657208698218957));
#5593=CARTESIAN_POINT('',(0.00102999439194798,0.0622921742109003,0.0542069161312511));
#5594=CARTESIAN_POINT('',(-0.00636907550186892,0.0593135345201498,0.0403155459761969));
#5595=CARTESIAN_POINT('',(-0.0108148437890627,0.0567351411512957,0.0326320061931282));
#5596=CARTESIAN_POINT('',(-0.0143923080655213,0.0539608928258009,0.026477225673345));
#5597=CARTESIAN_POINT('',(-0.0173524988470731,0.0509439692029899,0.0211466642122688));
#5598=CARTESIAN_POINT('',(-0.019813983240414,0.0474460955709263,0.0165209385343739));
#5599=CARTESIAN_POINT('',(-0.0216195510971512,0.0437050296465686,0.012963565664234));
#5600=CARTESIAN_POINT('',(-0.0227632532440131,0.0402157431782588,0.0105714526052162));
#5601=CARTESIAN_POINT('',(-0.0234872143279182,0.036957513052417,0.00893416565984574));
#5602=CARTESIAN_POINT('',(-0.0239354364861674,0.0337444873950342,0.00776629203256661));
#5603=CARTESIAN_POINT('',(-0.0241789215729283,0.0302324501275725,0.00695419681992048));
#5604=CARTESIAN_POINT('',(-0.0239675853369857,0.0266479217423997,0.00639323782264206));
#5605=CARTESIAN_POINT('',(-0.0230762476700037,0.0234318139224534,0.00597382641007539));
#5606=CARTESIAN_POINT('',(-0.0215559760659011,0.0209187023017132,0.00559883364686409));
#5607=CARTESIAN_POINT('',(-0.0197648548944187,0.0191976008055342,0.00523846410327568));
#5608=CARTESIAN_POINT('',(-0.0178140459110076,0.0180005267987637,0.00487257012869427));
#5609=CARTESIAN_POINT('',(-0.0158150331167416,0.0170756249329079,0.00446253329332312));
#5610=CARTESIAN_POINT('',(-0.0138919856611691,0.0162279092317639,0.00395173391143111));
#5611=CARTESIAN_POINT('',(-0.011991509091919,0.0152658662620671,0.00325302243259179));
#5612=CARTESIAN_POINT('',(-0.0109303491978693,0.014519429195067,0.00265045044851867));
#5613=CARTESIAN_POINT('',(-0.0104309904647056,0.0140201040742338,0.00224269447723867));
#5614=CARTESIAN_POINT('',(0.0054602746300977,0.063344368861362,0.07375));
#5615=CARTESIAN_POINT('',(0.00546459068219711,0.0633396797724376,0.0656661779334531));
#5616=CARTESIAN_POINT('',(0.00144403810047161,0.062617900869566,0.0540715172547246));
#5617=CARTESIAN_POINT('',(-0.00601004096985893,0.0594723530848249,0.0401055145934231));
#5618=CARTESIAN_POINT('',(-0.010459161351871,0.0568162200778298,0.0323797422527674));
#5619=CARTESIAN_POINT('',(-0.0140130986394784,0.0539932117109812,0.0261918751280387));
#5620=CARTESIAN_POINT('',(-0.0169303514600399,0.0509518715066011,0.0208389851678033));
#5621=CARTESIAN_POINT('',(-0.0193527909224524,0.0474525607597617,0.0162102545030474));
#5622=CARTESIAN_POINT('',(-0.0211386910996083,0.0437295809759067,0.0126693880139392));
#5623=CARTESIAN_POINT('',(-0.0222802456078566,0.0402681280789244,0.0103039759560017));
#5624=CARTESIAN_POINT('',(-0.0230121325357675,0.0370419669807638,0.00869698589058212));
#5625=CARTESIAN_POINT('',(-0.0234749729068719,0.0338652812240578,0.00756195238966558));
#5626=CARTESIAN_POINT('',(-0.0237419840991346,0.0303941259201068,0.00678708069265806));
#5627=CARTESIAN_POINT('',(-0.0235475291343726,0.0268502906065996,0.00626254129422179));
#5628=CARTESIAN_POINT('',(-0.0226515535616951,0.0236810409197801,0.00587651546828575));
#5629=CARTESIAN_POINT('',(-0.0211015770591251,0.0212273733157944,0.00552867858264987));
#5630=CARTESIAN_POINT('',(-0.0192680786599977,0.019573643825586,0.00518725984575141));
#5631=CARTESIAN_POINT('',(-0.0172698113646113,0.0184494786525708,0.00483516358223923));
#5632=CARTESIAN_POINT('',(-0.0152268611019623,0.0175993933217156,0.00443662019110294));
#5633=CARTESIAN_POINT('',(-0.0132665652713908,0.0168155026235275,0.00393584853659294));
#5634=CARTESIAN_POINT('',(-0.0113369350568003,0.0159049181778216,0.00324631405021026));
#5635=CARTESIAN_POINT('',(-0.0102684176674322,0.0151759870533502,0.00264826134205197));
#5636=CARTESIAN_POINT('',(-0.00977174215127511,0.0146793559641173,0.00224269009699628));
#5637=CARTESIAN_POINT('',(0.0058214219880649,0.0637608717150809,0.07375));
#5638=CARTESIAN_POINT('',(0.00582633440920106,0.0637567812104208,0.0656145777774872));
#5639=CARTESIAN_POINT('',(0.0017754483191389,0.0629334473616208,0.0539420761128891));
#5640=CARTESIAN_POINT('',(-0.00572079907022614,0.0596367976369458,0.039907319817641));
#5641=CARTESIAN_POINT('',(-0.010176370605607,0.0569075910006751,0.0321452934341736));
#5642=CARTESIAN_POINT('',(-0.0137171408822847,0.0540357426769827,0.0259291507563852));
#5643=CARTESIAN_POINT('',(-0.016606505829985,0.0509642924713455,0.0205576256772294));
#5644=CARTESIAN_POINT('',(-0.0190024566949979,0.0474546804041131,0.0159276244476563));
#5645=CARTESIAN_POINT('',(-0.02077472829458,0.0437417218527498,0.0124025692329871));
#5646=CARTESIAN_POINT('',(-0.0219131613583425,0.0403032751765273,0.0100609514934153));
#5647=CARTESIAN_POINT('',(-0.0226468921434617,0.0371071761830972,0.0084793699245622));
#5648=CARTESIAN_POINT('',(-0.0231140855809056,0.0339670181504376,0.00737028589965347));
#5649=CARTESIAN_POINT('',(-0.0233879804252492,0.0305391325765068,0.00662225180269053));
#5650=CARTESIAN_POINT('',(-0.0231927112398839,0.0270364326920332,0.00612281935038963));
#5651=CARTESIAN_POINT('',(-0.022282542895723,0.0239090223856935,0.00576299989097087));
#5652=CARTESIAN_POINT('',(-0.0207068378979148,0.0214998810738343,0.00544034844025928));
#5653=CARTESIAN_POINT('',(-0.0188431340277709,0.0198912302606174,0.00511878596466117));
#5654=CARTESIAN_POINT('',(-0.0168136507204963,0.0188141788219033,0.00478297037656969));
#5655=CARTESIAN_POINT('',(-0.014744789277298,0.018014932750232,0.0043992446882358));
#5656=CARTESIAN_POINT('',(-0.0127639369117196,0.0172759696860392,0.00391258306035553));
#5657=CARTESIAN_POINT('',(-0.0108195745990975,0.0164027859487289,0.00323661983032779));
#5658=CARTESIAN_POINT('',(-0.00974913526310572,0.0156879265083109,0.00264529754078845));
#5659=CARTESIAN_POINT('',(-0.009256123544779,0.0151949633819008,0.00224270380031463));
#5660=CARTESIAN_POINT('',(0.00609539945900847,0.0641249280885469,0.07375));
#5661=CARTESIAN_POINT('',(0.00610071795263453,0.0641213749798759,0.0655686048617589));
#5662=CARTESIAN_POINT('',(0.00203211936590458,0.0632178271320693,0.0538262311378357));
#5663=CARTESIAN_POINT('',(-0.00549422414144493,0.0597920339056511,0.0397311324970574));
#5664=CARTESIAN_POINT('',(-0.00995721365408721,0.0569977969730356,0.0319393628618383));
#5665=CARTESIAN_POINT('',(-0.0134923817382697,0.0540805625462238,0.0257005555541963));
#5666=CARTESIAN_POINT('',(-0.0163657415538723,0.0509779981160939,0.0203142985248093));
#5667=CARTESIAN_POINT('',(-0.0187450179688218,0.0474537274352001,0.0156838486396717));
#5668=CARTESIAN_POINT('',(-0.0205080050193197,0.0437450861165264,0.012172566581904));
#5669=CARTESIAN_POINT('',(-0.0216423437539696,0.0403247601736195,0.00985083312976294));
#5670=CARTESIAN_POINT('',(-0.0223734598425481,0.037154995848736,0.0082894765981542));
#5671=CARTESIAN_POINT('',(-0.0228379613823945,0.0340484019094497,0.00719993813318125));
#5672=CARTESIAN_POINT('',(-0.0231079921041835,0.0306617042556986,0.00647034998732131));
#5673=CARTESIAN_POINT('',(-0.0229019300634299,0.0271977656474305,0.00598765957235627));
#5674=CARTESIAN_POINT('',(-0.0219741343533214,0.024106857644418,0.00564837040690321));
#5675=CARTESIAN_POINT('',(-0.0203783498062334,0.0217306604336106,0.00534844222065812));
#5676=CARTESIAN_POINT('',(-0.0184952094041885,0.0201502796795938,0.0050463330208532));
#5677=CARTESIAN_POINT('',(-0.0164475396243369,0.0191004013262305,0.00472726576714158));
#5678=CARTESIAN_POINT('',(-0.0143658715969339,0.0183325369306153,0.00435879823743974));
#5679=CARTESIAN_POINT('',(-0.0123760363326174,0.0176234320495229,0.00388712777080277));
#5680=CARTESIAN_POINT('',(-0.010426381142416,0.0167764749509718,0.00322609796733984));
#5681=CARTESIAN_POINT('',(-0.00935703101993931,0.0160724661506723,0.00264219097834243));
#5682=CARTESIAN_POINT('',(-0.00886781557535559,0.0155832941782654,0.00224267584313545));
#5683=CARTESIAN_POINT('',(0.00625988194632078,0.0643659812812127,0.07375));
#5684=CARTESIAN_POINT('',(0.00626542646963613,0.0643627852287999,0.0655377722108701));
#5685=CARTESIAN_POINT('',(0.00218858450340702,0.0634097540326422,0.0537484491314562));
#5686=CARTESIAN_POINT('',(-0.0053545429971856,0.0598999678614884,0.0396129794153887));
#5687=CARTESIAN_POINT('',(-0.00982297588953795,0.0570620352411838,0.0318022100004411));
#5688=CARTESIAN_POINT('',(-0.0133570361040786,0.0541133418731089,0.0255494815155859));
#5689=CARTESIAN_POINT('',(-0.0162238296437963,0.0509879491115467,0.0201545535766235));
#5690=CARTESIAN_POINT('',(-0.0185952952706013,0.0474515199826361,0.015524449488629));
#5691=CARTESIAN_POINT('',(-0.0203532919470298,0.0437438648403569,0.0120224239121856));
#5692=CARTESIAN_POINT('',(-0.0214840361701806,0.0403348050738779,0.00971335252321811));
#5693=CARTESIAN_POINT('',(-0.0222112263175599,0.0371826578235233,0.00816421392072494));
#5694=CARTESIAN_POINT('',(-0.022670777899585,0.0340991112155028,0.00708581708772857));
#5695=CARTESIAN_POINT('',(-0.0229335592326961,0.0307411597763857,0.00636574145346526));
#5696=CARTESIAN_POINT('',(-0.0227157005265607,0.0273043367273859,0.00589176694807087));
#5697=CARTESIAN_POINT('',(-0.0217741722202813,0.0242381252188435,0.00556537265105391));
#5698=CARTESIAN_POINT('',(-0.0201666306022351,0.0218816122032274,0.00528115002900729));
#5699=CARTESIAN_POINT('',(-0.0182741073961428,0.0203151058120868,0.0049931643978392));
#5700=CARTESIAN_POINT('',(-0.0162186817984023,0.019276380396483,0.00468655673766717));
#5701=CARTESIAN_POINT('',(-0.0141330404114331,0.0185222734510221,0.00432915428498116));
#5702=CARTESIAN_POINT('',(-0.0121415351651449,0.0178277453572081,0.00386816835803825));
#5703=CARTESIAN_POINT('',(-0.0101923312335331,0.0169949277981677,0.00321799838533682));
#5704=CARTESIAN_POINT('',(-0.00912550816301553,0.016297791816191,0.00263976977179857));
#5705=CARTESIAN_POINT('',(-0.00863936678504008,0.0158116848751861,0.00224274699272293));
#5706=CARTESIAN_POINT('',(0.00637137901056693,0.0645424928803347,0.07375));
#5707=CARTESIAN_POINT('',(0.00637705162814443,0.0645395561196773,0.0655149774251768));
#5708=CARTESIAN_POINT('',(0.00229602699134045,0.0635522574369777,0.0536908977911965));
#5709=CARTESIAN_POINT('',(-0.0052579702037834,0.0599815618750603,0.03952593159847));
#5710=CARTESIAN_POINT('',(-0.00973066496536228,0.0571113583822177,0.0317016442494876));
#5711=CARTESIAN_POINT('',(-0.0132648708214997,0.0541390629781997,0.0254389591227103));
#5712=CARTESIAN_POINT('',(-0.0161280676633008,0.0509960092304536,0.0200375681533031));
#5713=CARTESIAN_POINT('',(-0.0184945274697776,0.0474495711623276,0.0154072924144283));
#5714=CARTESIAN_POINT('',(-0.02024911586554,0.0437416997882407,0.0119116842289444));
#5715=CARTESIAN_POINT('',(-0.0213770470771672,0.0403403433217396,0.00961169258701593));
#5716=CARTESIAN_POINT('',(-0.0221008397297755,0.0372009407200932,0.00807137435836451));
#5717=CARTESIAN_POINT('',(-0.0225559949927749,0.0341344428326481,0.00700099647136375));
#5718=CARTESIAN_POINT('',(-0.0228124570021453,0.0307982117679222,0.00628768060494466));
#5719=CARTESIAN_POINT('',(-0.022585026617615,0.0273816938682746,0.00581957236707854));
#5720=CARTESIAN_POINT('',(-0.0216326420444236,0.0243330432765445,0.00550203990479398));
#5721=CARTESIAN_POINT('',(-0.0200163845565144,0.0219895505581112,0.00522916377090777));
#5722=CARTESIAN_POINT('',(-0.018117759400204,0.0204314578863347,0.00495172199127455));
#5723=CARTESIAN_POINT('',(-0.016058081369706,0.0193992266016231,0.00465461704558101));
#5724=CARTESIAN_POINT('',(-0.0139710900130086,0.0186540707184439,0.00430575951045758));
#5725=CARTESIAN_POINT('',(-0.0119794411643857,0.0179698829442054,0.00385335904330606));
#5726=CARTESIAN_POINT('',(-0.0100308089159406,0.017147107186378,0.00321208116760062));
#5727=CARTESIAN_POINT('',(-0.00896526745717267,0.0164543944725134,0.0026381276688513));
#5728=CARTESIAN_POINT('',(-0.0084810025799904,0.0159701534199308,0.00224261920321644));
#5729=CARTESIAN_POINT('',(0.00643385882974687,0.0646453653854447,0.07375));
#5730=CARTESIAN_POINT('',(0.00643961374958103,0.0646425794774034,0.0655016072037635));
#5731=CARTESIAN_POINT('',(0.00235658242788403,0.0636358877999613,0.0536572266950917));
#5732=CARTESIAN_POINT('',(-0.00520282997409845,0.0600303304563499,0.0394745694882029));
#5733=CARTESIAN_POINT('',(-0.00967794755907642,0.0571410896161067,0.0316424088304329));
#5734=CARTESIAN_POINT('',(-0.0132130789742067,0.0541544760393515,0.0253745285186901));
#5735=CARTESIAN_POINT('',(-0.0160759661320469,0.0510004022641402,0.0199704320423056));
#5736=CARTESIAN_POINT('',(-0.0184412489666858,0.0474474939027247,0.0153410695290287));
#5737=CARTESIAN_POINT('',(-0.0201943970732025,0.0437391278369174,0.0118496881899252));
#5738=CARTESIAN_POINT('',(-0.0213200916539749,0.0403423366112482,0.00955473432945531));
#5739=CARTESIAN_POINT('',(-0.0220407218540377,0.0372106980291998,0.00801868617398443));
#5740=CARTESIAN_POINT('',(-0.0224917336531734,0.034154568223239,0.00695165156454952));
#5741=CARTESIAN_POINT('',(-0.022742110236181,0.0308313514819285,0.00624039086296349));
#5742=CARTESIAN_POINT('',(-0.0225067199916159,0.0274273616041531,0.00577458488966205));
#5743=CARTESIAN_POINT('',(-0.0215475089506435,0.0243901034186884,0.00546249920547196));
#5744=CARTESIAN_POINT('',(-0.019927600855162,0.0220543275600374,0.00519701042315316));
#5745=CARTESIAN_POINT('',(-0.0180273237007418,0.0204995300819399,0.00492653944489211));
#5746=CARTESIAN_POINT('',(-0.0159669386735771,0.0194676610919042,0.00463572009456029));
#5747=CARTESIAN_POINT('',(-0.0138808827365824,0.0187232618421838,0.0042920909481834));
#5748=CARTESIAN_POINT('',(-0.0118912181472118,0.0180412792699029,0.00384426521249183));
#5749=CARTESIAN_POINT('',(-0.00994566506752259,0.0172222814378636,0.00320773914733071));
#5750=CARTESIAN_POINT('',(-0.00888288712677103,0.0165326849347553,0.00263673643066915));
#5751=CARTESIAN_POINT('',(-0.008400587719019,0.0160504010315325,0.00224282404102436));
#5752=CARTESIAN_POINT('',(0.00649513265422659,0.0647491014794623,0.07375));
#5753=CARTESIAN_POINT('',(0.00650101479704211,0.0647464731423709,0.0654881882666107));
#5754=CARTESIAN_POINT('',(0.00241602921389735,0.0637202676891883,0.0536238907346458));
#5755=CARTESIAN_POINT('',(-0.00514722579302642,0.0600809617137324,0.0394220769491687));
#5756=CARTESIAN_POINT('',(-0.00962444826222768,0.0571722358802414,0.0315815124135118));
#5757=CARTESIAN_POINT('',(-0.0131622405526622,0.0541701742374313,0.0253095451700816));
#5758=CARTESIAN_POINT('',(-0.0160290644032529,0.051003735756684,0.0199052871905908));
#5759=CARTESIAN_POINT('',(-0.0183976086535544,0.0474432911942878,0.0152796244661872));
#5760=CARTESIAN_POINT('',(-0.0201506021280164,0.0437339833184366,0.011793987888542));
#5761=CARTESIAN_POINT('',(-0.0212724497944054,0.0403422932844263,0.0095036064098851));
#5762=CARTESIAN_POINT('',(-0.0219869922977145,0.0372193650280339,0.00796976368264311));
#5763=CARTESIAN_POINT('',(-0.0224300304656037,0.0341745080905162,0.00690287159314695));
#5764=CARTESIAN_POINT('',(-0.0226682801254708,0.0308645176464832,0.0061891694878263));
#5765=CARTESIAN_POINT('',(-0.022418732354249,0.0274743691498322,0.00572357990190009));
#5766=CARTESIAN_POINT('',(-0.0214517116892099,0.0244519715890731,0.00541841539786613));
#5767=CARTESIAN_POINT('',(-0.0198321975994168,0.0221254335910805,0.00516223995237496));
#5768=CARTESIAN_POINT('',(-0.0179352276376175,0.0205711390549634,0.00490022707614146));
#5769=CARTESIAN_POINT('',(-0.0158784529699277,0.0195319301561495,0.00461675630343746));
#5770=CARTESIAN_POINT('',(-0.0137974513716071,0.0187771293820967,0.00427819508427358));
#5771=CARTESIAN_POINT('',(-0.0118151895996727,0.0180867665107148,0.00383283723165715));
#5772=CARTESIAN_POINT('',(-0.00988069909847237,0.0172653182199757,0.00319865593732383));
#5773=CARTESIAN_POINT('',(-0.00882701901860508,0.0165804750787014,0.0026314838403761));
#5774=CARTESIAN_POINT('',(-0.00834935945359478,0.0161028239501286,0.00224136089567899));
#5775=CARTESIAN_POINT('',(0.00657037515957355,0.0648820006023474,0.07375));
#5776=CARTESIAN_POINT('',(0.00657638664886278,0.064879576366199,0.0654711323560923));
#5777=CARTESIAN_POINT('',(0.0024895743010456,0.0638286183899325,0.0535816424884754));
#5778=CARTESIAN_POINT('',(-0.00507873709032905,0.0601458313426882,0.0393559721516135));
#5779=CARTESIAN_POINT('',(-0.00955883450145389,0.0572124081167386,0.0315045939338905));
#5780=CARTESIAN_POINT('',(-0.0130996551238429,0.0541909838431992,0.0252264530652221));
#5781=CARTESIAN_POINT('',(-0.0159703727492963,0.0510090530781345,0.0198202876460696));
#5782=CARTESIAN_POINT('',(-0.0183417110077778,0.0474390194472909,0.0151976577434667));
#5783=CARTESIAN_POINT('',(-0.0200939551781521,0.0437283133264007,0.011718483547755));
#5784=CARTESIAN_POINT('',(-0.0212113222903908,0.0403426749177561,0.00943415357364763));
#5785=CARTESIAN_POINT('',(-0.0219190830163409,0.0372302746132848,0.0079042277783829));
#5786=CARTESIAN_POINT('',(-0.0223533041741137,0.0341991828691185,0.006839273839664));
#5787=CARTESIAN_POINT('',(-0.0225781432973317,0.0309056498725671,0.00612502637961835));
#5788=CARTESIAN_POINT('',(-0.0223124603984538,0.0275323016753277,0.00566139076042832));
#5789=CARTESIAN_POINT('',(-0.0213354931937222,0.0245271928278591,0.00536477251389599));
#5790=CARTESIAN_POINT('',(-0.0197148917484919,0.022211777760989,0.00511919570609034));
#5791=CARTESIAN_POINT('',(-0.0178207181790967,0.0206594790459521,0.00486647787296812));
#5792=CARTESIAN_POINT('',(-0.0157678452991579,0.0196144307949192,0.00459099530701053));
#5793=CARTESIAN_POINT('',(-0.0136927203900444,0.0188510015993402,0.0042582724852176));
#5794=CARTESIAN_POINT('',(-0.0117186639660381,0.0181536927707588,0.00381646325162523));
#5795=CARTESIAN_POINT('',(-0.00979589593102918,0.0173305514058131,0.00318564303500301));
#5796=CARTESIAN_POINT('',(-0.00875159196314053,0.0166505544246817,0.00262259054361921));
#5797=CARTESIAN_POINT('',(-0.00827866381930788,0.0161776288694357,0.00223632806992542));
#5798=CARTESIAN_POINT('',(0.00674540383950075,0.0652097618749887,0.07375));
#5799=CARTESIAN_POINT('',(0.0067517004731319,0.0652078512116377,0.0654294987167502));
#5800=CARTESIAN_POINT('',(0.00266217810977188,0.0640965711308159,0.0534792916229885));
#5801=CARTESIAN_POINT('',(-0.00491709146661322,0.0603075385525931,0.0391949955787971));
#5802=CARTESIAN_POINT('',(-0.00940439431010204,0.0573134930338457,0.0313163584002386));
#5803=CARTESIAN_POINT('',(-0.0129538099234484,0.0542441677373917,0.025022067304623));
#5804=CARTESIAN_POINT('',(-0.0158362569332224,0.0510233892076292,0.0196100225019156));
#5805=CARTESIAN_POINT('',(-0.0182162206531257,0.047428658978371,0.0149938831374047));
#5806=CARTESIAN_POINT('',(-0.0199667426407739,0.0437135078899274,0.011530093466187));
#5807=CARTESIAN_POINT('',(-0.0210723110347074,0.0403421683130051,0.00926052799830645));
#5808=CARTESIAN_POINT('',(-0.0217624799084314,0.0372551913600807,0.00774050152456234));
#5809=CARTESIAN_POINT('',(-0.0221739977184498,0.0342573519580276,0.00668089465382665));
#5810=CARTESIAN_POINT('',(-0.0223641036371763,0.0310033899861249,0.00596630469445519));
#5811=CARTESIAN_POINT('',(-0.0220564537147773,0.0276705990332549,0.00550886437566285));
#5812=CARTESIAN_POINT('',(-0.0210538772409792,0.0247076864652557,0.00523400530878887));
#5813=CARTESIAN_POINT('',(-0.0194312162984614,0.0224195607289971,0.0050135325595392));
#5814=CARTESIAN_POINT('',(-0.0175459802017038,0.0208721781150956,0.00478177522135122));
#5815=CARTESIAN_POINT('',(-0.0155057891523676,0.0198125655723498,0.00452378096233745));
#5816=CARTESIAN_POINT('',(-0.0134483024635196,0.0190266957176417,0.00420363817976529));
#5817=CARTESIAN_POINT('',(-0.0114973824645062,0.0183098286791451,0.00376918383602998));
#5818=CARTESIAN_POINT('',(-0.00960631135691529,0.017479297863998,0.00314510047873028));
#5819=CARTESIAN_POINT('',(-0.0085864942000052,0.0168100024759228,0.00259143313637995));
#5820=CARTESIAN_POINT('',(-0.00812523011283836,0.01634873330881,0.00221468593042648));
#5821=CARTESIAN_POINT('',(0.00698561540088772,0.0657340740886685,0.07375));
#5822=CARTESIAN_POINT('',(0.00699218129430225,0.065733008210642,0.0653645419883158));
#5823=CARTESIAN_POINT('',(0.00290532113234634,0.0645284336837948,0.0533218130901921));
#5824=CARTESIAN_POINT('',(-0.00468746988347277,0.0605716365273031,0.038946009080909));
#5825=CARTESIAN_POINT('',(-0.00918724851160304,0.0574819444125524,0.0310222166944764));
#5826=CARTESIAN_POINT('',(-0.0127528703572728,0.0543365087060148,0.0246974108170678));
#5827=CARTESIAN_POINT('',(-0.0156574015138127,0.0510524971264079,0.0192686557313793));
#5828=CARTESIAN_POINT('',(-0.0180527165043225,0.0474153591000554,0.0146558937414568));
#5829=CARTESIAN_POINT('',(-0.0197995718836739,0.0436897104923557,0.0112127246696816));
#5830=CARTESIAN_POINT('',(-0.0208853145099141,0.0403381327816923,0.00896658887468284));
#5831=CARTESIAN_POINT('',(-0.0215473512751095,0.0372886009019679,0.00746559666793032));
#5832=CARTESIAN_POINT('',(-0.021923207635944,0.0343402823770437,0.00642022614405514));
#5833=CARTESIAN_POINT('',(-0.0220582498182883,0.0311456315524236,0.00571357392663594));
#5834=CARTESIAN_POINT('',(-0.0216821246771192,0.0278730475884975,0.00527302586963272));
#5835=CARTESIAN_POINT('',(-0.0206354190610679,0.0249719741973386,0.00503369576197745));
#5836=CARTESIAN_POINT('',(-0.019006918074898,0.0227249402804335,0.00484770392467156));
#5837=CARTESIAN_POINT('',(-0.0171376559186222,0.0211882645266121,0.00464096802851602));
#5838=CARTESIAN_POINT('',(-0.0151239418270675,0.0201133575635513,0.00440179961733827));
#5839=CARTESIAN_POINT('',(-0.0131014631492974,0.0193004514688364,0.00409516079484771));
#5840=CARTESIAN_POINT('',(-0.0111917440851152,0.0185568285618831,0.00366991049068282));
#5841=CARTESIAN_POINT('',(-0.00935156007107144,0.0177111365616239,0.00305474400103132));
#5842=CARTESIAN_POINT('',(-0.00836771880547667,0.0170522430617376,0.00251282216118219));
#5843=CARTESIAN_POINT('',(-0.00792173897185145,0.0166062558402496,0.00214851126207543));
#5844=CARTESIAN_POINT('',(0.00723960339864358,0.066485832874379,0.07375));
#5845=CARTESIAN_POINT('',(0.007246172096592,0.0664859838176623,0.065274889579046));
#5846=CARTESIAN_POINT('',(0.00317718275337808,0.0651549221161148,0.0531078534171737));
#5847=CARTESIAN_POINT('',(-0.00442737975268415,0.0609611039296342,0.0386059513942002));
#5848=CARTESIAN_POINT('',(-0.0089486202237175,0.0577349155847249,0.0306163999718175));
#5849=CARTESIAN_POINT('',(-0.0125454376165852,0.0544786904504127,0.0242420329713761));
#5850=CARTESIAN_POINT('',(-0.0154923759190299,0.0510983290988316,0.0187797154024332));
#5851=CARTESIAN_POINT('',(-0.0179152992283407,0.0473919820119211,0.0141618194427507));
#5852=CARTESIAN_POINT('',(-0.0196543110915325,0.0436446451995316,0.0107404819815476));
#5853=CARTESIAN_POINT('',(-0.0207074960965533,0.0403170183189219,0.00852531667411209));
#5854=CARTESIAN_POINT('',(-0.0213264243327541,0.0373169645800813,0.007054958695514));
#5855=CARTESIAN_POINT('',(-0.0216499045184507,0.0344351302998796,0.00603766375963628));
#5856=CARTESIAN_POINT('',(-0.0217058159636777,0.0313207099446991,0.00535183092574172));
#5857=CARTESIAN_POINT('',(-0.0212256094461808,0.0281270525589433,0.00493744002697624));
#5858=CARTESIAN_POINT('',(-0.0201037348270617,0.0253053853877577,0.00474510549300301));
#5859=CARTESIAN_POINT('',(-0.0184590913170367,0.0231118226988384,0.00460053799983517));
#5860=CARTESIAN_POINT('',(-0.0166140601152914,0.0215922536193534,0.00441929754867747));
#5861=CARTESIAN_POINT('',(-0.0146481346167586,0.0205041181916326,0.00419561992090978));
#5862=CARTESIAN_POINT('',(-0.0126877029194177,0.0196629148789056,0.0038990143977323));
#5863=CARTESIAN_POINT('',(-0.0108449973357827,0.0188888443112352,0.00348303772026933));
#5864=CARTESIAN_POINT('',(-0.00907762629517039,0.0180213075952054,0.00288060177580258));
#5865=CARTESIAN_POINT('',(-0.00813778719913644,0.0173686644028363,0.00235347183030023));
#5866=CARTESIAN_POINT('',(-0.00770820804460554,0.0169390397156109,0.00200245682547285));
#5867=CARTESIAN_POINT('',(0.00747517123228977,0.0675542218919551,0.07375));
#5868=CARTESIAN_POINT('',(0.00748122829384515,0.0675558084570358,0.065151639200421));
#5869=CARTESIAN_POINT('',(0.00345716052475242,0.0660635614524946,0.052815641144318));
#5870=CARTESIAN_POINT('',(-0.00414756782465719,0.0615408672528255,0.0381354869499572));
#5871=CARTESIAN_POINT('',(-0.00870161540371995,0.0581177107375691,0.0300525956420472));
#5872=CARTESIAN_POINT('',(-0.0123532612284124,0.0546973002816353,0.0236056564834441));
#5873=CARTESIAN_POINT('',(-0.0153752737204723,0.0511679102237001,0.0180901390494914));
#5874=CARTESIAN_POINT('',(-0.0178447650974573,0.0473500863308721,0.0134556990085668));
#5875=CARTESIAN_POINT('',(-0.0195702927051081,0.0435647402230734,0.0100535576848313));
#5876=CARTESIAN_POINT('',(-0.0205736997388369,0.040266646609673,0.00787498775660133));
#5877=CARTESIAN_POINT('',(-0.021128379720159,0.0373313767473779,0.00644827969978266));
#5878=CARTESIAN_POINT('',(-0.0213756345201429,0.0345372146881833,0.00547715518071501));
#5879=CARTESIAN_POINT('',(-0.0213203963365352,0.0315293053097547,0.00482936982172241));
#5880=CARTESIAN_POINT('',(-0.020688730141779,0.0284387565608954,0.00445047928587867));
#5881=CARTESIAN_POINT('',(-0.0194485700415972,0.0257183999907683,0.00431881244545535));
#5882=CARTESIAN_POINT('',(-0.0177723514863509,0.0235910789447485,0.0042271501365041));
#5883=CARTESIAN_POINT('',(-0.0159609873454758,0.0220924625343014,0.0040764847792992));
#5884=CARTESIAN_POINT('',(-0.0140697672583728,0.0209894077753457,0.00386916192633084));
#5885=CARTESIAN_POINT('',(-0.012206498360819,0.0201149381109918,0.00358275291113051));
#5886=CARTESIAN_POINT('',(-0.0104647127848991,0.0193050518268661,0.00317957664858784));
#5887=CARTESIAN_POINT('',(-0.00879832494220841,0.0184102375930373,0.00259813855709875));
#5888=CARTESIAN_POINT('',(-0.00791122186755535,0.0177611412818026,0.00209183591334063));
#5889=CARTESIAN_POINT('',(-0.00749960236469044,0.017349385594769,0.00175537655109638));
#5890=CARTESIAN_POINT('',(0.00755020730312343,0.0689620788835737,0.07375));
#5891=CARTESIAN_POINT('',(0.00755467073916623,0.068964958865891,0.0649933647733988));
#5892=CARTESIAN_POINT('',(0.00362741022748573,0.0672998356530871,0.0524435252613991));
#5893=CARTESIAN_POINT('',(-0.00394493364540885,0.062360050042549,0.0375277086567222));
#5894=CARTESIAN_POINT('',(-0.00854655200919939,0.0586660839059725,0.0293242510039434));
#5895=CARTESIAN_POINT('',(-0.0122931514168455,0.0550069831737146,0.02278511739569));
#5896=CARTESIAN_POINT('',(-0.01544712696879,0.0512461033894041,0.0172014918136186));
#5897=CARTESIAN_POINT('',(-0.0179941391779533,0.0472491656737243,0.0125382588853629));
#5898=CARTESIAN_POINT('',(-0.0196991166954455,0.0434061185599187,0.00913762053095097));
#5899=CARTESIAN_POINT('',(-0.0206323435713059,0.0401457840608932,0.00698850821398814));
#5900=CARTESIAN_POINT('',(-0.0210941948801666,0.0372909758335309,0.00561568820675763));
#5901=CARTESIAN_POINT('',(-0.0212314322018282,0.0346045961822669,0.00471599269104451));
#5902=CARTESIAN_POINT('',(-0.0210338710827372,0.0317283312103359,0.00413864282696806));
#5903=CARTESIAN_POINT('',(-0.020207368805753,0.0287581709712581,0.0037868641045701));
#5904=CARTESIAN_POINT('',(-0.0187818311736504,0.026152511602903,0.00370338917167075));
#5905=CARTESIAN_POINT('',(-0.0170371072983042,0.0240971283973736,0.00366791541673835));
#5906=CARTESIAN_POINT('',(-0.0152579699615467,0.0226198509024681,0.00355298397574841));
#5907=CARTESIAN_POINT('',(-0.0134661245608473,0.0215031189918527,0.00336712609904363));
#5908=CARTESIAN_POINT('',(-0.011736994758372,0.0205981664677141,0.00309639508398528));
#5909=CARTESIAN_POINT('',(-0.0101309912980661,0.0197593975973419,0.00271418110271726));
#5910=CARTESIAN_POINT('',(-0.00858949973970285,0.0188469500162739,0.00216515388192514));
#5911=CARTESIAN_POINT('',(-0.00775571997547027,0.0182038257124598,0.00168505559333662));
#5912=CARTESIAN_POINT('',(-0.0073610009317077,0.0178088588599157,0.00136239042027946));
#5913=CARTESIAN_POINT('',(0.00730361636315422,0.0703577447314661,0.07375));
#5914=CARTESIAN_POINT('',(0.00730548984929729,0.0703597672587865,0.0648240442215185));
#5915=CARTESIAN_POINT('',(0.00351615370539615,0.0685772098559983,0.0520521740381705));
#5916=CARTESIAN_POINT('',(-0.00397632527162064,0.063263268757492,0.0369046983643469));
#5917=CARTESIAN_POINT('',(-0.00861914799809153,0.0592887734381164,0.0285992469686343));
#5918=CARTESIAN_POINT('',(-0.0124719054726628,0.0553548322104908,0.0220016910930761));
#5919=CARTESIAN_POINT('',(-0.0157641085166461,0.0512997904922765,0.016389761354738));
#5920=CARTESIAN_POINT('',(-0.0183798518957412,0.0470852605815577,0.0117049010404122));
#5921=CARTESIAN_POINT('',(-0.0200938847167211,0.0431871707494228,0.00828792851634421));
#5922=CARTESIAN_POINT('',(-0.0209890102793906,0.0399649007525207,0.00614667570102856));
#5923=CARTESIAN_POINT('',(-0.0213671338791313,0.0371858044777031,0.00480031225562148));
#5924=CARTESIAN_POINT('',(-0.0213824987378019,0.0345951154332253,0.00394234143252729));
#5925=CARTESIAN_POINT('',(-0.0210139135377465,0.0318315899151639,0.00342256301019014));
#5926=CARTESIAN_POINT('',(-0.0200118985745808,0.0289637353304819,0.0031025866012524));
#5927=CARTESIAN_POINT('',(-0.0184196420497362,0.0264328673676466,0.00302903721370835));
#5928=CARTESIAN_POINT('',(-0.0165788552665651,0.0244142048286644,0.00302418817311705));
#5929=CARTESIAN_POINT('',(-0.0147970511429994,0.0229443857481085,0.0029446845042386));
#5930=CARTESIAN_POINT('',(-0.0130720075184162,0.0218246648810209,0.00278957957918676));
#5931=CARTESIAN_POINT('',(-0.0114508729076076,0.0209144233865812,0.00254426139413206));
#5932=CARTESIAN_POINT('',(-0.00996071061821623,0.0200797521971689,0.00218580789489069));
#5933=CARTESIAN_POINT('',(-0.00852857520278458,0.0191847649288432,0.00166495183846805));
#5934=CARTESIAN_POINT('',(-0.00774260897868726,0.0185626081151673,0.00120679276804405));
#5935=CARTESIAN_POINT('',(-0.00736465625747352,0.0181844045294758,0.000897965946027534));
#5936=CARTESIAN_POINT('',(0.00693284010580197,0.071399673964689,0.07375));
#5937=CARTESIAN_POINT('',(0.006933683531043,0.0713998530428345,0.0646726677542149));
#5938=CARTESIAN_POINT('',(0.00325955296958394,0.069517998075707,0.0517067441856076));
#5939=CARTESIAN_POINT('',(-0.00415632654064911,0.0639432606447026,0.0364042291005636));
#5940=CARTESIAN_POINT('',(-0.00881712550773374,0.0597723669845549,0.028047314655265));
#5941=CARTESIAN_POINT('',(-0.0127347576734693,0.0556478655264865,0.0214357824246841));
#5942=CARTESIAN_POINT('',(-0.0161161552365125,0.0514074797126558,0.0158211899656383));
#5943=CARTESIAN_POINT('',(-0.0188040746372273,0.0470667891140009,0.0111202198689312));
#5944=CARTESIAN_POINT('',(-0.0205531889527407,0.0431087808399101,0.00769680488966803));
#5945=CARTESIAN_POINT('',(-0.0214291729314534,0.0398756262274052,0.00555927095166044));
#5946=CARTESIAN_POINT('',(-0.0217459751301915,0.037116834065308,0.0042162151609922));
#5947=CARTESIAN_POINT('',(-0.0216642090168444,0.0345635106379645,0.00335998146279527));
#5948=CARTESIAN_POINT('',(-0.0211433984147066,0.0318584436133716,0.00285399447467943));
#5949=CARTESIAN_POINT('',(-0.0200067492053767,0.0290596067793652,0.00257451337444721));
#5950=CARTESIAN_POINT('',(-0.0183187964813012,0.0265583748223124,0.00250618170229471));
#5951=CARTESIAN_POINT('',(-0.0164040000378104,0.0245479192523555,0.00250024726998776));
#5952=CARTESIAN_POINT('',(-0.0146003572309267,0.0230837444710337,0.0024334502206664));
#5953=CARTESIAN_POINT('',(-0.0129007938280968,0.0219735164151819,0.00229381109974179));
#5954=CARTESIAN_POINT('',(-0.0113363192380503,0.0210734433943547,0.00206647092552663));
#5955=CARTESIAN_POINT('',(-0.00991596768997356,0.0202557153707278,0.0017256656850117));
#5956=CARTESIAN_POINT('',(-0.00855876943749411,0.0193885799441387,0.0012256505966024));
#5957=CARTESIAN_POINT('',(-0.0078131561443108,0.018791862303602,0.000786145020526238));
#5958=CARTESIAN_POINT('',(-0.00745150759411155,0.0184300162491416,0.000490783522892263));
#5959=CARTESIAN_POINT('',(0.00658161491200789,0.0721255577880751,0.07375));
#5960=CARTESIAN_POINT('',(0.00658241406861574,0.0721249228481209,0.0645580431137996));
#5961=CARTESIAN_POINT('',(0.0029963726500724,0.070151293053591,0.0514459302436338));
#5962=CARTESIAN_POINT('',(-0.00436092795757357,0.064396123028807,0.0360474389172728));
#5963=CARTESIAN_POINT('',(-0.00902699087884358,0.0601020027809795,0.0276636262239358));
#5964=CARTESIAN_POINT('',(-0.0129823636814117,0.0558687295676663,0.0210481830874586));
#5965=CARTESIAN_POINT('',(-0.0164331883899242,0.0515432242220209,0.0154316583274309));
#5966=CARTESIAN_POINT('',(-0.0192017762904622,0.047143414449367,0.0107225426444333));
#5967=CARTESIAN_POINT('',(-0.0209888209652019,0.0431329858429797,0.00729407301243599));
#5968=CARTESIAN_POINT('',(-0.0218463571630361,0.0398646777299508,0.00515254561518436));
#5969=CARTESIAN_POINT('',(-0.0221089729174156,0.0370898191702265,0.00380583277833405));
#5970=CARTESIAN_POINT('',(-0.0219459507358884,0.0345351955087597,0.00294673190712956));
#5971=CARTESIAN_POINT('',(-0.0213074041417823,0.031851329123138,0.00244993224322374));
#5972=CARTESIAN_POINT('',(-0.0200734369899812,0.029088523445817,0.00219803401580094));
#5973=CARTESIAN_POINT('',(-0.018324509224917,0.0265987210279976,0.00213191850294966));
#5974=CARTESIAN_POINT('',(-0.0163637111380637,0.024589755460616,0.00211660886126401));
#5975=CARTESIAN_POINT('',(-0.0145428799310499,0.0231321644398809,0.00204764282147374));
#5976=CARTESIAN_POINT('',(-0.0128547634655939,0.0220348177995071,0.00190767114815858));
#5977=CARTESIAN_POINT('',(-0.0113200445527228,0.0211493713495785,0.0016855463552364));
#5978=CARTESIAN_POINT('',(-0.00994002065330667,0.0203505411609199,0.00135486993603101));
#5979=CARTESIAN_POINT('',(-0.00862970666916021,0.019509280034156,0.0008717237252423));
#5980=CARTESIAN_POINT('',(-0.00791246717787965,0.018933820804277,0.000448499325366401));
#5981=CARTESIAN_POINT('',(-0.00756368217970115,0.0185848900148273,0.000163717424254265));
#5982=CARTESIAN_POINT('',(0.00616035826752924,0.0728027156233223,0.07375));
#5983=CARTESIAN_POINT('',(0.00616144449211667,0.0728017204400116,0.0644470969602775));
#5984=CARTESIAN_POINT('',(0.00266315783212822,0.0707294713873978,0.0511912054184006));
#5985=CARTESIAN_POINT('',(-0.00463243062198538,0.0648035629506778,0.0357101888397194));
#5986=CARTESIAN_POINT('',(-0.00929673172142522,0.0604070517755046,0.0273062779443008));
#5987=CARTESIAN_POINT('',(-0.0132834075652607,0.0560961136398733,0.0206890810833299));
#5988=CARTESIAN_POINT('',(-0.016805032043105,0.0517190671677134,0.0150761160255926));
#5989=CARTESIAN_POINT('',(-0.019654710522588,0.047271613721034,0.0103703982486568));
#5990=CARTESIAN_POINT('',(-0.0214788824997562,0.0432066289923359,0.00693972364423929));
#5991=CARTESIAN_POINT('',(-0.0223219133606692,0.0398924341976077,0.00478813478984088));
#5992=CARTESIAN_POINT('',(-0.0225362018716434,0.037084198228791,0.00342778542576818));
#5993=CARTESIAN_POINT('',(-0.0222982268672814,0.0345071351181622,0.00255463973277608));
#5994=CARTESIAN_POINT('',(-0.0215486468006433,0.0318203881859458,0.00205437784797707));
#5995=CARTESIAN_POINT('',(-0.0202167578833907,0.0290749390794269,0.00182046079648844));
#5996=CARTESIAN_POINT('',(-0.0184095829784543,0.0265899124105932,0.00175888149623218));
#5997=CARTESIAN_POINT('',(-0.016411261842996,0.0245796192981834,0.00173397605780334));
#5998=CARTESIAN_POINT('',(-0.01457529102717,0.0231281120060436,0.00165977755751697));
#5999=CARTESIAN_POINT('',(-0.0128929041883386,0.0220440421623288,0.00152023406854681));
#6000=CARTESIAN_POINT('',(-0.0113746788711401,0.0211751262860638,0.00130715490379842));
#6001=CARTESIAN_POINT('',(-0.0100204614789033,0.0203975878134164,0.000989325467056315));
#6002=CARTESIAN_POINT('',(-0.00874504498878254,0.0195847846565925,0.000522495332227028));
#6003=CARTESIAN_POINT('',(-0.00805336188444633,0.0190320603572133,0.000114085018356921));
#6004=CARTESIAN_POINT('',(-0.00771724827845211,0.0186958484387137,-0.000160257628203113));
#6005=CARTESIAN_POINT('',(0.00549858605825043,0.0736502435215057,0.07375));
#6006=CARTESIAN_POINT('',(0.00549983561479439,0.0736497267134638,0.0643104715710997));
#6007=CARTESIAN_POINT('',(0.00212300658712749,0.0714408769813297,0.0508736499715631));
#6008=CARTESIAN_POINT('',(-0.00508031281207198,0.0652992884836293,0.0352945157223929));
#6009=CARTESIAN_POINT('',(-0.00973488408401154,0.0607902152007293,0.0268677097202009));
#6010=CARTESIAN_POINT('',(-0.0137591557197683,0.0564067398019007,0.0202488652464467));
#6011=CARTESIAN_POINT('',(-0.017375063294965,0.0519929427844809,0.0146448370686565));
#6012=CARTESIAN_POINT('',(-0.0203334111796839,0.0475010385836879,0.00994832992399526));
#6013=CARTESIAN_POINT('',(-0.0222111108378718,0.0433647385009991,0.00651252220201627));
#6014=CARTESIAN_POINT('',(-0.0230397628247203,0.039974858542368,0.00434153474238705));
#6015=CARTESIAN_POINT('',(-0.0231943627963343,0.0370999014707138,0.00295719134095306));
#6016=CARTESIAN_POINT('',(-0.022863232385826,0.0344687627390376,0.00206042383827984));
#6017=CARTESIAN_POINT('',(-0.0219824341672825,0.0317489969253134,0.0015420941403112));
#6018=CARTESIAN_POINT('',(-0.0205302079051446,0.0289956619088528,0.00130231648353222));
#6019=CARTESIAN_POINT('',(-0.0186426544235479,0.0265062750862909,0.00123568993853017));
#6020=CARTESIAN_POINT('',(-0.0165956266633177,0.0244953760689061,0.0012085649750811));
#6021=CARTESIAN_POINT('',(-0.0147367152358944,0.0230537806326246,0.00114139301906816));
#6022=CARTESIAN_POINT('',(-0.013049951271656,0.021988953812733,0.00101502484417776));
#6023=CARTESIAN_POINT('',(-0.0115329642007356,0.0211449989121067,0.000822167785889005));
#6024=CARTESIAN_POINT('',(-0.01019082277572,0.0203986653247093,0.000528345600937398));
#6025=CARTESIAN_POINT('',(-0.00894149763065374,0.019624881862822,9.01759912565779E-5));
#6026=CARTESIAN_POINT('',(-0.00827642940102007,0.0191015234848014,-0.000295981692934856));
#6027=CARTESIAN_POINT('',(-0.0079561275330392,0.0187811778977847,-0.000557330587516395));
#6028=CARTESIAN_POINT('',(0.00450544848778664,0.0745671856318296,0.07375));
#6029=CARTESIAN_POINT('',(0.00450637927564997,0.0745671433567233,0.0641741249383518));
#6030=CARTESIAN_POINT('',(0.00127883784777382,0.072222597080504,0.0505553391265825));
#6031=CARTESIAN_POINT('',(-0.00578697439103372,0.0658612158275483,0.0348679901700318));
#6032=CARTESIAN_POINT('',(-0.0104170726896602,0.0612445239912643,0.0264132307811316));
#6033=CARTESIAN_POINT('',(-0.014480578825594,0.0567992924287211,0.0197893358432782));
#6034=CARTESIAN_POINT('',(-0.0181990898142646,0.0523579138412829,0.0141961453263039));
#6035=CARTESIAN_POINT('',(-0.0212676684408337,0.0478205979660682,0.00950990378038024));
#6036=CARTESIAN_POINT('',(-0.0232047477198422,0.0436028112591262,0.00606598569465506));
#6037=CARTESIAN_POINT('',(-0.0240298966388007,0.0401159855556421,0.00387022031359203));
#6038=CARTESIAN_POINT('',(-0.0241363431797981,0.0371430620340141,0.00245321540145367));
#6039=CARTESIAN_POINT('',(-0.0237232110319843,0.0344171958265412,0.00151970817278225));
#6040=CARTESIAN_POINT('',(-0.0227213003330223,0.031602705554327,0.000957422407210677));
#6041=CARTESIAN_POINT('',(-0.0211431027617798,0.0287750672740672,0.000675982927848047));
#6042=CARTESIAN_POINT('',(-0.0191540305066904,0.0262458110836489,0.000582106999947083));
#6043=CARTESIAN_POINT('',(-0.0170374441177912,0.0242342291242427,0.000553063524654014));
#6044=CARTESIAN_POINT('',(-0.0151372169987944,0.0228203527108732,0.000506910310727408));
#6045=CARTESIAN_POINT('',(-0.0134241640491572,0.0217982553298595,0.000414821569869073));
#6046=CARTESIAN_POINT('',(-0.0118799869789466,0.0210022618857375,0.000260313551493568));
#6047=CARTESIAN_POINT('',(-0.0105196917268948,0.0203067208251594,5.26926440000499E-6));
#6048=CARTESIAN_POINT('',(-0.009267191593693,0.0195864444159336,-0.000391397693729258));
#6049=CARTESIAN_POINT('',(-0.00861656965649091,0.0190950218161757,-0.000751274174170686));
#6050=CARTESIAN_POINT('',(-0.00831052865312312,0.0187889840575176,-0.00100094209585274));
#6051=CARTESIAN_POINT('',(0.00335581226971466,0.0752430033488189,0.07375));
#6052=CARTESIAN_POINT('',(0.00335655356189576,0.0752429490393405,0.0640807018713462));
#6053=CARTESIAN_POINT('',(0.000270508018842977,0.0728241757656547,0.0503418766523757));
#6054=CARTESIAN_POINT('',(-0.00665315898211194,0.0663420903469199,0.034577699980876));
#6055=CARTESIAN_POINT('',(-0.011251280686232,0.061662343194092,0.0261000626925203));
#6056=CARTESIAN_POINT('',(-0.0153431365733877,0.0571757301740451,0.0194699062635369));
#6057=CARTESIAN_POINT('',(-0.019144403976556,0.0527112542080282,0.0138831749675847));
#6058=CARTESIAN_POINT('',(-0.0223023491128262,0.0481324441448422,0.00920096203419414));
#6059=CARTESIAN_POINT('',(-0.0242927858220621,0.0438382650611252,0.00574573485499642));
#6060=CARTESIAN_POINT('',(-0.0251260315739664,0.0402561482125009,0.00352484812064371));
#6061=CARTESIAN_POINT('',(-0.02520857962121,0.0371786624697419,0.00207332366418855));
#6062=CARTESIAN_POINT('',(-0.0247470211518753,0.0343391213070859,0.00109691219632159));
#6063=CARTESIAN_POINT('',(-0.0236665898774932,0.0313859328060058,0.000476520961712592));
#6064=CARTESIAN_POINT('',(-0.0219948143262789,0.0284249412698771,0.000134166644723916));
#6065=CARTESIAN_POINT('',(-0.0199146219954891,0.0258079341494695,-5.29669183837286E-6));
#6066=CARTESIAN_POINT('',(-0.01771993978605,0.023775739664717,-4.96841568145615E-5));
#6067=CARTESIAN_POINT('',(-0.0157603619919209,0.0223962001441208,-8.07356958142161E-5));
#6068=CARTESIAN_POINT('',(-0.0139986057964381,0.0214419543019247,-0.000133737334455134));
#6069=CARTESIAN_POINT('',(-0.0124038108041068,0.0207228102775565,-0.000237773991573018));
#6070=CARTESIAN_POINT('',(-0.0109969410040106,0.0200996720209715,-0.000440029935485796));
#6071=CARTESIAN_POINT('',(-0.00970290736019265,0.0194423638037282,-0.000787051524697698));
#6072=CARTESIAN_POINT('',(-0.00903786463116686,0.0189739783086412,-0.00112814762401641));
#6073=CARTESIAN_POINT('',(-0.00873463620442495,0.0186707780546051,-0.0013755934483933));
#6074=CARTESIAN_POINT('',(0.00238955905451754,0.0756230221120425,0.07375));
#6075=CARTESIAN_POINT('',(0.00239037368448918,0.0756229433021751,0.0640282607844782));
#6076=CARTESIAN_POINT('',(-0.000582629177094999,0.0731790617965418,0.0502247397027513));
#6077=CARTESIAN_POINT('',(-0.00739493756066687,0.0666571995514615,0.0344257425748444));
#6078=CARTESIAN_POINT('',(-0.0119661483530575,0.0619542751046794,0.0259392256354254));
#6079=CARTESIAN_POINT('',(-0.0160759739970159,0.057447885334524,0.0193079589650217));
#6080=CARTESIAN_POINT('',(-0.0199350312989523,0.0529672643745813,0.0137273273509148));
#6081=CARTESIAN_POINT('',(-0.0231566039507771,0.0483554053919479,0.00904793741706378));
#6082=CARTESIAN_POINT('',(-0.0251872731642017,0.0440024513708874,0.0055827897300391));
#6083=CARTESIAN_POINT('',(-0.0260312012585474,0.040347537336,0.00334021330352294));
#6084=CARTESIAN_POINT('',(-0.0261040926551498,0.0371881919837904,0.00185780889921213));
#6085=CARTESIAN_POINT('',(-0.0256173153146782,0.0342555897039206,0.000841657584634466));
#6086=CARTESIAN_POINT('',(-0.0244915037254368,0.0311825068890192,0.000166555679153886));
#6087=CARTESIAN_POINT('',(-0.0227591834411254,0.0281005490323138,-0.000233412941340064));
#6088=CARTESIAN_POINT('',(-0.0206133346882348,0.0253976353378375,-0.000416491697697607));
#6089=CARTESIAN_POINT('',(-0.0183579998604984,0.0233361731147556,-0.000477723433521304));
#6090=CARTESIAN_POINT('',(-0.0163505135779785,0.0219777859403001,-0.000498832066231578));
#6091=CARTESIAN_POINT('',(-0.0145503994156328,0.0210809484484235,-0.000518582256064809));
#6092=CARTESIAN_POINT('',(-0.0129156279856208,0.0204316289986659,-0.000575596968066377));
#6093=CARTESIAN_POINT('',(-0.0114670881914243,0.0198737031876281,-0.000727323113920695));
#6094=CARTESIAN_POINT('',(-0.0101245045304871,0.0192651321841008,-0.00103235550630002));
#6095=CARTESIAN_POINT('',(-0.00942905855858691,0.0188020950503989,-0.00136836490447929));
#6096=CARTESIAN_POINT('',(-0.00911719522357154,0.0184902262561153,-0.00162300075587685));
#6097=CARTESIAN_POINT('',(0.00177711057400188,0.0757939577397825,0.07375));
#6098=CARTESIAN_POINT('',(0.00177809423644366,0.0757938555924079,0.0640030632466987));
#6099=CARTESIAN_POINT('',(-0.00112762635122538,0.0733486925765696,0.0501696177563731));
#6100=CARTESIAN_POINT('',(-0.00787268801684178,0.0668246730195186,0.034360114399771));
#6101=CARTESIAN_POINT('',(-0.0124255187518761,0.0621175328177673,0.0258731615597502));
#6102=CARTESIAN_POINT('',(-0.0165426586766776,0.0576034296874217,0.0192446459090359));
#6103=CARTESIAN_POINT('',(-0.0204318730901059,0.0531129819891785,0.0136703214102959));
#6104=CARTESIAN_POINT('',(-0.0236880749131627,0.0484802950838025,0.00899432088159093));
#6105=CARTESIAN_POINT('',(-0.0257420540911677,0.0440919647354872,0.00552345405467826));
#6106=CARTESIAN_POINT('',(-0.0265944899575284,0.0403937573142015,0.0032664180805519));
#6107=CARTESIAN_POINT('',(-0.0266658037290732,0.0371850437661485,0.00176243718167147));
#6108=CARTESIAN_POINT('',(-0.0261695707480967,0.0341948451435749,0.000717862491744649));
#6109=CARTESIAN_POINT('',(-0.0250236278049358,0.0310459030977049,3.1599925599436E-6));
#6110=CARTESIAN_POINT('',(-0.0232610606853921,0.0278857042554243,-0.000438699127836642));
#6111=CARTESIAN_POINT('',(-0.0210790834541612,0.0251245453026378,-0.000653187505877219));
#6112=CARTESIAN_POINT('',(-0.0187882419643001,0.023039645170056,-0.000725836329129754));
#6113=CARTESIAN_POINT('',(-0.0167520874997165,0.021690708095496,-0.000738889857118321));
#6114=CARTESIAN_POINT('',(-0.01493008893205,0.0208293465677945,-0.000733791643626024));
#6115=CARTESIAN_POINT('',(-0.0132723026407663,0.0202249749712004,-0.000756385723677572));
#6116=CARTESIAN_POINT('',(-0.011797540297161,0.0197086082247014,-0.000872263153494429));
#6117=CARTESIAN_POINT('',(-0.010419540051369,0.0191264278421331,-0.00114954003808884));
#6118=CARTESIAN_POINT('',(-0.00969725004777044,0.0186583984145442,-0.0014860614929761));
#6119=CARTESIAN_POINT('',(-0.0093747880076384,0.0183358856090144,-0.00174945828108601));
#6120=CARTESIAN_POINT('',(0.00128759274353254,0.0758917505699563,0.07375));
#6121=CARTESIAN_POINT('',(0.00128880211308959,0.0758916572957865,0.0639867284512633));
#6122=CARTESIAN_POINT('',(-0.00156565937108238,0.0734539794479207,0.0501342588289457));
#6123=CARTESIAN_POINT('',(-0.00825959201835974,0.0669413410670232,0.0343230871463617));
#6124=CARTESIAN_POINT('',(-0.0127971174544512,0.0622365771922732,0.0258392616452799));
#6125=CARTESIAN_POINT('',(-0.0169175985899461,0.0577184719755012,0.019215579282866));
#6126=CARTESIAN_POINT('',(-0.0208268646694033,0.053219379976291,0.0136483671234414));
#6127=CARTESIAN_POINT('',(-0.0241071569064187,0.0485690899790354,0.00897651841853749));
#6128=CARTESIAN_POINT('',(-0.0261783134754128,0.0441530922007442,0.00550163824941529));
#6129=CARTESIAN_POINT('',(-0.0270386159175613,0.0404220464192914,0.00323250507495281));
#6130=CARTESIAN_POINT('',(-0.0271116034879871,0.0371757931976992,0.00170964751722871));
#6131=CARTESIAN_POINT('',(-0.0266120507055594,0.0341410178869644,0.000639647758415753));
#6132=CARTESIAN_POINT('',(-0.0254556048411287,0.0309325369561134,-0.000111125154444174));
#6133=CARTESIAN_POINT('',(-0.0236738557332496,0.0277100097488732,-0.000591345871477076));
#6134=CARTESIAN_POINT('',(-0.0214659204818113,0.0249007862854508,-0.000833817435143606));
#6135=CARTESIAN_POINT('',(-0.019147915567554,0.0227944045651409,-0.000914887884292565));
#6136=CARTESIAN_POINT('',(-0.017089508331162,0.021450469479092,-0.000918154552220732));
#6137=CARTESIAN_POINT('',(-0.0152515857808793,0.020616784577772,-0.000888548555454514));
#6138=CARTESIAN_POINT('',(-0.0135769899844048,0.0200482167806573,-0.000879476750825697));
#6139=CARTESIAN_POINT('',(-0.0120817494469514,0.0195641884361487,-0.000963942824466007));
#6140=CARTESIAN_POINT('',(-0.0106728415654376,0.0189989327218496,-0.00121679860590136));
#6141=CARTESIAN_POINT('',(-0.00992354320086264,0.0185203964100853,-0.00155438932312954));
#6142=CARTESIAN_POINT('',(-0.00958893533169774,0.0181856911864396,-0.00182778426918983));
#6143=CARTESIAN_POINT('',(0.000922704784545005,0.0759460309176245,0.07375));
#6144=CARTESIAN_POINT('',(0.000924129522835529,0.0759459638327305,0.0639760508329513));
#6145=CARTESIAN_POINT('',(-0.00189364512134902,0.0735180171566377,0.0501112871211113));
#6146=CARTESIAN_POINT('',(-0.00855101924857609,0.0670202600183223,0.0343022495654503));
#6147=CARTESIAN_POINT('',(-0.0130768173762406,0.0623200090577469,0.0258226831897002));
#6148=CARTESIAN_POINT('',(-0.0171984590252799,0.0577998544584996,0.019204214841795));
#6149=CARTESIAN_POINT('',(-0.0211205621350797,0.0532937721521206,0.0136436827035142));
#6150=CARTESIAN_POINT('',(-0.0244169798211096,0.0486297338379344,0.00897589480341959));
#6151=CARTESIAN_POINT('',(-0.0265002218068771,0.0441932825668731,0.00549836219847234));
#6152=CARTESIAN_POINT('',(-0.0273669535437279,0.0404385474225185,0.00321984534569928));
#6153=CARTESIAN_POINT('',(-0.0274426878352724,0.0371652446574542,0.00168190337028647));
#6154=CARTESIAN_POINT('',(-0.0269428013906059,0.0340980368250396,0.000591302520778504));
#6155=CARTESIAN_POINT('',(-0.0257813856982717,0.0308459758402136,-0.000189090936214695));
#6156=CARTESIAN_POINT('',(-0.0239879609170274,0.0275774240133796,-0.000700961827357625));
#6157=CARTESIAN_POINT('',(-0.0217622051624165,0.0247318176333781,-0.00096603126002482));
#6158=CARTESIAN_POINT('',(-0.0194245493304511,0.0226080467507838,-0.00105273677750974));
#6159=CARTESIAN_POINT('',(-0.0173498638229899,0.0212663889001012,-0.0010463719488015));
#6160=CARTESIAN_POINT('',(-0.0155008792812301,0.0204525782738064,-0.000995609213186868));
#6161=CARTESIAN_POINT('',(-0.0138145591546477,0.0199096796515091,-0.000960759635144987));
#6162=CARTESIAN_POINT('',(-0.0123045444770757,0.0194480205023226,-0.00102058762422869));
#6163=CARTESIAN_POINT('',(-0.0108719329895396,0.0188924518781538,-0.00125365550326829));
#6164=CARTESIAN_POINT('',(-0.0101000083125388,0.0184028989977264,-0.00159150206177283));
#6165=CARTESIAN_POINT('',(-0.00975467766286988,0.0180574368983647,-0.00187369755771176));
#6166=CARTESIAN_POINT('',(0.000621138059549477,0.0759759061724806,0.07375));
#6167=CARTESIAN_POINT('',(0.000622790569331216,0.0759758852135622,0.0639683374159396));
#6168=CARTESIAN_POINT('',(-0.00216595396493971,0.073559419754831,0.0500946303323016));
#6169=CARTESIAN_POINT('',(-0.00879455071115808,0.0670791979861711,0.0342901406785909));
#6170=CARTESIAN_POINT('',(-0.0133103369306762,0.0623848582713066,0.025815817212379));
#6171=CARTESIAN_POINT('',(-0.0174316083433874,0.0578636019505688,0.0192031787284018));
#6172=CARTESIAN_POINT('',(-0.0213621668737253,0.0533510124199806,0.0136494686424906));
#6173=CARTESIAN_POINT('',(-0.024669956667355,0.0486748567467109,0.0089859099023426));
#6174=CARTESIAN_POINT('',(-0.0267623016103095,0.0442215789456894,0.00550650567419568));
#6175=CARTESIAN_POINT('',(-0.0276348258188258,0.0404480224615829,0.00321995561422342));
#6176=CARTESIAN_POINT('',(-0.0277143873141788,0.0371532981964611,0.00166865542118072));
#6177=CARTESIAN_POINT('',(-0.027216559189542,0.0340600654380432,0.000559459405549868));
#6178=CARTESIAN_POINT('',(-0.0260541932875585,0.0307726717707573,-0.000248236856424627));
#6179=CARTESIAN_POINT('',(-0.0242537731516945,0.0274664607306064,-0.000789514813980952));
#6180=CARTESIAN_POINT('',(-0.0220145254767073,0.02459038752176,-0.0010750034255234));
#6181=CARTESIAN_POINT('',(-0.0196607899908629,0.0224512059096109,-0.00116543280252044));
#6182=CARTESIAN_POINT('',(-0.0175724553836813,0.021110484354539,-0.00114832804047198));
#6183=CARTESIAN_POINT('',(-0.0157145629785593,0.0203130301382399,-0.00107686550613976));
#6184=CARTESIAN_POINT('',(-0.014018792805615,0.0197909566458658,-0.0010184749170739));
#6185=CARTESIAN_POINT('',(-0.0124965900285362,0.0193465051649962,-0.001056655504459));
#6186=CARTESIAN_POINT('',(-0.0110432979164522,0.0187968876781727,-0.00127129769215156));
#6187=CARTESIAN_POINT('',(-0.0102495638770858,0.0182955341783261,-0.00160831883892628));
#6188=CARTESIAN_POINT('',(-0.00989357262533284,0.0179393857822645,-0.00189922595164455));
#6189=CARTESIAN_POINT('',(0.000382183226242642,0.0759909586003522,0.07375));
#6190=CARTESIAN_POINT('',(0.000384038206040075,0.0759909935403992,0.0639627396042701));
#6191=CARTESIAN_POINT('',(-0.00238249254831519,0.0735856424701813,0.0500823495233057));
#6192=CARTESIAN_POINT('',(-0.00898913542721595,0.067122289445016,0.0342830713885299));
#6193=CARTESIAN_POINT('',(-0.0134968041350893,0.062433870832843,0.0258140549611995));
#6194=CARTESIAN_POINT('',(-0.0176170524423378,0.0579120881669896,0.0192071718425403));
#6195=CARTESIAN_POINT('',(-0.0215531832039016,0.05339396698143,0.0136599548797113));
#6196=CARTESIAN_POINT('',(-0.0248690431927128,0.0487077972048454,0.00900049182718609));
#6197=CARTESIAN_POINT('',(-0.0269682514230054,0.0442411473448614,0.00551980474416989));
#6198=CARTESIAN_POINT('',(-0.027845658604978,0.040452957737382,0.00322657983308362));
#6199=CARTESIAN_POINT('',(-0.0279290078690862,0.0371416952784594,0.00166397748985217));
#6200=CARTESIAN_POINT('',(-0.0274338967430075,0.0340283360164963,0.00053891597823842));
#6201=CARTESIAN_POINT('',(-0.0262723167652479,0.0307136820586001,-0.000292355004380331));
#6202=CARTESIAN_POINT('',(-0.0244678187274143,0.0273783247996158,-0.000859129832063879));
#6203=CARTESIAN_POINT('',(-0.0222187088686497,0.0244781861672781,-0.00116192755655515));
#6204=CARTESIAN_POINT('',(-0.0198524970627723,0.0223261800695875,-0.00125456595415876));
#6205=CARTESIAN_POINT('',(-0.0177533971754053,0.0209853323054493,-0.00122698064063089));
#6206=CARTESIAN_POINT('',(-0.0158886927211699,0.0201999626694464,-0.00113707762706349));
#6207=CARTESIAN_POINT('',(-0.014185621111237,0.0196925170877071,-0.00105878352570316));
#6208=CARTESIAN_POINT('',(-0.0126540693745896,0.0192590407989034,-0.00107898248114047));
#6209=CARTESIAN_POINT('',(-0.011184639755685,0.0187118785327941,-0.00127741063314347));
#6210=CARTESIAN_POINT('',(-0.0103726251204165,0.0182000750895658,-0.00161252192276719));
#6211=CARTESIAN_POINT('',(-0.0100075643258491,0.0178348483348056,-0.00191080499958945));
#6212=CARTESIAN_POINT('',(0.000234026233886738,0.0759967545328452,0.07375));
#6213=CARTESIAN_POINT('',(0.00023603553586776,0.0759968323260847,0.0639594407258502));
#6214=CARTESIAN_POINT('',(-0.0025173462864423,0.0735992017207577,0.0500750928848521));
#6215=CARTESIAN_POINT('',(-0.00911107595687669,0.0671477585331034,0.0342798392766912));
#6216=CARTESIAN_POINT('',(-0.0136135412409706,0.0624635262139999,0.0258145819048676));
#6217=CARTESIAN_POINT('',(-0.0177324520623122,0.0579413620895876,0.0192116533495427));
#6218=CARTESIAN_POINT('',(-0.021670864372287,0.0534193007978843,0.0136686930870971));
#6219=CARTESIAN_POINT('',(-0.0249905782280062,0.0487265195158926,0.009011876829488));
#6220=CARTESIAN_POINT('',(-0.027093405284953,0.0442516394386064,0.00553050499617114));
#6221=CARTESIAN_POINT('',(-0.0279740075217782,0.0404547913192848,0.0032332245578824));
#6222=CARTESIAN_POINT('',(-0.0280606074849516,0.0371337140241864,0.00166350757447396));
#6223=CARTESIAN_POINT('',(-0.0275686485379244,0.0340080897753113,0.000528176943553359));
#6224=CARTESIAN_POINT('',(-0.0264095345571337,0.03067634408549,-0.000318827721869698));
#6225=CARTESIAN_POINT('',(-0.0246038626952897,0.0273225248591202,-0.000902869930233872));
#6226=CARTESIAN_POINT('',(-0.0223488803112137,0.024407071955148,-0.00121715676847715));
#6227=CARTESIAN_POINT('',(-0.0199744443660885,0.0222469035701493,-0.00131066008476542));
#6228=CARTESIAN_POINT('',(-0.0178678892092127,0.0209063047507352,-0.00127521056939042));
#6229=CARTESIAN_POINT('',(-0.0159982902508617,0.0201297130985529,-0.0011723702315043));
#6230=CARTESIAN_POINT('',(-0.0142900923186741,0.0196328489016154,-0.00108078883853947));
#6231=CARTESIAN_POINT('',(-0.0127520386644767,0.0192072441024811,-0.00108934384418573));
#6232=CARTESIAN_POINT('',(-0.0112712250972316,0.0186623489275595,-0.00127691040656689));
#6233=CARTESIAN_POINT('',(-0.0104455816402428,0.018143372557389,-0.00161050941045242));
#6234=CARTESIAN_POINT('',(-0.0100737947627046,0.0177714195539859,-0.00191423631345071));
#6235=CARTESIAN_POINT('',(0.000116189801090106,0.0759992723669199,0.07375));
#6236=CARTESIAN_POINT('',(0.000118292603773472,0.0759993923475059,0.0639569243098798));
#6237=CARTESIAN_POINT('',(-0.00262435969702211,0.0736084066838755,0.0500693127138404));
#6238=CARTESIAN_POINT('',(-0.00920749870095995,0.0671667777206324,0.0342774494162318));
#6239=CARTESIAN_POINT('',(-0.0137059394161368,0.0624861582099876,0.025815566983161));
#6240=CARTESIAN_POINT('',(-0.0178242756099592,0.0579640904049709,0.0192163406622922));
#6241=CARTESIAN_POINT('',(-0.021765426814179,0.0534393948530735,0.0136775656126092));
#6242=CARTESIAN_POINT('',(-0.0250893052585643,0.0487416413968103,0.00902348138505844));
#6243=CARTESIAN_POINT('',(-0.0271958023645326,0.0442600334482543,0.00554156816112891));
#6244=CARTESIAN_POINT('',(-0.0280789435608218,0.0404557954374506,0.00324056749406358));
#6245=CARTESIAN_POINT('',(-0.0281672839354083,0.037126541653606,0.00166461097152688));
#6246=CARTESIAN_POINT('',(-0.0276763295348479,0.033991291333313,0.000520663288448703));
#6247=CARTESIAN_POINT('',(-0.026517271451595,0.0306471048707445,-0.000339013532744422));
#6248=CARTESIAN_POINT('',(-0.0247097901020089,0.0272801204983715,-0.000936656625471411));
#6249=CARTESIAN_POINT('',(-0.0224505425109304,0.0243533658433756,-0.00125997074606793));
#6250=CARTESIAN_POINT('',(-0.020070667300017,0.022186488656266,-0.00135416015088181));
#6251=CARTESIAN_POINT('',(-0.0179595525745596,0.0208446239900518,-0.00131262256856847));
#6252=CARTESIAN_POINT('',(-0.0160873976877276,0.0200716928648681,-0.00119997322913982));
#6253=CARTESIAN_POINT('',(-0.0143762622168842,0.019578067612629,-0.00109823697599225));
#6254=CARTESIAN_POINT('',(-0.0128346104505506,0.0191533664691996,-0.00109742441672853));
#6255=CARTESIAN_POINT('',(-0.0113477107432186,0.0186063886968919,-0.00127592221321498));
#6256=CARTESIAN_POINT('',(-0.01051450452432,0.018082197513616,-0.00160736681623201));
#6257=CARTESIAN_POINT('',(-0.0101388335425034,0.0177063730945012,-0.00191422690779474));
#6258=CARTESIAN_POINT('',(-1.03999159887314E-6,0.076000405964751,0.0737500000000001));
#6259=CARTESIAN_POINT('',(1.08262030048347E-6,0.0760005759465888,0.0639546685537437));
#6260=CARTESIAN_POINT('',(-0.00272960724062943,0.0736165526671717,0.0500638318398842));
#6261=CARTESIAN_POINT('',(-0.00930105748208144,0.0671842705804508,0.0342751335171561));
#6262=CARTESIAN_POINT('',(-0.0137960045974593,0.0625074201288929,0.0258167964869121));
#6263=CARTESIAN_POINT('',(-0.0179154664109518,0.0579862371613123,0.0192216768271861));
#6264=CARTESIAN_POINT('',(-0.0218622384936648,0.0534601792749043,0.0136879481594316));
#6265=CARTESIAN_POINT('',(-0.0251933312753147,0.0487582432910368,0.00903733101418906));
#6266=CARTESIAN_POINT('',(-0.0273054080737662,0.0442695726669331,0.00555472727044161));
#6267=CARTESIAN_POINT('',(-0.0281908399246237,0.0404568526214035,0.00324919629033681));
#6268=CARTESIAN_POINT('',(-0.0282785518487761,0.0371185760836566,0.00166630122314678));
#6269=CARTESIAN_POINT('',(-0.0277845761643065,0.0339738970770842,0.000513616568151299));
#6270=CARTESIAN_POINT('',(-0.0266202556492676,0.0306195207027856,-0.000357592662071665));
#6271=CARTESIAN_POINT('',(-0.0248078962812122,0.0272423419072166,-0.000966846314816647));
#6272=CARTESIAN_POINT('',(-0.0225446985711435,0.0243061122833162,-0.0012981162783618));
#6273=CARTESIAN_POINT('',(-0.0201618415533459,0.0221322425988694,-0.00139368075926414));
#6274=CARTESIAN_POINT('',(-0.0180495526335776,0.020786128394133,-0.0013481017693717));
#6275=CARTESIAN_POINT('',(-0.0161781696694569,0.0200098614649953,-0.00122836866662298));
#6276=CARTESIAN_POINT('',(-0.0144670754211825,0.0195095427131345,-0.00111838666595635));
#6277=CARTESIAN_POINT('',(-0.0129254641538405,0.0190763099402811,-0.00110879380474452));
#6278=CARTESIAN_POINT('',(-0.0114387492380692,0.0185204668211936,-0.00127862190422766));
#6279=CARTESIAN_POINT('',(-0.0106053929127471,0.0179923760367764,-0.00160692691667529));
#6280=CARTESIAN_POINT('',(-0.0102291793153889,0.0176160291960516,-0.00191422920350048));
#6281=CARTESIAN_POINT('',(-0.000204178142538138,0.0759988088624872,0.07375));
#6282=CARTESIAN_POINT('',(-0.000201985951862807,0.0759990749924148,0.0639511897959586));
#6283=CARTESIAN_POINT('',(-0.00291201888974694,0.0736279780226103,0.0500555128237521));
#6284=CARTESIAN_POINT('',(-0.00946392341780486,0.0672133675211204,0.0342731522457624));
#6285=CARTESIAN_POINT('',(-0.0139529489449927,0.0625435879383345,0.0258211378833959));
#6286=CARTESIAN_POINT('',(-0.0180740770903904,0.0580238282899681,0.0192329797476764));
#6287=CARTESIAN_POINT('',(-0.0220298687391319,0.0534947343382119,0.0137074747322371));
#6288=CARTESIAN_POINT('',(-0.0253725343415457,0.0487849838717985,0.00906236496926965));
#6289=CARTESIAN_POINT('',(-0.027493554532259,0.0442841529066555,0.00557853483522925));
#6290=CARTESIAN_POINT('',(-0.0283829294016349,0.0404573728461017,0.00326552594329032));
#6291=CARTESIAN_POINT('',(-0.0284703147882136,0.0371041598767226,0.00167099924314699));
#6292=CARTESIAN_POINT('',(-0.0279724743343369,0.0339435004206571,0.000503348554413062));
#6293=CARTESIAN_POINT('',(-0.0268006915955212,0.0305710883493526,-0.000388145150349085));
#6294=CARTESIAN_POINT('',(-0.0249805582657999,0.0271754643299816,-0.00101815428758136));
#6295=CARTESIAN_POINT('',(-0.022710222664959,0.0242221447951494,-0.00136360892467937));
#6296=CARTESIAN_POINT('',(-0.0203216459895354,0.0220358162767226,-0.00146151097611481));
#6297=CARTESIAN_POINT('',(-0.0182068259099145,0.0206826763431796,-0.00140856948533929));
#6298=CARTESIAN_POINT('',(-0.0163365373804133,0.0199022592144197,-0.00127610976992333));
#6299=CARTESIAN_POINT('',(-0.014625486170456,0.0193932143468658,-0.00115152346441435));
#6300=CARTESIAN_POINT('',(-0.0130834613408878,0.0189484262687553,-0.00112672942270124));
#6301=CARTESIAN_POINT('',(-0.0115951427799686,0.0183798203098775,-0.00128155983925476));
#6302=CARTESIAN_POINT('',(-0.0107583744478251,0.0178442900697307,-0.00160493567015428));
#6303=CARTESIAN_POINT('',(-0.010379698706933,0.0174655086419749,-0.0019142277796947));
#6304=CARTESIAN_POINT('',(-0.000602876696158305,0.0759817487550801,0.07375));
#6305=CARTESIAN_POINT('',(-0.000600571817028942,0.0759822503656812,0.063946220249458));
#6306=CARTESIAN_POINT('',(-0.00326788125429731,0.0736399483512332,0.0500434441317139));
#6307=CARTESIAN_POINT('',(-0.0097814983678888,0.0672639079631172,0.0342758392467351));
#6308=CARTESIAN_POINT('',(-0.0142601841442416,0.0626100206913473,0.0258371562063783));
#6309=CARTESIAN_POINT('',(-0.0183866779608835,0.0580941238910002,0.0192629515875474));
#6310=CARTESIAN_POINT('',(-0.022363042144135,0.0535592100666557,0.0137535486516712));
#6311=CARTESIAN_POINT('',(-0.0257309651348926,0.0488337393461838,0.00911903700818769));
#6312=CARTESIAN_POINT('',(-0.0278707045358537,0.0443086745716462,0.0056324558214504));
#6313=CARTESIAN_POINT('',(-0.0287673344301199,0.0404543323257986,0.00330447208155898));
#6314=CARTESIAN_POINT('',(-0.0288522849316718,0.0370724550399985,0.00168704521728514));
#6315=CARTESIAN_POINT('',(-0.0283440131286746,0.0338818643737407,0.000490270181182759));
#6316=CARTESIAN_POINT('',(-0.0271533171776546,0.0304768225367609,-0.000440080510967864));
#6317=CARTESIAN_POINT('',(-0.0253145754762147,0.0270477533090865,-0.00110941544989834));
#6318=CARTESIAN_POINT('',(-0.0230298882383168,0.0240619087638615,-0.00148214786470074));
#6319=CARTESIAN_POINT('',(-0.0206327824493728,0.0218493665937728,-0.0015857778318167));
#6320=CARTESIAN_POINT('',(-0.0185175084484164,0.0204779763363302,-0.00152089169928713));
#6321=CARTESIAN_POINT('',(-0.016654540039096,0.0196819052443485,-0.00136674559054034));
#6322=CARTESIAN_POINT('',(-0.0149488130701185,0.0191471284370849,-0.00121572742972228));
#6323=CARTESIAN_POINT('',(-0.0134109849858448,0.0186730841642882,-0.0011621749757164));
#6324=CARTESIAN_POINT('',(-0.0119247147596635,0.0180754347745721,-0.00128840807080419));
#6325=CARTESIAN_POINT('',(-0.0110845773261405,0.0175254082875448,-0.00160196400899736));
#6326=CARTESIAN_POINT('',(-0.0107022183221265,0.0171429898561208,-0.00191422879542389));
#6327=CARTESIAN_POINT('',(-0.00115263550487577,0.0759204331379938,0.07375));
#6328=CARTESIAN_POINT('',(-0.00115021632899594,0.0759213862166002,0.06394476505451));
#6329=CARTESIAN_POINT('',(-0.00375249255022356,0.0736283486654635,0.0500386780661535));
#6330=CARTESIAN_POINT('',(-0.0102133519425176,0.0673160873693024,0.034297581772082));
#6331=CARTESIAN_POINT('',(-0.0146805727288328,0.062689359233855,0.0258797110439229));
#6332=CARTESIAN_POINT('',(-0.0188183485641953,0.0581809297726827,0.0193252425057837));
#6333=CARTESIAN_POINT('',(-0.0228277536010789,0.0536370958334852,0.013837120385514));
#6334=CARTESIAN_POINT('',(-0.0262339898241759,0.0488881855753367,0.00921587391306533));
#6335=CARTESIAN_POINT('',(-0.0284005111166032,0.0443293368579078,0.00572476579538406));
#6336=CARTESIAN_POINT('',(-0.0293061228110767,0.0404386509547133,0.00337632098083297));
#6337=CARTESIAN_POINT('',(-0.0293856476022046,0.037020357518305,0.00172803270258635));
#6338=CARTESIAN_POINT('',(-0.0288600789005763,0.0337925688003068,0.000492035753068841));
#6339=CARTESIAN_POINT('',(-0.027638120516471,0.0303479114570188,-0.000490538267429085));
#6340=CARTESIAN_POINT('',(-0.025768346310041,0.0268770793738158,-0.00121256984350869));
#6341=CARTESIAN_POINT('',(-0.0234627673323409,0.0238470951627324,-0.00162263545884013));
#6342=CARTESIAN_POINT('',(-0.0210588155648266,0.0215935022448216,-0.00173663482224064));
#6343=CARTESIAN_POINT('',(-0.0189517685200983,0.020187215958339,-0.00165996085688306));
#6344=CARTESIAN_POINT('',(-0.0171094652461147,0.0193559050371166,-0.00148156734286424));
#6345=CARTESIAN_POINT('',(-0.0154224547871015,0.0187732595067628,-0.0012978829085753));
#6346=CARTESIAN_POINT('',(-0.0139006143550116,0.0182514481780009,-0.00120748555683352));
#6347=CARTESIAN_POINT('',(-0.012425242447887,0.0176099551998693,-0.00129681381549812));
#6348=CARTESIAN_POINT('',(-0.0115820592895455,0.0170387309515838,-0.00159761093098057));
#6349=CARTESIAN_POINT('',(-0.0111942771506113,0.0166509305620556,-0.00191422822520668));
#6350=CARTESIAN_POINT('',(-0.00177906061628619,0.0757949238320469,0.07375));
#6351=CARTESIAN_POINT('',(-0.00177665242376049,0.0757964758774227,0.0639505677094104));
#6352=CARTESIAN_POINT('',(-0.00429815752206592,0.073573877891633,0.0500497428469757));
#6353=CARTESIAN_POINT('',(-0.0106970669938729,0.0673488652711337,0.0343468893092022));
#6354=CARTESIAN_POINT('',(-0.0151543703329466,0.0627603274407438,0.0259564667102628));
#6355=CARTESIAN_POINT('',(-0.0193106560069403,0.0582642452418698,0.019426085256802));
#6356=CARTESIAN_POINT('',(-0.023365024471719,0.0537105940378175,0.0139624512581156));
#6357=CARTESIAN_POINT('',(-0.0268203600475853,0.0489337897215733,0.00935558357684242));
#6358=CARTESIAN_POINT('',(-0.0290189442731225,0.0443361936535131,0.00585838858131654));
#6359=CARTESIAN_POINT('',(-0.0299329477015053,0.0404059168471926,0.00348630073642866));
#6360=CARTESIAN_POINT('',(-0.0300023326863934,0.0369498918050256,0.00180314943233086));
#6361=CARTESIAN_POINT('',(-0.0294514393306627,0.0336852834450793,0.000523261913434941));
#6362=CARTESIAN_POINT('',(-0.0281847592341146,0.0302038882626113,-0.000517065329510944));
#6363=CARTESIAN_POINT('',(-0.026271223650907,0.0266927791653786,-0.00129662853366486));
#6364=CARTESIAN_POINT('',(-0.023941573130016,0.023613846361122,-0.00174855866488988));
#6365=CARTESIAN_POINT('',(-0.0215395504545225,0.0213050299452235,-0.00187854358333845));
#6366=CARTESIAN_POINT('',(-0.0194566884404956,0.0198424261812602,-0.00179565029811833));
#6367=CARTESIAN_POINT('',(-0.0176541873957937,0.0189489780729789,-0.00159709654830467));
#6368=CARTESIAN_POINT('',(-0.0160054404960982,0.0182925210135017,-0.00138152745146537));
#6369=CARTESIAN_POINT('',(-0.01451720285122,0.0177031485198288,-0.00125399709605583));
#6370=CARTESIAN_POINT('',(-0.0130676231528109,0.0170032376998829,-0.00130582848769962));
#6371=CARTESIAN_POINT('',(-0.0122258948296384,0.0164061018988642,-0.00159313964140138));
#6372=CARTESIAN_POINT('',(-0.0118324953076274,0.0160127125579603,-0.00191422841249568));
#6373=CARTESIAN_POINT('',(-0.0025777452704765,0.0755646572711945,0.07375));
#6374=CARTESIAN_POINT('',(-0.00257555331569906,0.0755670144674117,0.063967653001146));
#6375=CARTESIAN_POINT('',(-0.00498682837834938,0.0734530781265589,0.0500852998047479));
#6376=CARTESIAN_POINT('',(-0.0113055510583154,0.0673577767619601,0.0344407857004612));
#6377=CARTESIAN_POINT('',(-0.0157548432078561,0.062827010202744,0.0260902737268481));
#6378=CARTESIAN_POINT('',(-0.0199414589313448,0.0583516431437565,0.0195928994189932));
#6379=CARTESIAN_POINT('',(-0.0240608533212186,0.0537862556791653,0.014160833484101));
#6380=CARTESIAN_POINT('',(-0.0275841223999674,0.0489729368613037,0.00957115073509355));
#6381=CARTESIAN_POINT('',(-0.0298248501913391,0.0443259769577114,0.00606482891880861));
#6382=CARTESIAN_POINT('',(-0.0307475126464719,0.0403474011440979,0.00366206861442648));
#6383=CARTESIAN_POINT('',(-0.0307999970204459,0.0368473869296382,0.0019347191251924));
#6384=CARTESIAN_POINT('',(-0.030211343537454,0.0335417109650596,0.000599656635601404));
#6385=CARTESIAN_POINT('',(-0.0288785625173999,0.0300221077429202,-0.000512808091964838));
#6386=CARTESIAN_POINT('',(-0.0268998833957951,0.0264667735645294,-0.00136373298459852));
#6387=CARTESIAN_POINT('',(-0.0245386545821187,0.0233256524984951,-0.00186865812973455));
#6388=CARTESIAN_POINT('',(-0.0221496398587645,0.0209351731568756,-0.00202374037115864));
#6389=CARTESIAN_POINT('',(-0.0201131531070497,0.0193815328849794,-0.0019402115013027));
#6390=CARTESIAN_POINT('',(-0.0183782184154066,0.0183864237006601,-0.00172297167472161));
#6391=CARTESIAN_POINT('',(-0.0167963706449965,0.0176182138386415,-0.00147310475413729));
#6392=CARTESIAN_POINT('',(-0.0153674036963377,0.0169303719176009,-0.00130510588890941));
#6393=CARTESIAN_POINT('',(-0.0139647833931926,0.0161475637556434,-0.00131577347932471));
#6394=CARTESIAN_POINT('',(-0.0131299681156929,0.0155154906530816,-0.00158781408683186));
#6395=CARTESIAN_POINT('',(-0.0127298291162687,0.0151153786786699,-0.00191422832596852));
#6396=CARTESIAN_POINT('',(-0.00350313357489901,0.0751672855288306,0.07375));
#6397=CARTESIAN_POINT('',(-0.00350169617388236,0.0751703620074884,0.0640055037306285));
#6398=CARTESIAN_POINT('',(-0.00577451745819114,0.073217224374827,0.050165495684285));
#6399=CARTESIAN_POINT('',(-0.0119946375063196,0.0673040869688594,0.0346024481011488));
#6400=CARTESIAN_POINT('',(-0.0164436153775339,0.0628559258953178,0.0263078007999279));
#6401=CARTESIAN_POINT('',(-0.0206790198568286,0.0584155781423798,0.0198550221658976));
#6402=CARTESIAN_POINT('',(-0.0248879642849989,0.0538422691036409,0.0144631667106939));
#6403=CARTESIAN_POINT('',(-0.0284982095421926,0.0489888393383275,0.00989304349125592));
#6404=CARTESIAN_POINT('',(-0.030788487752679,0.0442863059526294,0.00637370913170836));
#6405=CARTESIAN_POINT('',(-0.0317169577981536,0.0402553385920837,0.00393395862551578));
#6406=CARTESIAN_POINT('',(-0.0317436821658794,0.0367102680842944,0.00215533737706136));
#6407=CARTESIAN_POINT('',(-0.0311040805284118,0.0333651320760696,0.000757247773973618));
#6408=CARTESIAN_POINT('',(-0.0296834095555257,0.0298125317754407,-0.000437128921430571));
#6409=CARTESIAN_POINT('',(-0.0276167558268607,0.0262142054244414,-0.00136910280381314));
#6410=CARTESIAN_POINT('',(-0.0252191740608379,0.0229980754202497,-0.00193580213885164));
#6411=CARTESIAN_POINT('',(-0.0228648100735193,0.020490711871376,-0.00212781424445955));
#6412=CARTESIAN_POINT('',(-0.0209079898793851,0.0187992142644276,-0.00205488026666051));
#6413=CARTESIAN_POINT('',(-0.0192780107816429,0.0176525676976637,-0.00182721414748879));
#6414=CARTESIAN_POINT('',(-0.0178014742715126,0.0167289052322688,-0.00154970310360978));
#6415=CARTESIAN_POINT('',(-0.0164656949354636,0.015907497400937,-0.00134794507507967));
#6416=CARTESIAN_POINT('',(-0.0151383742397755,0.0150145117979397,-0.00132380745282525));
#6417=CARTESIAN_POINT('',(-0.0143199446619827,0.0143391769680083,-0.00158246631783792));
#6418=CARTESIAN_POINT('',(-0.0139129757050801,0.0139322322815806,-0.00191422856077922));
#6419=CARTESIAN_POINT('',(-0.00435906732908904,0.074628202989705,0.07375));
#6420=CARTESIAN_POINT('',(-0.00435850515189489,0.0746313622867491,0.0640660134205936));
#6421=CARTESIAN_POINT('',(-0.00650719071879059,0.072866092746235,0.0502990288275827));
#6422=CARTESIAN_POINT('',(-0.0126357541887609,0.0671676221970669,0.0348296361110736));
#6423=CARTESIAN_POINT('',(-0.0170903931515226,0.0628166030158455,0.0265973523294783));
#6424=CARTESIAN_POINT('',(-0.0213780476210273,0.0584251885661298,0.0201929371136098));
#6425=CARTESIAN_POINT('',(-0.0256741698026435,0.0538582544061017,0.0148413815376124));
#6426=CARTESIAN_POINT('',(-0.029365539843746,0.0489785696268748,0.0102883355682387));
#6427=CARTESIAN_POINT('',(-0.0317001485469769,0.0442311735231905,0.00675426407641093));
#6428=CARTESIAN_POINT('',(-0.032632177308803,0.0401553644963392,0.00427863764884422));
#6429=CARTESIAN_POINT('',(-0.0326343976233194,0.0365708050942717,0.00245216945389774));
#6430=CARTESIAN_POINT('',(-0.0319487215711558,0.0331904946763374,0.000996172912092908));
#6431=CARTESIAN_POINT('',(-0.0304495996974247,0.0296063085810134,-0.000273570760866946));
#6432=CARTESIAN_POINT('',(-0.0283045726937484,0.0259600120438956,-0.0012831653280236));
#6433=CARTESIAN_POINT('',(-0.025877822554104,0.0226586762817488,-0.00191102150578782));
#6434=CARTESIAN_POINT('',(-0.0235647958378956,0.020022064583038,-0.0021425372899135));
#6435=CARTESIAN_POINT('',(-0.0216922566323288,0.0181850830892062,-0.0020880732667035));
#6436=CARTESIAN_POINT('',(-0.0201702587233254,0.0168857009785632,-0.00186291073239595));
#6437=CARTESIAN_POINT('',(-0.0188037440494409,0.0158123006130808,-0.00157693733734095));
#6438=CARTESIAN_POINT('',(-0.0175646414586919,0.0148627855134849,-0.00136244441841595));
#6439=CARTESIAN_POINT('',(-0.0163156652757626,0.0138645721767433,-0.00132475670075342));
#6440=CARTESIAN_POINT('',(-0.0155178854984357,0.0131506793034399,-0.00157874970278352));
#6441=CARTESIAN_POINT('',(-0.0151062022371257,0.0127390051643025,-0.00191422784401859));
#6442=CARTESIAN_POINT('',(-0.00499887013955188,0.0741028581317109,0.07375));
#6443=CARTESIAN_POINT('',(-0.00499892158483478,0.0741056564118673,0.0641284929019241));
#6444=CARTESIAN_POINT('',(-0.00706221753643671,0.0725027876716362,0.0504406715939865));
#6445=CARTESIAN_POINT('',(-0.0131206070202461,0.0669992733161796,0.0350528604664914));
#6446=CARTESIAN_POINT('',(-0.0175794150998922,0.0627363991355411,0.0268734677214937));
#6447=CARTESIAN_POINT('',(-0.0219070746650033,0.0583955138020246,0.0205110514188506));
#6448=CARTESIAN_POINT('',(-0.0262664106452919,0.0538481798228096,0.015193572037553));
#6449=CARTESIAN_POINT('',(-0.0300137823264298,0.0489618155585853,0.0106534449177461));
#6450=CARTESIAN_POINT('',(-0.032376889882651,0.044188196344919,0.00710591679804852));
#6451=CARTESIAN_POINT('',(-0.0333098867839544,0.0400816180280932,0.00460160164449159));
#6452=CARTESIAN_POINT('',(-0.0332968525336905,0.036467002509113,0.00273883738303364));
#6453=CARTESIAN_POINT('',(-0.032585223675852,0.0330563303698847,0.00124014750638809));
#6454=CARTESIAN_POINT('',(-0.0310435739122241,0.029436471901211,-8.4346360468651E-5));
#6455=CARTESIAN_POINT('',(-0.0288567832552522,0.0257356464273914,-0.00115215009675778));
#6456=CARTESIAN_POINT('',(-0.026415868414568,0.0223556512568404,-0.00182880906526581));
#6457=CARTESIAN_POINT('',(-0.0241319688957614,0.019616625698681,-0.0020945396816679));
#6458=CARTESIAN_POINT('',(-0.0223180599142178,0.0176717167750866,-0.00206057677007687));
#6459=CARTESIAN_POINT('',(-0.020871902545958,0.0162630690095343,-0.00184649310633069));
#6460=CARTESIAN_POINT('',(-0.0195836536311639,0.0150852829953753,-0.00156646265884602));
#6461=CARTESIAN_POINT('',(-0.01841286906473,0.0140464450059414,-0.00135530072508171));
#6462=CARTESIAN_POINT('',(-0.017219167951031,0.0129746258579069,-0.0013205403007695));
#6463=CARTESIAN_POINT('',(-0.0164378779074991,0.0122353242631643,-0.00157687424619672));
#6464=CARTESIAN_POINT('',(-0.0160238795647347,0.0118213290091719,-0.00191422928000556));
#6465=CARTESIAN_POINT('',(-0.00546027463009415,0.0736556311386644,0.07375));
#6466=CARTESIAN_POINT('',(-0.00546061368282118,0.0736580797117919,0.0641830592115956));
#6467=CARTESIAN_POINT('',(-0.00747089604190664,0.0721797876589213,0.050567149394796));
#6468=CARTESIAN_POINT('',(-0.0134806195339707,0.0668373134048827,0.0352467671928868));
#6469=CARTESIAN_POINT('',(-0.0179395598229243,0.0626489349013907,0.0271077795532661));
#6470=CARTESIAN_POINT('',(-0.0222923562734853,0.0583538953764416,0.0207775556463015));
#6471=CARTESIAN_POINT('',(-0.0266918842070818,0.0538309465629342,0.0154859362891445));
#6472=CARTESIAN_POINT('',(-0.030474325151024,0.0489489091688919,0.0109549209634706));
#6473=CARTESIAN_POINT('',(-0.0328547565447472,0.0441613281307432,0.00739613587202325));
#6474=CARTESIAN_POINT('',(-0.0337885671409369,0.0400334828160592,0.00486975226408965));
#6475=CARTESIAN_POINT('',(-0.0337684423041338,0.0363949702370199,0.00298032220767706));
#6476=CARTESIAN_POINT('',(-0.0330459390242381,0.0329569299565487,0.00145136210999151));
#6477=CARTESIAN_POINT('',(-0.0314870182817272,0.0292998052858937,8.92874223934212E-5));
#6478=CARTESIAN_POINT('',(-0.0292833971498993,0.0255457197586627,-0.00101933094368791));
#6479=CARTESIAN_POINT('',(-0.0268383940376707,0.0221002539981611,-0.00173286727139337));
#6480=CARTESIAN_POINT('',(-0.0245728750588937,0.0192869627867438,-0.00202696128333061));
#6481=CARTESIAN_POINT('',(-0.0227945110263672,0.0172692692981899,-0.00201216589010689));
#6482=CARTESIAN_POINT('',(-0.0213949087483395,0.0157898606129333,-0.00181131187439292));
#6483=CARTESIAN_POINT('',(-0.0201555300616103,0.0145460332176763,-0.0015421898449368));
#6484=CARTESIAN_POINT('',(-0.0190273587406931,0.0134505887452563,-0.0013403564789795));
#6485=CARTESIAN_POINT('',(-0.0178681459635185,0.0123318310632471,-0.00131478582285919));
#6486=CARTESIAN_POINT('',(-0.0170981693304488,0.0115771102277505,-0.00157598522216126));
#6487=CARTESIAN_POINT('',(-0.0166831278781677,0.011162077119277,-0.00191422489975216));
#6488=CARTESIAN_POINT('',(-0.00582142198807526,0.0732391282849005,0.07375));
#6489=CARTESIAN_POINT('',(-0.00582187649271426,0.0732412609424784,0.0642350050599805));
#6490=CARTESIAN_POINT('',(-0.00779807422927717,0.0718675998512522,0.0506893601791941));
#6491=CARTESIAN_POINT('',(-0.0137720781545472,0.0666704624309871,0.035430388208659));
#6492=CARTESIAN_POINT('',(-0.01822839665988,0.0625515290675036,0.0273250383946199));
#6493=CARTESIAN_POINT('',(-0.022596882941664,0.0583017233210033,0.0210212314113504));
#6494=CARTESIAN_POINT('',(-0.0270220439864228,0.0538080367601435,0.0157507736106549));
#6495=CARTESIAN_POINT('',(-0.0308259953774889,0.0489388413671252,0.0112268715765952));
#6496=CARTESIAN_POINT('',(-0.0332161726418119,0.0441459895608178,0.00765790826195493));
#6497=CARTESIAN_POINT('',(-0.0341505417440331,0.0400032621378763,0.00511286658393533));
#6498=CARTESIAN_POINT('',(-0.0341291364291479,0.0363443182429843,0.00320207921301886));
#6499=CARTESIAN_POINT('',(-0.0334066886103649,0.0328793152868754,0.00165019719734094));
#6500=CARTESIAN_POINT('',(-0.0318482035255929,0.0291807973566841,0.000261291544429363));
#6501=CARTESIAN_POINT('',(-0.0296448696302557,0.0253706696315092,-0.000877345635513974));
#6502=CARTESIAN_POINT('',(-0.0272040306396896,0.0218646557285983,-0.00162089887618228));
#6503=CARTESIAN_POINT('',(-0.0249521385575638,0.0189918009565207,-0.00194107276900561));
#6504=CARTESIAN_POINT('',(-0.0231957298832031,0.0169214804956305,-0.00194616244360063));
#6505=CARTESIAN_POINT('',(-0.0218243800394341,0.0153943497264695,-0.00176117150410831));
#6506=CARTESIAN_POINT('',(-0.0206151715173719,0.0141077694396711,-0.00150707125649601));
#6507=CARTESIAN_POINT('',(-0.019513342509565,0.0129755617645663,-0.00131922782943054));
#6508=CARTESIAN_POINT('',(-0.0183756700299735,0.0118258460831779,-0.00130769722394947));
#6509=CARTESIAN_POINT('',(-0.0176140278031696,0.0110617249671272,-0.00157574471952688));
#6510=CARTESIAN_POINT('',(-0.0171987464846561,0.0106464697015293,-0.00191423860310496));
#6511=CARTESIAN_POINT('',(-0.0060953994589905,0.0728750719115263,0.07375));
#6512=CARTESIAN_POINT('',(-0.00609587317774097,0.0728769721277766,0.0642811778690577));
#6513=CARTESIAN_POINT('',(-0.0080519246948406,0.0715863874193122,0.0507992265811114));
#6514=CARTESIAN_POINT('',(-0.0140015868471991,0.0665131944063919,0.0355944165938229));
#6515=CARTESIAN_POINT('',(-0.0184540409087112,0.0624559054492055,0.0275163487951036));
#6516=CARTESIAN_POINT('',(-0.0228309282498006,0.0582479536597039,0.0212333341097043));
#6517=CARTESIAN_POINT('',(-0.0272706037663689,0.0537842698900633,0.015979437313194));
#6518=CARTESIAN_POINT('',(-0.0310862552890708,0.0489318994940091,0.0114608197567301));
#6519=CARTESIAN_POINT('',(-0.0334811926629002,0.0441392757890598,0.0078828288673753));
#6520=CARTESIAN_POINT('',(-0.0344164921249729,0.0399862696106381,0.00532215580328391));
#6521=CARTESIAN_POINT('',(-0.0343979611984596,0.0363097223829656,0.00339460618546462));
#6522=CARTESIAN_POINT('',(-0.0336823245010641,0.0328188944786383,0.00182614487229744));
#6523=CARTESIAN_POINT('',(-0.0321343114734507,0.029079015255308,0.000419377067145503));
#6524=CARTESIAN_POINT('',(-0.0299406191009595,0.0252161841302084,-0.000740479416009757));
#6525=CARTESIAN_POINT('',(-0.0275080512595503,0.0216582654127821,-0.00150792148267139));
#6526=CARTESIAN_POINT('',(-0.0252657025889721,0.0187401427281089,-0.0018512222239493));
#6527=CARTESIAN_POINT('',(-0.0235210179426333,0.0166341331908207,-0.00187548366600216));
#6528=CARTESIAN_POINT('',(-0.0221640434380331,0.0150775128806404,-0.00170686638655561));
#6529=CARTESIAN_POINT('',(-0.0209707252149402,0.0137658714011546,-0.00146886939428079));
#6530=CARTESIAN_POINT('',(-0.0198831396384557,0.0126116824303871,-0.00129637441343593));
#6531=CARTESIAN_POINT('',(-0.0187577016594771,0.0114426547639344,-0.00130039740006746));
#6532=CARTESIAN_POINT('',(-0.0180021264521043,0.0106731559791388,-0.00157582733398638));
#6533=CARTESIAN_POINT('',(-0.0175870544540952,0.0102581389050915,-0.00191421064585548));
#6534=CARTESIAN_POINT('',(-0.00625988194637494,0.0726340187186269,0.07375));
#6535=CARTESIAN_POINT('',(-0.00626034422185755,0.0726357875213548,0.0643120632997531));
#6536=CARTESIAN_POINT('',(-0.00820694544033034,0.0713965340876005,0.0508731894877459));
#6537=CARTESIAN_POINT('',(-0.0141436084004904,0.0664038784232431,0.0357048239416405));
#6538=CARTESIAN_POINT('',(-0.0185929917161228,0.0623879997382239,0.0276441140233631));
#6539=CARTESIAN_POINT('',(-0.0229730748260585,0.0582090202946743,0.0213737240722471));
#6540=CARTESIAN_POINT('',(-0.0274186984378464,0.0537671984934528,0.0161295005890598));
#6541=CARTESIAN_POINT('',(-0.0312387311365453,0.0489283336814509,0.0116135462550975));
#6542=CARTESIAN_POINT('',(-0.0336351066825809,0.0441379841650716,0.00802934081959204));
#6543=CARTESIAN_POINT('',(-0.0345714693919378,0.0399793457178538,0.00545867497679055));
#6544=CARTESIAN_POINT('',(-0.0345569699658294,0.0362910222230991,0.00352111785636436));
#6545=CARTESIAN_POINT('',(-0.033849083386192,0.032781712268754,0.001943582365606));
#6546=CARTESIAN_POINT('',(-0.0323125198657592,0.0290118065207156,0.000527825992231026));
#6547=CARTESIAN_POINT('',(-0.0301293542072242,0.0251122622915518,-0.000643790692682744));
#6548=CARTESIAN_POINT('',(-0.0277043028620689,0.0215203161076074,-0.00142617146188078));
#6549=CARTESIAN_POINT('',(-0.0254671561391937,0.0185752241595653,-0.00178522957884664));
#6550=CARTESIAN_POINT('',(-0.0237266952196514,0.0164503108795541,-0.00182329427703095));
#6551=CARTESIAN_POINT('',(-0.0223742495951705,0.0148798869929235,-0.00166685643406037));
#6552=CARTESIAN_POINT('',(-0.0211862738023828,0.0135574948452052,-0.00144087471351493));
#6553=CARTESIAN_POINT('',(-0.0201036803110876,0.0123937413597616,-0.00127979797235555));
#6554=CARTESIAN_POINT('',(-0.0189828127234941,0.0112159694018726,-0.00129532479537195));
#6555=CARTESIAN_POINT('',(-0.0182302960093096,0.0104444591631985,-0.00157608686915207));
#6556=CARTESIAN_POINT('',(-0.0178155032443708,0.010029748208357,-0.00191428179562188));
#6557=CARTESIAN_POINT('',(-0.00637137901049159,0.0724575071199244,0.07375));
#6558=CARTESIAN_POINT('',(-0.00637181537730834,0.0724591938161338,0.0643348129037243));
#6559=CARTESIAN_POINT('',(-0.008313485130424,0.0712556383906526,0.0509279361800014));
#6560=CARTESIAN_POINT('',(-0.0142420200470709,0.066321279646051,0.0357863669277191));
#6561=CARTESIAN_POINT('',(-0.0186889290929767,0.0623359438647022,0.0277380084715495));
#6562=CARTESIAN_POINT('',(-0.0230705098867341,0.0581786724053639,0.0214766767922768));
#6563=CARTESIAN_POINT('',(-0.0275193466311701,0.0537538234147404,0.0162397412920188));
#6564=CARTESIAN_POINT('',(-0.0313417489673087,0.0489260687430282,0.0117261073684937));
#6565=CARTESIAN_POINT('',(-0.0337388301420081,0.04413828361547,0.00813740807726914));
#6566=CARTESIAN_POINT('',(-0.0346760890915745,0.0399758402354962,0.00555924507572412));
#6567=CARTESIAN_POINT('',(-0.0346649985155044,0.0362787424322422,0.0036143198790538));
#6568=CARTESIAN_POINT('',(-0.03396345215071,0.0327554461044958,0.00203040996105199));
#6569=CARTESIAN_POINT('',(-0.0324362785206144,0.0289630875746802,0.000608686197294748));
#6570=CARTESIAN_POINT('',(-0.03026191290058,0.0250367478160033,-0.000570926263600333));
#6571=CARTESIAN_POINT('',(-0.0278430853919255,0.0214205520684905,-0.00136377065499102));
#6572=CARTESIAN_POINT('',(-0.0256096892064732,0.0184569991799638,-0.00173417033630907));
#6573=CARTESIAN_POINT('',(-0.0238715439371722,0.0163198799563002,-0.00178245107323029));
#6574=CARTESIAN_POINT('',(-0.0225211145156529,0.0147411900989343,-0.00163526950212749));
#6575=CARTESIAN_POINT('',(-0.0213356641039839,0.013412612757167,-0.0014185473469521));
#6576=CARTESIAN_POINT('',(-0.0202558041024356,0.0122428489026675,-0.00126638502338543));
#6577=CARTESIAN_POINT('',(-0.0191381102500922,0.0110588171693571,-0.00129108455263296));
#6578=CARTESIAN_POINT('',(-0.0183883533845705,0.0102856588877751,-0.00157617874450987));
#6579=CARTESIAN_POINT('',(-0.0179738674494923,0.00987127966327801,-0.00191415400579405));
#6580=CARTESIAN_POINT('',(-0.00643385882987915,0.0723546346141419,0.07375));
#6581=CARTESIAN_POINT('',(-0.0064342863960311,0.0723562764160689,0.0643481437797938));
#6582=CARTESIAN_POINT('',(-0.00837369224193952,0.0711727650369821,0.0509600556608738));
#6583=CARTESIAN_POINT('',(-0.0142983660663933,0.0662718519950137,0.0358346055480475));
#6584=CARTESIAN_POINT('',(-0.0187438089446553,0.062304602592185,0.0277934488195675));
#6585=CARTESIAN_POINT('',(-0.0231254375021248,0.0581605319766237,0.0215367518250364));
#6586=CARTESIAN_POINT('',(-0.0275746279181216,0.0537460913413583,0.0163027769945521));
#6587=CARTESIAN_POINT('',(-0.0313967924526407,0.0489252498721337,0.0117893603912316));
#6588=CARTESIAN_POINT('',(-0.0337934491629084,0.0441395678876529,0.00819772251091095));
#6589=CARTESIAN_POINT('',(-0.0347316087055703,0.0399753581563231,0.00561562520957127));
#6590=CARTESIAN_POINT('',(-0.0347237284519546,0.0362730224199044,0.00366733065946105));
#6591=CARTESIAN_POINT('',(-0.0340275405876411,0.0327408218870027,0.00208095905786563));
#6592=CARTESIAN_POINT('',(-0.0325079369141125,0.0289338703239738,0.000657286413721533));
#6593=CARTESIAN_POINT('',(-0.030340482016641,0.0249905538635978,-0.000525994680131552));
#6594=CARTESIAN_POINT('',(-0.0279259921619221,0.0213598131043034,-0.00132487390689763));
#6595=CARTESIAN_POINT('',(-0.0256940404037888,0.0183863821704872,-0.00170252143796116));
#6596=CARTESIAN_POINT('',(-0.0239554438067395,0.016243964983734,-0.00175757927081099));
#6597=CARTESIAN_POINT('',(-0.0226037752871638,0.0146628485274786,-0.00161653001061081));
#6598=CARTESIAN_POINT('',(-0.0214172389001883,0.0133333272855748,-0.00140573302247451));
#6599=CARTESIAN_POINT('',(-0.0203364847454507,0.0121628104678949,-0.00125903377657754));
#6600=CARTESIAN_POINT('',(-0.0192180879048931,0.0109780286141042,-0.00128906208693208));
#6601=CARTESIAN_POINT('',(-0.0184686137532477,0.0102052399142289,-0.0015764964286901));
#6602=CARTESIAN_POINT('',(-0.0180542823103485,0.00979103205221217,-0.00191435884411704));
#6603=CARTESIAN_POINT('',(-0.00649513265350835,0.0722508985228793,0.07375));
#6604=CARTESIAN_POINT('',(-0.00649558226653422,0.0722524861737992,0.0643615293200611));
#6605=CARTESIAN_POINT('',(-0.00843316941497951,0.0710885805313919,0.0509920661839779));
#6606=CARTESIAN_POINT('',(-0.0143554546379443,0.06622035954452,0.0358840616196464));
#6607=CARTESIAN_POINT('',(-0.0187994945402328,0.0622718314575437,0.0278506451855472));
#6608=CARTESIAN_POINT('',(-0.0231794134501301,0.0581421139437109,0.0215973840386912));
#6609=CARTESIAN_POINT('',(-0.0276254326643225,0.0537388395434805,0.0163631996086791));
#6610=CARTESIAN_POINT('',(-0.0314433852156026,0.0489253299616324,0.0118469179479039));
#6611=CARTESIAN_POINT('',(-0.0338376059367831,0.0441428551017517,0.00825140604771043));
#6612=CARTESIAN_POINT('',(-0.0347777100384516,0.0399778677048646,0.00566649885834399));
#6613=CARTESIAN_POINT('',(-0.0347760773046406,0.036270048645591,0.003717138732623));
#6614=CARTESIAN_POINT('',(-0.0340892997606591,0.0327273199516282,0.00213122927499693));
#6615=CARTESIAN_POINT('',(-0.0325824316640633,0.0289023180976677,0.000708863744574183));
#6616=CARTESIAN_POINT('',(-0.030426356377193,0.0249386060640317,-0.000476350826692133));
#6617=CARTESIAN_POINT('',(-0.0280179404294599,0.0212919172837603,-0.00128165784282216));
#6618=CARTESIAN_POINT('',(-0.025785539721765,0.0183100943483494,-0.00166813909815134));
#6619=CARTESIAN_POINT('',(-0.0240420172996718,0.0161660486872413,-0.00173154261342812));
#6620=CARTESIAN_POINT('',(-0.0226831147993174,0.0145875812886561,-0.00159769519172127));
#6621=CARTESIAN_POINT('',(-0.0214888884941865,0.0132630650819226,-0.00139322633080279));
#6622=CARTESIAN_POINT('',(-0.020400335617344,0.0120986874272392,-0.00125174610606857));
#6623=CARTESIAN_POINT('',(-0.0192735173493013,0.0109213051144168,-0.00128610448660212));
#6624=CARTESIAN_POINT('',(-0.0185198916582932,0.0101528506575926,-0.0015749934983446));
#6625=CARTESIAN_POINT('',(-0.0181055105762445,0.00973860913142178,-0.00191289569666208));
#6626=CARTESIAN_POINT('',(-0.00657037516537668,0.0721179993788701,0.07375));
#6627=CARTESIAN_POINT('',(-0.00657083939369289,0.0721195146502861,0.0643784783214581));
#6628=CARTESIAN_POINT('',(-0.00850664154927712,0.070980699594703,0.0510325161670077));
#6629=CARTESIAN_POINT('',(-0.0144257260343359,0.0661544734416275,0.0359462872136246));
#6630=CARTESIAN_POINT('',(-0.0188679033504649,0.0622295828048269,0.027922883115044));
#6631=CARTESIAN_POINT('',(-0.0232460459916819,0.0581178208703554,0.021675112525669));
#6632=CARTESIAN_POINT('',(-0.027688941797259,0.0537287510392502,0.0164427495451215));
#6633=CARTESIAN_POINT('',(-0.0315027713779098,0.0489248306404017,0.0119245989238114));
#6634=CARTESIAN_POINT('',(-0.0338947386601577,0.0441463247124202,0.00832451330856809));
#6635=CARTESIAN_POINT('',(-0.0348371486161946,0.0399799522655349,0.00573522687296145));
#6636=CARTESIAN_POINT('',(-0.0348423775381334,0.036265117518609,0.00378318914320807));
#6637=CARTESIAN_POINT('',(-0.0341659525788216,0.0327096640091095,0.00219628811557527));
#6638=CARTESIAN_POINT('',(-0.0326734827734329,0.0288635533553207,0.000773663064845253));
#6639=CARTESIAN_POINT('',(-0.030530788052047,0.0248759486914602,-0.000415405519139553));
#6640=CARTESIAN_POINT('',(-0.0281300099521932,0.0212100482889463,-0.00122897316771221));
#6641=CARTESIAN_POINT('',(-0.0258979930465507,0.0182172396558052,-0.00162557192583929));
#6642=CARTESIAN_POINT('',(-0.0241497654508701,0.0160698039545697,-0.00169810543292224));
#6643=CARTESIAN_POINT('',(-0.0227833786275316,0.0144928406451542,-0.00157204322033782));
#6644=CARTESIAN_POINT('',(-0.0215808595036869,0.0131724601213177,-0.00137451418152358));
#6645=CARTESIAN_POINT('',(-0.0204838723000474,0.0120133843377948,-0.00123901293842624));
#6646=CARTESIAN_POINT('',(-0.0193482354761972,0.0108424880090566,-0.00127881371397732));
#6647=CARTESIAN_POINT('',(-0.0185906549311112,0.0100780955273668,-0.00156990130987624));
#6648=CARTESIAN_POINT('',(-0.0181762062069141,0.00966380422893856,-0.00190786288708317));
#6649=CARTESIAN_POINT('',(-0.0067454037913177,0.0717902382811012,0.07375));
#6650=CARTESIAN_POINT('',(-0.00674590383734935,0.0717915587180707,0.0644197218271559));
#6651=CARTESIAN_POINT('',(-0.00867921814462468,0.0707138069606676,0.0511305027661865));
#6652=CARTESIAN_POINT('',(-0.0145917777748887,0.0659902547577144,0.0360978858188438));
#6653=CARTESIAN_POINT('',(-0.0190292324888531,0.0621233762307831,0.0280998777763455));
#6654=CARTESIAN_POINT('',(-0.0234019273000368,0.0580560290273188,0.0218668253916159));
#6655=CARTESIAN_POINT('',(-0.0278352905511482,0.0537025223907396,0.0166403611083638));
#6656=CARTESIAN_POINT('',(-0.0316374499282752,0.0489231949408397,0.0121184938815692));
#6657=CARTESIAN_POINT('',(-0.034023722545191,0.0441554640969192,0.00850711705385629));
#6658=CARTESIAN_POINT('',(-0.034972640065249,0.0399859329017474,0.00590651197469343));
#6659=CARTESIAN_POINT('',(-0.0349954844329174,0.0362536285006014,0.00394734056400053));
#6660=CARTESIAN_POINT('',(-0.0343450176003644,0.0326669072863327,0.002357500441722));
#6661=CARTESIAN_POINT('',(-0.0328892114323643,0.0287697973587843,0.000933417823994644));
#6662=CARTESIAN_POINT('',(-0.030781672563256,0.0247248985186747,-0.000266214282269307));
#6663=CARTESIAN_POINT('',(-0.0284014099858642,0.0210130932268636,-0.00110046844012677));
#6664=CARTESIAN_POINT('',(-0.0261705957432026,0.0179944289472366,-0.00152091232370296));
#6665=CARTESIAN_POINT('',(-0.0244096620184938,0.0158397378229496,-0.00161402938524806));
#6666=CARTESIAN_POINT('',(-0.0230225075422634,0.0142677172337151,-0.00150495622760567));
#6667=CARTESIAN_POINT('',(-0.0217960892086722,0.0129587479925134,-0.00132225196273558));
#6668=CARTESIAN_POINT('',(-0.020674546449377,0.0118142403242036,-0.00119959911238571));
#6669=CARTESIAN_POINT('',(-0.019513495151285,0.0106611048110223,-0.00125152453522297));
#6670=CARTESIAN_POINT('',(-0.0187445432908758,0.00990740817696743,-0.00154788263253615));
#6671=CARTESIAN_POINT('',(-0.0183296399433289,0.00949269965029108,-0.0018862206136856));
#6672=CARTESIAN_POINT('',(-0.00698561622527317,0.0712659232409921,0.07375));
#6673=CARTESIAN_POINT('',(-0.00698612750797217,0.0712668914192024,0.0644835947319104));
#6674=CARTESIAN_POINT('',(-0.00892245134204376,0.0702839621126398,0.051281009133952));
#6675=CARTESIAN_POINT('',(-0.0148281753502265,0.0657223500183077,0.0363325186746645));
#6676=CARTESIAN_POINT('',(-0.0192573706123524,0.0619467143055302,0.0283771091088131));
#6677=CARTESIAN_POINT('',(-0.0236191299486622,0.0579497668518927,0.0221733212153264));
#6678=CARTESIAN_POINT('',(-0.0280341246566392,0.0536544385155191,0.0169651756202482));
#6679=CARTESIAN_POINT('',(-0.0318163049754887,0.0489176969952485,0.0124443924522983));
#6680=CARTESIAN_POINT('',(-0.0341952918854045,0.0441698883435057,0.00881623105061213));
#6681=CARTESIAN_POINT('',(-0.0351567104743051,0.0399953315626468,0.00619442526309113));
#6682=CARTESIAN_POINT('',(-0.0352069650999354,0.0362348563314139,0.00421920735732921));
#6683=CARTESIAN_POINT('',(-0.0345950220782169,0.0326004518227406,0.00261948294114485));
#6684=CARTESIAN_POINT('',(-0.0331964139551511,0.0286295264148045,0.00118668149978105));
#6685=CARTESIAN_POINT('',(-0.0311482616046363,0.0245028120696968,-3.52503395877904E-5));
#6686=CARTESIAN_POINT('',(-0.0288052543195429,0.0207247276212066,-0.000903194458522269));
#6687=CARTESIAN_POINT('',(-0.0265795969355514,0.0176678172024395,-0.00135621139510157));
#6688=CARTESIAN_POINT('',(-0.0247994754313177,0.0155016633462111,-0.00147373541298283));
#6689=CARTESIAN_POINT('',(-0.0233777943052465,0.0139364347282349,-0.00138277029596476));
#6690=CARTESIAN_POINT('',(-0.022108676179036,0.0126432758623738,-0.00121518709020828));
#6691=CARTESIAN_POINT('',(-0.0209427806581365,0.0115192544124172,-0.00110674107521979));
#6692=CARTESIAN_POINT('',(-0.0197373729509105,0.0103908882643291,-0.00117484578399115));
#6693=CARTESIAN_POINT('',(-0.0189497405474341,0.00965155505452906,-0.00148031617377084));
#6694=CARTESIAN_POINT('',(-0.0185331306003149,0.00923517936989761,-0.00182004810951399));
#6695=CARTESIAN_POINT('',(-0.00723960044014093,0.0705141767088357,0.07375));
#6696=CARTESIAN_POINT('',(-0.00724001428119542,0.0705145881394327,0.0645715366710637));
#6697=CARTESIAN_POINT('',(-0.00919460680708347,0.0696610337258391,0.051486614486515));
#6698=CARTESIAN_POINT('',(-0.015097230263479,0.0653280096515492,0.0366544723439599));
#6699=CARTESIAN_POINT('',(-0.0195115745907737,0.0616815389097045,0.0287611796856419));
#6700=CARTESIAN_POINT('',(-0.0238505651445946,0.0577853112146653,0.0226064900582175));
#6701=CARTESIAN_POINT('',(-0.028229219485002,0.053577215718213,0.0174369970608279));
#6702=CARTESIAN_POINT('',(-0.031976792507369,0.0489103044322584,0.0129281171358069));
#6703=CARTESIAN_POINT('',(-0.0343496979826763,0.0441989953128745,0.00927925050396529));
#6704=CARTESIAN_POINT('',(-0.0353367113082251,0.040018254291091,0.00662452952140894));
#6705=CARTESIAN_POINT('',(-0.035428116918897,0.0362168002677538,0.00462010475240007));
#6706=CARTESIAN_POINT('',(-0.0348677141159483,0.0325171978747912,0.00299847819674105));
#6707=CARTESIAN_POINT('',(-0.0335489409684979,0.0284514756452894,0.0015477501696539));
#6708=CARTESIAN_POINT('',(-0.0315941636562044,0.0242212366563883,0.000293777773076381));
#6709=CARTESIAN_POINT('',(-0.0293167850374279,0.0203586559213523,-0.00061856522839987));
#6710=CARTESIAN_POINT('',(-0.0271070902458442,0.0172531868935011,-0.00110994733186926));
#6711=CARTESIAN_POINT('',(-0.025302456100163,0.0150735331751832,-0.00125192325656926));
#6712=CARTESIAN_POINT('',(-0.0238298358259305,0.0135192617319248,-0.00117598643826532));
#6713=CARTESIAN_POINT('',(-0.022493554128287,0.0122473255272396,-0.00101962891398478));
#6714=CARTESIAN_POINT('',(-0.0212576786180481,0.0111492154848732,-0.000923726980600279));
#6715=CARTESIAN_POINT('',(-0.0199843483732415,0.0100495436191643,-0.00101073534659252));
#6716=CARTESIAN_POINT('',(-0.0191683986409871,0.00932382576659892,-0.00133010764069459));
#6717=CARTESIAN_POINT('',(-0.0187466636258735,0.008902385735468,-0.00167398429044023));
#6718=CARTESIAN_POINT('',(-0.00747518689795741,0.0694457273637343,0.07375));
#6719=CARTESIAN_POINT('',(-0.00747527168057487,0.0694455874438971,0.0646914487670961));
#6720=CARTESIAN_POINT('',(-0.00947615672384023,0.0687578545251929,0.0517675320235888));
#6721=CARTESIAN_POINT('',(-0.0153886988259772,0.0647417669846998,0.0371028077010478));
#6722=CARTESIAN_POINT('',(-0.0197785746531759,0.0612814284334727,0.029299318915079));
#6723=CARTESIAN_POINT('',(-0.024073420726858,0.0575333367433735,0.0232187916244234));
#6724=CARTESIAN_POINT('',(-0.0283846262265891,0.0534578642389585,0.0181126558783573));
#6725=CARTESIAN_POINT('',(-0.0320752348287515,0.0489031107302347,0.013629716405419));
#6726=CARTESIAN_POINT('',(-0.0344474052372493,0.0442522744535289,0.00995889690959534));
#6727=CARTESIAN_POINT('',(-0.0354817948760191,0.0400615886439034,0.00726090275563434));
#6728=CARTESIAN_POINT('',(-0.0356349452293767,0.0362009121493595,0.00521109789111315));
#6729=CARTESIAN_POINT('',(-0.0351435646409929,0.0324130172004359,0.00354837891002644));
#6730=CARTESIAN_POINT('',(-0.0339309570928816,0.0282263341104128,0.00206560491380317));
#6731=CARTESIAN_POINT('',(-0.0321137359278445,0.0238663286713072,0.0007708809262045));
#6732=CARTESIAN_POINT('',(-0.0299421881442401,0.0198984702073258,-0.000197651680928185));
#6733=CARTESIAN_POINT('',(-0.0277647981195518,0.0167354197751844,-0.000736977356852565));
#6734=CARTESIAN_POINT('',(-0.0259295346159849,0.0145441454545896,-0.000907924639317121));
#6735=CARTESIAN_POINT('',(-0.0243851041810681,0.0130096141158452,-0.000848457582586834));
#6736=CARTESIAN_POINT('',(-0.0229505652490992,0.0117679632154502,-0.000703593202021357));
#6737=CARTESIAN_POINT('',(-0.021612645933381,0.0107034200389119,-0.00062246924271611));
#6738=CARTESIAN_POINT('',(-0.0202424701274968,0.00963680266990023,-0.000735132612165912));
#6739=CARTESIAN_POINT('',(-0.0193865347100625,0.00892295429547284,-0.00107536343868074));
#6740=CARTESIAN_POINT('',(-0.0189552589752334,0.00849208790281489,-0.00142695020847997));
#6741=CARTESIAN_POINT('',(-0.0075351022632937,0.0683198093922447,0.07375));
#6742=CARTESIAN_POINT('',(-0.00753456831028208,0.0683196048007152,0.0648137579400666));
#6743=CARTESIAN_POINT('',(-0.00961542484597914,0.0677746388530415,0.0520555557016454));
#6744=CARTESIAN_POINT('',(-0.0155603478961652,0.0640796997128456,0.0375731159774775));
#6745=CARTESIAN_POINT('',(-0.0199177908735649,0.0608250525517255,0.0298637686127455));
#6746=CARTESIAN_POINT('',(-0.0241431978469411,0.0572481135041249,0.0238590291363362));
#6747=CARTESIAN_POINT('',(-0.0283517744432093,0.0533318802744067,0.0188199676373221));
#6748=CARTESIAN_POINT('',(-0.0319674925086825,0.0489211572443961,0.0143689749232774));
#6749=CARTESIAN_POINT('',(-0.0343548113900255,0.044345017672519,0.0106896337755507));
#6750=CARTESIAN_POINT('',(-0.035455682949293,0.040136085014363,0.00796067936153164));
#6751=CARTESIAN_POINT('',(-0.0356821469304325,0.0362096754100133,0.00586305471856368));
#6752=CARTESIAN_POINT('',(-0.0352659733326678,0.0323331614396005,0.00414160607633602));
#6753=CARTESIAN_POINT('',(-0.0341535740941519,0.0280360593144873,0.0026097316999558));
#6754=CARTESIAN_POINT('',(-0.0324791290801221,0.0235611464043319,0.00129014601135511));
#6755=CARTESIAN_POINT('',(-0.0304399160650909,0.0194993873996592,0.000287316641776862));
#6756=CARTESIAN_POINT('',(-0.0283178238502226,0.0162890067915321,-0.000289164431942349));
#6757=CARTESIAN_POINT('',(-0.0264636261708689,0.01409416296883,-0.000486505660059972));
#6758=CARTESIAN_POINT('',(-0.024851368591824,0.012582823373889,-0.000445432925725621));
#6759=CARTESIAN_POINT('',(-0.023316349482893,0.0113689051403019,-0.000314426519630975));
#6760=CARTESIAN_POINT('',(-0.0218738925914592,0.0103299385529131,-0.00024963918650197));
#6761=CARTESIAN_POINT('',(-0.0204067302064656,0.00928162255161908,-0.000388378096344236));
#6762=CARTESIAN_POINT('',(-0.019510261416422,0.00856768746328382,-0.000750313578300371));
#6763=CARTESIAN_POINT('',(-0.0190662030736025,0.00812421650655152,-0.00111227981806344));
#6764=CARTESIAN_POINT('',(-0.00740242001763521,0.0671999797581978,0.07375));
#6765=CARTESIAN_POINT('',(-0.00740135312324231,0.0672006524056527,0.06494060035784));
#6766=CARTESIAN_POINT('',(-0.00958899670519387,0.0667691995771438,0.0523547252699898));
#6767=CARTESIAN_POINT('',(-0.0155871989439124,0.0633715261823339,0.0380593384506841));
#6768=CARTESIAN_POINT('',(-0.0199094004729481,0.0603326462610049,0.0304386332311599));
#6769=CARTESIAN_POINT('',(-0.024046576111651,0.0569560681641634,0.0244903475430008));
#6770=CARTESIAN_POINT('',(-0.0281282094981543,0.0532413060268254,0.0194848318264294));
#6771=CARTESIAN_POINT('',(-0.0316738073115193,0.0490007195787339,0.015050276680039));
#6772=CARTESIAN_POINT('',(-0.0340830356970688,0.0444793295645625,0.0113840993760883));
#6773=CARTESIAN_POINT('',(-0.0352400733832925,0.0402339948836839,0.00864898371134029));
#6774=CARTESIAN_POINT('',(-0.0355388610227143,0.0362404839642077,0.00652140973683614));
#6775=CARTESIAN_POINT('',(-0.03521012484061,0.0322813514273327,0.00475162493172274));
#6776=CARTESIAN_POINT('',(-0.0342110653899549,0.0278889365583952,0.00316543225958546));
#6777=CARTESIAN_POINT('',(-0.0326705775225094,0.0233264760217431,0.00182385415456157));
#6778=CARTESIAN_POINT('',(-0.0307599118460603,0.0191988695844543,0.000808664133007598));
#6779=CARTESIAN_POINT('',(-0.0287038683146028,0.0159597748420631,0.00020898902763697));
#6780=CARTESIAN_POINT('',(-0.0268469240290194,0.0137664135851481,-1.44444095511339E-5));
#6781=CARTESIAN_POINT('',(-0.0251840209431393,0.0122682897756682,3.48574883618864E-6));
#6782=CARTESIAN_POINT('',(-0.0235643128128958,0.0110666596760261,0.000115339782529106));
#6783=CARTESIAN_POINT('',(-0.0220312295427629,0.0100357764151643,0.000160958498146451));
#6784=CARTESIAN_POINT('',(-0.0204797683134652,0.00898664246736899,-2.44883947474227E-6));
#6785=CARTESIAN_POINT('',(-0.0195479794950465,0.00826338722312323,-0.000383561870320183));
#6786=CARTESIAN_POINT('',(-0.0190915831153375,0.00780767836564599,-0.000755685429340237));
#6787=CARTESIAN_POINT('',(-0.00721087747704573,0.0663819181471932,0.07375));
#6788=CARTESIAN_POINT('',(-0.00720971400479947,0.0663837614025281,0.0650410996749473));
#6789=CARTESIAN_POINT('',(-0.00948600617658288,0.0660290464746525,0.0525922865945102));
#6790=CARTESIAN_POINT('',(-0.0155315240710567,0.0628377562612947,0.0384319602126439));
#6791=CARTESIAN_POINT('',(-0.0198290455537212,0.0599591828525301,0.0308682791525075));
#6792=CARTESIAN_POINT('',(-0.02389862645161,0.0567418759758531,0.0249463424644343));
#6793=CARTESIAN_POINT('',(-0.0278882199477153,0.0531965068262767,0.0199425453201631));
#6794=CARTESIAN_POINT('',(-0.0313932587076672,0.0490806083276646,0.0155123403825298));
#6795=CARTESIAN_POINT('',(-0.0338073325994283,0.0445803061996931,0.0118619236422188));
#6796=CARTESIAN_POINT('',(-0.0349911210242867,0.0403050487913248,0.00912937149605629));
#6797=CARTESIAN_POINT('',(-0.0353391049144113,0.0362668721938943,0.00699099246420634));
#6798=CARTESIAN_POINT('',(-0.0350796151141525,0.0322542468098484,0.00519986178975014));
#6799=CARTESIAN_POINT('',(-0.0341774602641446,0.0278019424318263,0.00358396052211711));
#6800=CARTESIAN_POINT('',(-0.032738611303022,0.0231909300347963,0.00222519102851183));
#6801=CARTESIAN_POINT('',(-0.0309149654853009,0.0190312412382357,0.00120548127400605));
#6802=CARTESIAN_POINT('',(-0.0289071590736076,0.0157793277909353,0.00059560663778231));
#6803=CARTESIAN_POINT('',(-0.0270543425254684,0.0135851514839388,0.000355536950123524));
#6804=CARTESIAN_POINT('',(-0.0253617291735289,0.0120869970920833,0.000358640122101053));
#6805=CARTESIAN_POINT('',(-0.0236882129940565,0.0108850121378821,0.00045687929499046));
#6806=CARTESIAN_POINT('',(-0.022095820521077,0.00985144477096645,0.000487832870958401));
#6807=CARTESIAN_POINT('',(-0.0204885257659959,0.00879343867504714,0.00030621559501284));
#6808=CARTESIAN_POINT('',(-0.0195334185527164,0.00805972072851155,-8.84087909594404E-5));
#6809=CARTESIAN_POINT('',(-0.019068525799789,0.00759550999311934,-0.000467593974250514));
#6810=CARTESIAN_POINT('',(-0.00693285211439027,0.0656002871370342,0.07375));
#6811=CARTESIAN_POINT('',(-0.00693218857044325,0.0656031747756863,0.0651492110066575));
#6812=CARTESIAN_POINT('',(-0.00930114692841314,0.0653305133150366,0.0528487106852869));
#6813=CARTESIAN_POINT('',(-0.0153954433209641,0.0623308966635764,0.0388101105093445));
#6814=CARTESIAN_POINT('',(-0.0196735731500029,0.0596009986953635,0.0312901002009146));
#6815=CARTESIAN_POINT('',(-0.0236831393094824,0.0565360599831593,0.0253799116156447));
#6816=CARTESIAN_POINT('',(-0.0275978185010808,0.0531520731622118,0.0203664335906021));
#6817=CARTESIAN_POINT('',(-0.0310644814342834,0.0491313107033086,0.0159399287240145));
#6818=CARTESIAN_POINT('',(-0.0334605193784285,0.0446431794196493,0.012299206590378));
#6819=CARTESIAN_POINT('',(-0.0346585710300617,0.0403508995439878,0.00956949260059199));
#6820=CARTESIAN_POINT('',(-0.0350521378456826,0.0362847228802708,0.00742978772931053));
#6821=CARTESIAN_POINT('',(-0.0348648127252381,0.0322366767151202,0.00563242072098599));
#6822=CARTESIAN_POINT('',(-0.0340696252792169,0.027745537719291,0.00400067655584501));
#6823=CARTESIAN_POINT('',(-0.0327356159183176,0.0231073941461575,0.00262524766025));
#6824=CARTESIAN_POINT('',(-0.0309901273343027,0.0189311920890412,0.00160117498321477));
#6825=CARTESIAN_POINT('',(-0.0290258164532546,0.0156701633122569,0.000985417598892362));
#6826=CARTESIAN_POINT('',(-0.027179122989129,0.0134677506183084,0.000733454543150582));
#6827=CARTESIAN_POINT('',(-0.0254609911033509,0.0119576499372375,0.000727751680692754));
#6828=CARTESIAN_POINT('',(-0.023743866745029,0.0107465311573375,0.000814750448165274));
#6829=CARTESIAN_POINT('',(-0.0221029513171254,0.00970263937455054,0.000830704613724008));
#6830=CARTESIAN_POINT('',(-0.0204494827514899,0.00862920498169577,0.000630329495550312));
#6831=CARTESIAN_POINT('',(-0.0194753651999446,0.00788287141548076,0.000222811742202346));
#6832=CARTESIAN_POINT('',(-0.0190033557743409,0.00741144781393431,-0.000162348109840496));
#6833=CARTESIAN_POINT('',(-0.00658161169942516,0.0648744526181571,0.07375));
#6834=CARTESIAN_POINT('',(-0.006581705728755,0.0648773500100981,0.0652594644812769));
#6835=CARTESIAN_POINT('',(-0.00904576705144432,0.0647016080202454,0.0531131616808517));
#6836=CARTESIAN_POINT('',(-0.0151873905697066,0.0618874805057233,0.0391768601726011));
#6837=CARTESIAN_POINT('',(-0.0194535790266467,0.0592849358354836,0.0316867428575228));
#6838=CARTESIAN_POINT('',(-0.0234162930171865,0.0563431917835049,0.0257810924228425));
#6839=CARTESIAN_POINT('',(-0.0272656594982995,0.0530667822935997,0.0207627112935083));
#6840=CARTESIAN_POINT('',(-0.0306687680942878,0.0490959200436254,0.0163385294266101));
#6841=CARTESIAN_POINT('',(-0.0330277860220362,0.0446302312941145,0.0126988719357245));
#6842=CARTESIAN_POINT('',(-0.034239298559545,0.0403477916235046,0.00997219276633175));
#6843=CARTESIAN_POINT('',(-0.034683826157095,0.0362822915134684,0.00783638258398033));
#6844=CARTESIAN_POINT('',(-0.0345772051997961,0.0322279134608389,0.00603995352357371));
#6845=CARTESIAN_POINT('',(-0.0338977077160982,0.0277292625301764,0.00439862762192124));
#6846=CARTESIAN_POINT('',(-0.0326685794047659,0.0230884261784218,0.00301133760527126));
#6847=CARTESIAN_POINT('',(-0.0309949438815092,0.0189076447811097,0.00198716866166669));
#6848=CARTESIAN_POINT('',(-0.0290686659114201,0.0156345913428592,0.00136876243453044));
#6849=CARTESIAN_POINT('',(-0.0272236279483367,0.0134111974980625,0.00111037846832194));
#6850=CARTESIAN_POINT('',(-0.0254756654260091,0.0118763946623321,0.00110463178418562));
#6851=CARTESIAN_POINT('',(-0.0237212377477967,0.0106477734896923,0.00118845888173858));
#6852=CARTESIAN_POINT('',(-0.0220417599159782,0.00958583369837428,0.00119357234088815));
#6853=CARTESIAN_POINT('',(-0.0203531911518834,0.00849115675212106,0.000974247887161585));
#6854=CARTESIAN_POINT('',(-0.0193674816303607,0.00773241664285496,0.000553552045649055));
#6855=CARTESIAN_POINT('',(-0.0188911896317124,0.00725653478077763,0.000164755740957916));
#6856=CARTESIAN_POINT('',(-0.00616035910927164,0.0641972816501157,0.07375));
#6857=CARTESIAN_POINT('',(-0.00616109283724252,0.0641996474552385,0.0653682539969138));
#6858=CARTESIAN_POINT('',(-0.00872046140317024,0.0641268102848604,0.0533771509253373));
#6859=CARTESIAN_POINT('',(-0.014912205415675,0.0614960321626625,0.0395310087635733));
#6860=CARTESIAN_POINT('',(-0.0191737129870322,0.0590017226027707,0.0320619002911076));
#6861=CARTESIAN_POINT('',(-0.0231000587723746,0.0561511098606002,0.0261583587409012));
#6862=CARTESIAN_POINT('',(-0.0268850159892122,0.0529373423243359,0.0211332380602209));
#6863=CARTESIAN_POINT('',(-0.0302172726454018,0.0490016445303306,0.0166990201567901));
#6864=CARTESIAN_POINT('',(-0.0325402333045242,0.0445689477631183,0.0130541847064579));
#6865=CARTESIAN_POINT('',(-0.0337631189030179,0.0403125479357353,0.0103332872966695));
#6866=CARTESIAN_POINT('',(-0.0342529964238458,0.0362673974564262,0.00820970639999276));
#6867=CARTESIAN_POINT('',(-0.0342197850519125,0.0322295632057316,0.00642691297640429));
#6868=CARTESIAN_POINT('',(-0.0336519355721441,0.0277508713833662,0.00479228342536209));
#6869=CARTESIAN_POINT('',(-0.0325331931359383,0.0231304190660381,0.00339541488057225));
#6870=CARTESIAN_POINT('',(-0.0309322601364216,0.0189547263325085,0.00236353746317801));
#6871=CARTESIAN_POINT('',(-0.0290386704490306,0.0156642494774475,0.00174536839222963));
#6872=CARTESIAN_POINT('',(-0.0271894660086118,0.0134100054333274,0.00148764268349938));
#6873=CARTESIAN_POINT('',(-0.0254082713108464,0.0118435274203398,0.00148007401570944));
#6874=CARTESIAN_POINT('',(-0.023623348972531,0.0105940174200293,0.00155431391156961));
#6875=CARTESIAN_POINT('',(-0.0219169678469362,0.00951118887627079,0.00154400858369485));
#6876=CARTESIAN_POINT('',(-0.0202070203353383,0.00839387348205126,0.00130754715557784));
#6877=CARTESIAN_POINT('',(-0.0192157350882905,0.00762344071059023,0.000879106838125348));
#6878=CARTESIAN_POINT('',(-0.0187376212840866,0.00714558681621086,0.000488720737715163));
#6879=CARTESIAN_POINT('',(-0.0138581422542168,0.0182947637155682,0.00424073586166205));
#6880=CARTESIAN_POINT('',(-0.0131639117434352,0.0179311191623017,0.00408114849818896));
#6881=CARTESIAN_POINT('',(-0.0125483466988461,0.0174742184066078,0.00389033881049934));
#6882=CARTESIAN_POINT('',(-0.0120105838766952,0.0169364555844569,0.00364281807300998));
#6883=CARTESIAN_POINT('',(-0.0138581422542167,0.0182947637155685,0.00424073586166205));
#6884=CARTESIAN_POINT('',(-0.0120105838766952,0.0169364555844569,0.00364281807300998));
#6885=CARTESIAN_POINT('',(-0.0120105838766953,0.0169364555844569,0.00364281807300999));
#6886=CARTESIAN_POINT('',(-0.0112280815136576,0.0161539532214193,0.00328264895382178));
#6887=CARTESIAN_POINT('',(-0.0104759063326593,0.0154017780404211,0.00282509612550208));
#6888=CARTESIAN_POINT('',(-0.00976261178690633,0.0146884834946681,0.00224269356770035));
#6889=CARTESIAN_POINT('',(-0.0179298674067487,0.0123905587529494,0.00382733952157879));
#6890=CARTESIAN_POINT('',(-0.016907854392593,0.0113685457387938,0.0034613213482767));
#6891=CARTESIAN_POINT('',(-0.0159135836923732,0.010374275038574,0.00299254910589329));
#6892=CARTESIAN_POINT('',(-0.0149952019676868,0.00945589331388759,0.00224269356770036));
#6893=CARTESIAN_POINT('',(-0.0179298674067486,0.0123905587529494,0.00382733952157879));
#6894=CARTESIAN_POINT('',(-0.0183119426171862,0.0127494997760492,0.00395373679822569));
#6895=CARTESIAN_POINT('',(-0.0181804858203661,0.0126335084847374,0.00391361159881653));
#6896=CARTESIAN_POINT('',(-0.0180531462702254,0.0125138376164262,0.00387148994216204));
#6897=CARTESIAN_POINT('',(-0.0179298674067486,0.0123905587529494,0.00382733952157879));
#6898=CARTESIAN_POINT('',(-0.0183119426171862,0.0127494997760492,0.00395373679822569));
#6899=CARTESIAN_POINT('',(-0.0205299993982983,0.0147066087005599,0.00450261921141714));
#6900=CARTESIAN_POINT('',(-0.0197860049368985,0.0140501429993248,0.00435302274897662));
#6901=CARTESIAN_POINT('',(-0.019045593740555,0.0133968390025512,0.00417767270974971));
#6902=CARTESIAN_POINT('',(-0.0183119426171862,0.0127494997760492,0.00395373679822568));
#6903=CARTESIAN_POINT('',(-0.0205299993982983,0.0147066087005599,0.00450261921141714));
#6904=CARTESIAN_POINT('',(-0.0205299993982983,0.0147066087005599,0.00450261921141714));
#6905=CARTESIAN_POINT('',(-0.0207395921196567,0.0148915434546997,0.00454476244136741));
#6906=CARTESIAN_POINT('',(-0.0210475661952066,0.0149546515946812,0.00455852027635499));
#6907=CARTESIAN_POINT('',(-0.0213141509583053,0.0148650584747424,0.00452910478894705));
#6908=CARTESIAN_POINT('',(-0.0213141509583053,0.0148650584747424,0.00452910478894705));
#6909=CARTESIAN_POINT('',(-0.0213141509583053,0.0148650584747424,0.00452910478894705));
#6910=CARTESIAN_POINT('',(-0.0213696379577318,0.0145904590479849,0.00446450360490712));
#6911=CARTESIAN_POINT('',(-0.0212732862330209,0.0142955527030794,0.00440100296207355));
#6912=CARTESIAN_POINT('',(-0.0210592967079678,0.0141067384162678,0.00436494292986449));
#6913=CARTESIAN_POINT('',(-0.0210592967079678,0.0141067384162678,0.0043649429298645));
#6914=CARTESIAN_POINT('',(-0.0210592967079678,0.0141067384162678,0.0043649429298645));
#6915=CARTESIAN_POINT('',(-0.020315482905339,0.0134504321198307,0.00423960058110387));
#6916=CARTESIAN_POINT('',(-0.0195751691752127,0.0127972141226604,0.00408578415974879));
#6917=CARTESIAN_POINT('',(-0.0188412399268556,0.0121496294917571,0.00388002818649715));
#6918=CARTESIAN_POINT('',(-0.0188412399268556,0.0121496294917571,0.00388002818649715));
#6919=CARTESIAN_POINT('',(-0.0188412399268556,0.0121496294917571,0.00388002818649715));
#6920=CARTESIAN_POINT('',(-0.0187223249529342,0.0120447045147677,0.00384669055041281));
#6921=CARTESIAN_POINT('',(-0.0186071145314635,0.0119364350277659,0.00381150998231277));
#6922=CARTESIAN_POINT('',(-0.0184955528316979,0.0118248733280002,0.00377450843177877));
#6923=CARTESIAN_POINT('',(-0.0184955528316979,0.0118248733280002,0.00377450843177877));
#6924=CARTESIAN_POINT('',(-0.0184955528316979,0.0118248733280002,0.00377450843177878));
#6925=CARTESIAN_POINT('',(-0.0174726165600856,0.010801937056388,0.00343523224446167));
#6926=CARTESIAN_POINT('',(-0.0164771249868004,0.00980644548310266,0.00299079843065296));
#6927=CARTESIAN_POINT('',(-0.015560887392636,0.00889020788893835,0.00224269356770036));
#6928=CARTESIAN_POINT('',(-0.0172579436674838,0.0105872641637861,-0.00191422837046494));
#6929=CARTESIAN_POINT('',(-0.0176390897380404,0.0109684102343427,-0.00160302390702143));
#6930=CARTESIAN_POINT('',(-0.0180599536550227,0.0113892741513251,-0.00143693166304794));
#6931=CARTESIAN_POINT('',(-0.0184955528316979,0.0118248733280002,-0.001365386319062));
#6932=CARTESIAN_POINT('',(-0.0184955528316979,0.0118248733280002,-0.001365386319062));
#6933=CARTESIAN_POINT('',(-0.0184955528316979,0.0118248733280002,-0.001365386319062));
#6934=CARTESIAN_POINT('',(-0.0186070809438193,0.0119364014401216,-0.00134706829282803));
#6935=CARTESIAN_POINT('',(-0.0187223173346757,0.0120446977927748,-0.00133488118567065));
#6936=CARTESIAN_POINT('',(-0.0188412399268556,0.0121496294917571,-0.00132748493854772));
#6937=CARTESIAN_POINT('',(-0.0188412399268556,0.0121496294917571,-0.00132748493854772));
#6938=CARTESIAN_POINT('',(-0.0188412399268556,0.0121496294917571,-0.00132748493854772));
#6939=CARTESIAN_POINT('',(-0.0195863119623719,0.0128070459936832,-0.00128114608233846));
#6940=CARTESIAN_POINT('',(-0.0203224845797852,0.0134566100678715,-0.00141052588800065));
#6941=CARTESIAN_POINT('',(-0.0210592967079678,0.0141067384162678,-0.00152727857857454));
#6942=CARTESIAN_POINT('',(-0.0210592967079678,0.0141067384162678,-0.00152727857857454));
#6943=CARTESIAN_POINT('',(-0.0210592967079678,0.0141067384162678,-0.00152727857857454));
#6944=CARTESIAN_POINT('',(-0.021271622797316,0.0142940849656927,-0.00156092303319499));
#6945=CARTESIAN_POINT('',(-0.0213700403205366,0.0145884677960391,-0.00160944742972926));
#6946=CARTESIAN_POINT('',(-0.0213141509583053,0.0148650584747424,-0.00165037006622256));
#6947=CARTESIAN_POINT('',(-0.0213141509583053,0.0148650584747424,-0.00165037006622256));
#6948=CARTESIAN_POINT('',(-0.0213141509583053,0.0148650584747424,-0.00165037006622256));
#6949=CARTESIAN_POINT('',(-0.0210461357358141,0.0149551323397862,-0.00165648315342636));
#6950=CARTESIAN_POINT('',(-0.0207400252135377,0.0148919255963594,-0.00162992697792243));
#6951=CARTESIAN_POINT('',(-0.0205299993982983,0.0147066087005599,-0.00159148846674038));
#6952=CARTESIAN_POINT('',(-0.0205299993982983,0.0147066087005599,-0.00159148846674038));
#6953=CARTESIAN_POINT('',(-0.0183119426171861,0.0127494997760492,-0.00133962111636808));
#6954=CARTESIAN_POINT('',(-0.0190585210512245,0.0134082454531419,-0.00131039565732763));
#6955=CARTESIAN_POINT('',(-0.019793888333922,0.0140570989378749,-0.00145676686907871));
#6956=CARTESIAN_POINT('',(-0.0205299993982983,0.0147066087005599,-0.00159148846674038));
#6957=CARTESIAN_POINT('',(-0.0183119426171862,0.0127494997760492,-0.00133962111636808));
#6958=CARTESIAN_POINT('',(-0.0179298674067486,0.0123905587529494,-0.00137451701515286));
#6959=CARTESIAN_POINT('',(-0.0180531571253763,0.0125138484715771,-0.0013558061301028));
#6960=CARTESIAN_POINT('',(-0.0181805249174128,0.0126335429821315,-0.00134476557598117));
#6961=CARTESIAN_POINT('',(-0.0183119426171862,0.0127494997760492,-0.00133962111636808));
#6962=CARTESIAN_POINT('',(-0.0179298674067486,0.0123905587529494,-0.00137451701515286));
#6963=CARTESIAN_POINT('',(-0.0166922582425345,0.0111529495887353,-0.00191422837046495));
#6964=CARTESIAN_POINT('',(-0.0170729174817546,0.0115336088279554,-0.00160342140314322));
#6965=CARTESIAN_POINT('',(-0.0174943718931975,0.0119550632393983,-0.00144060935914202));
#6966=CARTESIAN_POINT('',(-0.0179298674067486,0.0123905587529494,-0.00137451701515286));
#6967=CARTESIAN_POINT('',(-0.011459668061754,0.0163855397695158,-0.00191422837046496));
#6968=CARTESIAN_POINT('',(-0.0116350886093882,0.01656096031715,-0.00177099809309718));
#6969=CARTESIAN_POINT('',(-0.0118191325940783,0.01674500430184,-0.0016547101487702));
#6970=CARTESIAN_POINT('',(-0.0120105838766952,0.016936455584457,-0.00156156493586101));
#6971=CARTESIAN_POINT('',(-0.0120105838766952,0.0169364555844569,-0.00156156493586101));
#6972=CARTESIAN_POINT('',(-0.0120105838766952,0.016936455584457,-0.00156156493586101));
#6973=CARTESIAN_POINT('',(-0.0125355658038992,0.017461437511661,-0.00130614981032892));
#6974=CARTESIAN_POINT('',(-0.0131647727781897,0.0179315701805067,-0.00123524711325145));
#6975=CARTESIAN_POINT('',(-0.0138581422542167,0.0182947637155685,-0.00122836780686283));
#6976=CARTESIAN_POINT('',(-0.0138581422542167,0.0182947637155685,-0.00122836780686284));
#6977=CARTESIAN_POINT('',(-0.0138581422542168,0.0182947637155684,-0.00122836780686284));
#6978=CARTESIAN_POINT('',(-0.0144997946513534,0.0186308673521638,-0.0012220016145404));
#6979=CARTESIAN_POINT('',(-0.0151399998090394,0.0189662129109517,-0.00126354290936937));
#6980=CARTESIAN_POINT('',(-0.015780287082526,0.019301601482778,-0.00130236595210552));
#6981=CARTESIAN_POINT('',(-0.015780287082526,0.019301601482778,-0.00130236595210552));
#6982=CARTESIAN_POINT('',(-0.015780287082526,0.019301601482778,-0.00130236595210552));
#6983=CARTESIAN_POINT('',(-0.0160307881860218,0.0194328163465139,-0.00131755478288379));
#6984=CARTESIAN_POINT('',(-0.0161970252613662,0.01970055285443,-0.00130590937762044));
#6985=CARTESIAN_POINT('',(-0.0162084063750786,0.0199774075728249,-0.00124747719004527));
#6986=CARTESIAN_POINT('',(-0.0162084063750786,0.0199774075728248,-0.00124747719004527));
#6987=CARTESIAN_POINT('',(-0.0162084063750786,0.0199774075728249,-0.00124747719004527));
#6988=CARTESIAN_POINT('',(-0.0159737644276118,0.0201260519044344,-0.00118126700378359));
#6989=CARTESIAN_POINT('',(-0.015662273394204,0.0201428910434573,-0.00112988171145891));
#6990=CARTESIAN_POINT('',(-0.0154090814867896,0.0200102667110021,-0.00113068840662002));
#6991=CARTESIAN_POINT('',(-0.0154090814867895,0.0200102667110021,-0.00113068840662002));
#6992=CARTESIAN_POINT('',(-0.0134869366584803,0.0190034289437925,-0.00115134011280236));
#6993=CARTESIAN_POINT('',(-0.0141275061405822,0.0193389653391792,-0.0011272028591249));
#6994=CARTESIAN_POINT('',(-0.0147683257184945,0.0196746327371333,-0.00113272991964867));
#6995=CARTESIAN_POINT('',(-0.0154090814867895,0.0200102667110021,-0.00113068840662001));
#6996=CARTESIAN_POINT('',(-0.0134869366584803,0.0190034289437926,-0.00115134011280236));
#6997=CARTESIAN_POINT('',(-0.0114448984517459,0.0175021410094063,-0.0015562766463729));
#6998=CARTESIAN_POINT('',(-0.0120239432726959,0.0180811858303562,-0.00126422849617806));
#6999=CARTESIAN_POINT('',(-0.0127199176690045,0.0186016570921622,-0.00118024210148854));
#7000=CARTESIAN_POINT('',(-0.0134869366584804,0.0190034289437925,-0.00115134011280237));
#7001=CARTESIAN_POINT('',(-0.011444898451746,0.0175021410094062,-0.0015562766463729));
#7002=CARTESIAN_POINT('',(-0.0108939826368048,0.016951225194465,-0.00191422837046496));
#7003=CARTESIAN_POINT('',(-0.0110697583983898,0.01712700095605,-0.00177070806212082));
#7004=CARTESIAN_POINT('',(-0.0112538078487398,0.0173110504064,-0.00165265546733537));
#7005=CARTESIAN_POINT('',(-0.011444898451746,0.0175021410094062,-0.0015562766463729));
#7006=CARTESIAN_POINT('',(-0.011444898451746,0.0175021410094062,0.00362265766208382));
#7007=CARTESIAN_POINT('',(-0.0106597068194602,0.0167169493771204,0.00327952682908515));
#7008=CARTESIAN_POINT('',(-0.00990898642502116,0.0159662289826814,0.00282408817460732));
#7009=CARTESIAN_POINT('',(-0.0091969263619571,0.0152541689196173,0.00224269356770035));
#7010=CARTESIAN_POINT('',(-0.011444898451746,0.0175021410094062,0.0036226576620838));
#7011=CARTESIAN_POINT('',(-0.0134869366584803,0.0190034289437926,0.00418651836756681));
#7012=CARTESIAN_POINT('',(-0.0127199072045451,0.0186016516107789,0.00404862162956799));
#7013=CARTESIAN_POINT('',(-0.0120378796499855,0.0180951222076458,0.00388179202386015));
#7014=CARTESIAN_POINT('',(-0.0114448984517459,0.0175021410094062,0.0036226576620838));
#7015=CARTESIAN_POINT('',(-0.0134869366584803,0.0190034289437926,0.00418651836756682));
#7016=CARTESIAN_POINT('',(-0.0154090814867895,0.0200102667110021,0.00446935310990117));
#7017=CARTESIAN_POINT('',(-0.0147668942374775,0.0196738829137434,0.00438782601143874));
#7018=CARTESIAN_POINT('',(-0.0141252863758889,0.0193378026052922,0.00430128103187065));
#7019=CARTESIAN_POINT('',(-0.0134869366584803,0.0190034289437925,0.00418651836756682));
#7020=CARTESIAN_POINT('',(-0.0154090814867895,0.0200102667110021,0.00446935310990117));
#7021=CARTESIAN_POINT('',(-0.0154090814867896,0.0200102667110021,0.00446935310990117));
#7022=CARTESIAN_POINT('',(-0.0156623410696318,0.0201429264924909,0.00450150497677342));
#7023=CARTESIAN_POINT('',(-0.0159712645813166,0.0201276355427636,0.00457069547403561));
#7024=CARTESIAN_POINT('',(-0.0162084063750786,0.0199774075728248,0.00463295489702918));
#7025=CARTESIAN_POINT('',(-0.0162084063750786,0.0199774075728248,0.00463295489702918));
#7026=CARTESIAN_POINT('',(-0.0162084063750786,0.0199774075728248,0.00463295489702918));
#7027=CARTESIAN_POINT('',(-0.0161968601636063,0.019696536719016,0.00466221900893884));
#7028=CARTESIAN_POINT('',(-0.0160281852333484,0.0194314528951135,0.00464301966299416));
#7029=CARTESIAN_POINT('',(-0.015780287082526,0.019301601482778,0.00460420116521577));
#7030=CARTESIAN_POINT('',(-0.015780287082526,0.019301601482778,0.00460420116521576));
#7031=CARTESIAN_POINT('',(-0.015780287082526,0.019301601482778,0.00460420116521576));
#7032=CARTESIAN_POINT('',(-0.0151365522344114,0.0189644070385275,0.00450339839727049));
#7033=CARTESIAN_POINT('',(-0.0144951078400992,0.0186284123557925,0.00438715935774207));
#7034=CARTESIAN_POINT('',(-0.0138581422542167,0.0182947637155683,0.00424073586166202));
#7035=CARTESIAN_POINT('',(-0.0162478307382395,0.00957715123454181,-0.0075));
#7036=CARTESIAN_POINT('',(-0.0184955528316979,0.0118248733280002,-0.0075));
#7037=CARTESIAN_POINT('',(-0.0156821453132902,0.010142836659491,-0.0075));
#7038=CARTESIAN_POINT('',(-0.0179298674067486,0.0123905587529494,-0.0075));
#7039=CARTESIAN_POINT('',(-0.0201233330051882,0.0132808880902859,-0.0075));
#7040=CARTESIAN_POINT('',(-0.0210592967079678,0.0141067384162678,-0.0075));
#7041=CARTESIAN_POINT('',(-0.0188412399268556,0.0121496294917571,-0.0075));
#7042=CARTESIAN_POINT('',(-0.0238695643687156,0.00645086179098238,-0.0075));
#7043=CARTESIAN_POINT('',(-0.0195940356955187,0.0138807583745779,-0.0075));
#7044=CARTESIAN_POINT('',(-0.0205299993982983,0.0147066087005599,-0.0075));
#7045=CARTESIAN_POINT('',(-0.0183119426171862,0.0127494997760492,-0.0075));
#7046=CARTESIAN_POINT('',(-0.0238695643687156,0.00645086179098238,-0.0075));
#7047=CARTESIAN_POINT('',(-0.0210592967079678,0.0141067384162678,-0.0075));
#7048=CARTESIAN_POINT('',(-0.0213141509583053,0.0148650584747424,0.));
#7049=CARTESIAN_POINT('',(-0.0205299993982983,0.0147066087005599,-0.0075));
#7050=CARTESIAN_POINT('',(-0.010357612872468,0.0152834845802297,-0.0075));
#7051=CARTESIAN_POINT('',(-0.0120105838766952,0.0169364555844569,-0.0075));
#7052=CARTESIAN_POINT('',(-0.00979192744751873,0.015849170005179,-0.0075));
#7053=CARTESIAN_POINT('',(-0.011444898451746,0.0175021410094062,-0.0075));
#7054=CARTESIAN_POINT('',(-0.0173845954137129,0.0115624440474393,-0.0075));
#7055=CARTESIAN_POINT('',(-0.0138581422542167,0.0182947637155685,-0.0075));
#7056=CARTESIAN_POINT('',(-0.0146327970101354,0.0187005352543829,-0.0075));
#7057=CARTESIAN_POINT('',(-0.015780287082526,0.019301601482778,-0.0075));
#7058=CARTESIAN_POINT('',(-0.0173845954137129,0.0115624440474393,-0.0075));
#7059=CARTESIAN_POINT('',(-0.0134869366584803,0.0190034289437926,-0.0075));
#7060=CARTESIAN_POINT('',(-0.014261591414399,0.019409200482607,-0.0075));
#7061=CARTESIAN_POINT('',(-0.0154090814867895,0.0200102667110021,-0.0075));
#7062=CARTESIAN_POINT('',(-0.0154090814867895,0.0200102667110021,-0.0075));
#7063=CARTESIAN_POINT('',(-0.0162084063750786,0.0199774075728248,3.46944695195361E-18));
#7064=CARTESIAN_POINT('',(-0.015780287082526,0.019301601482778,-0.0075));
#7065=CARTESIAN_POINT('',(0.010357612872468,0.0152834845802297,-0.0075));
#7066=CARTESIAN_POINT('',(0.0120105838766952,0.0169364555844569,-0.0075));
#7067=CARTESIAN_POINT('',(0.00979192744751873,0.015849170005179,-0.0075));
#7068=CARTESIAN_POINT('',(0.011444898451746,0.0175021410094062,-0.0075));
#7069=CARTESIAN_POINT('',(0.0173845954137129,0.0115624440474393,-0.0075));
#7070=CARTESIAN_POINT('',(0.0138581422542167,0.0182947637155685,-0.0075));
#7071=CARTESIAN_POINT('',(0.0146327970101354,0.0187005352543829,-0.0075));
#7072=CARTESIAN_POINT('',(0.015780287082526,0.019301601482778,-0.0075));
#7073=CARTESIAN_POINT('',(0.0173845954137129,0.0115624440474393,-0.0075));
#7074=CARTESIAN_POINT('',(0.0134869366584803,0.0190034289437926,-0.0075));
#7075=CARTESIAN_POINT('',(0.014261591414399,0.019409200482607,-0.0075));
#7076=CARTESIAN_POINT('',(0.0154090814867895,0.0200102667110021,-0.0075));
#7077=CARTESIAN_POINT('',(0.0154090814867895,0.0200102667110021,-0.0075));
#7078=CARTESIAN_POINT('',(0.0162084063750786,0.0199774075728248,3.46944695195361E-18));
#7079=CARTESIAN_POINT('',(0.015780287082526,0.019301601482778,-0.0075));
#7080=CARTESIAN_POINT('',(0.0162478307382395,0.00957715123454181,-0.0075));
#7081=CARTESIAN_POINT('',(0.0184955528316979,0.0118248733280002,-0.0075));
#7082=CARTESIAN_POINT('',(0.0156821453132902,0.010142836659491,-0.0075));
#7083=CARTESIAN_POINT('',(0.0179298674067486,0.0123905587529494,-0.0075));
#7084=CARTESIAN_POINT('',(0.0201233330051882,0.0132808880902859,-0.0075));
#7085=CARTESIAN_POINT('',(0.0210592967079678,0.0141067384162678,-0.0075));
#7086=CARTESIAN_POINT('',(0.0188412399268556,0.0121496294917571,-0.0075));
#7087=CARTESIAN_POINT('',(0.0238695643687156,0.00645086179098238,-0.0075));
#7088=CARTESIAN_POINT('',(0.0195940356955187,0.0138807583745779,-0.0075));
#7089=CARTESIAN_POINT('',(0.0205299993982983,0.0147066087005599,-0.0075));
#7090=CARTESIAN_POINT('',(0.0183119426171862,0.0127494997760492,-0.0075));
#7091=CARTESIAN_POINT('',(0.0238695643687156,0.00645086179098238,-0.0075));
#7092=CARTESIAN_POINT('',(0.0210592967079678,0.0141067384162678,-0.0075));
#7093=CARTESIAN_POINT('',(0.0213141509583053,0.0148650584747424,0.));
#7094=CARTESIAN_POINT('',(0.0205299993982983,0.0147066087005599,-0.0075));
#7095=CARTESIAN_POINT('',(-5.80988643791595E-5,0.0684695432091203,0.0777236459244014));
#7096=CARTESIAN_POINT('',(-0.00832204189553184,0.0639180640623514,0.0737499945431028));
#7097=CARTESIAN_POINT('',(-0.00809333007504358,0.0640440214714409,0.0732500155593569));
#7098=CARTESIAN_POINT('',(-0.0078646145495522,0.0641699809165635,0.0727500387833668));
#7099=CARTESIAN_POINT('',(-0.00763589532294365,0.0642959424046977,0.0722500642152039));
#7100=CARTESIAN_POINT('',(9.12094948275431E-5,0.0594098497526266,0.0730093156393709));
#7101=CARTESIAN_POINT('',(0.000176511424754425,0.0598024139898087,0.0722682297314058));
#7102=CARTESIAN_POINT('',(0.000181121848809838,0.0595412369128329,0.0727620769363648));
#7103=CARTESIAN_POINT('',(0.00018573227286525,0.0592800598358572,0.0732559241413237));
#7104=CARTESIAN_POINT('',(0.000190342696920663,0.0590188827588815,0.0737497713462827));
#7105=CARTESIAN_POINT('',(-0.00831285391788318,0.0730783123505363,0.07375));
#7106=CARTESIAN_POINT('',(-0.00988276105218849,0.0702917527363699,0.07375));
#7107=CARTESIAN_POINT('',(-0.00988839762177593,0.0667094597654357,0.07375));
#7108=CARTESIAN_POINT('',(-0.00832204795566175,0.0639180607282144,0.07375));
#7109=CARTESIAN_POINT('',(-0.00762704525672396,0.0726994797911688,0.0722603381357717));
#7110=CARTESIAN_POINT('',(-0.00906767760089888,0.0701425179170722,0.072254700341829));
#7111=CARTESIAN_POINT('',(-0.00907259091842123,0.0668566055133246,0.0722500572581688));
#7112=CARTESIAN_POINT('',(-0.00763589837245374,0.0642959407213724,0.0722500623960799));
#7113=CARTESIAN_POINT('',(-0.00762703424120563,0.0726994736804075,0.0722603447614786));
#7114=CARTESIAN_POINT('',(-0.00785595628227274,0.0728259275167117,0.0727575632763476));
#7115=CARTESIAN_POINT('',(-0.00808487024375153,0.0729523768709358,0.0732547866509955));
#7116=CARTESIAN_POINT('',(-0.00831377611293032,0.0730788217657018,0.0737520148850832));
#7117=CARTESIAN_POINT('',(0.00763577295213358,0.0642957129943965,0.072250062428804));
#7118=CARTESIAN_POINT('',(0.00690491972583739,0.0629615301390142,0.0722501812713333));
#7119=CARTESIAN_POINT('',(0.00581354338107631,0.0618311269894888,0.0722525358925917));
#7120=CARTESIAN_POINT('',(0.00320145869240355,0.060260939815341,0.0722596067263627));
#7121=CARTESIAN_POINT('',(0.00169893987058512,0.0598278006642704,0.0722641341710174));
#7122=CARTESIAN_POINT('',(0.00017650939857865,0.0598027096571547,0.0722683861175794));
#7123=CARTESIAN_POINT('',(0.00832191117534207,0.0639178123731213,0.07375));
#7124=CARTESIAN_POINT('',(0.00752508690903458,0.0624632254327358,0.07375));
#7125=CARTESIAN_POINT('',(0.00633528577876365,0.0612306836414612,0.07375));
#7126=CARTESIAN_POINT('',(0.00348777049391485,0.059518952116277,0.07375));
#7127=CARTESIAN_POINT('',(0.0018498335347919,0.059046694856364,0.07375));
#7128=CARTESIAN_POINT('',(0.000190339734429719,0.0590193150569306,0.07375));
#7129=CARTESIAN_POINT('',(0.00763577295213358,0.0642957129943965,0.072250062428804));
#7130=CARTESIAN_POINT('',(0.00786448569320308,0.0641697461206381,0.0727500416192027));
#7131=CARTESIAN_POINT('',(0.00809319843427257,0.0640437792468797,0.0732500208096013));
#7132=CARTESIAN_POINT('',(0.00832191117534207,0.0639178123731213,0.07375));
#7133=CARTESIAN_POINT('',(-0.000116052656352467,0.0685463002432008,0.0777181427854279));
#7134=CARTESIAN_POINT('',(-0.00811943674343648,0.0734120901375211,0.0737499955915994));
#7135=CARTESIAN_POINT('',(-0.00789621438835563,0.0732765304440373,0.0732536758229037));
#7136=CARTESIAN_POINT('',(-0.00767299141884007,0.0731409703766461,0.0727573564326785));
#7137=CARTESIAN_POINT('',(-0.00744976783459793,0.0730054099358296,0.0722610374209258));
#7138=CARTESIAN_POINT('',(0.007449901384744,0.0730051845875575,0.072261038395597));
#7139=CARTESIAN_POINT('',(0.00824229086381337,0.0717061925035833,0.0722580080964318));
#7140=CARTESIAN_POINT('',(0.00868031222328367,0.0701963648513658,0.0722552707761119));
#7141=CARTESIAN_POINT('',(0.00874338616446575,0.0671493534086231,0.0722513904326751));
#7142=CARTESIAN_POINT('',(0.00837192090210703,0.0656284530983924,0.0722499216848067));
#7143=CARTESIAN_POINT('',(0.0076357729521336,0.0642957129943965,0.072250062428804));
#7144=CARTESIAN_POINT('',(0.00811958877326449,0.0734118490567771,0.07375));
#7145=CARTESIAN_POINT('',(0.00898333361674056,0.0719957001529226,0.07375));
#7146=CARTESIAN_POINT('',(0.00946075246091442,0.0703501186946516,0.07375));
#7147=CARTESIAN_POINT('',(0.00952937755387286,0.067028519234652,0.07375));
#7148=CARTESIAN_POINT('',(0.00912449980674015,0.0653708475622254,0.07375));
#7149=CARTESIAN_POINT('',(0.00832191117534212,0.0639178123731214,0.07375));
#7150=CARTESIAN_POINT('',(0.007449901384744,0.0730051845875575,0.072261038395597));
#7151=CARTESIAN_POINT('',(0.00767313051425083,0.0731407394106307,0.072757358930398));
#7152=CARTESIAN_POINT('',(0.00789635964375766,0.0732762942337039,0.073253679465199));
#7153=CARTESIAN_POINT('',(0.00811958877326449,0.0734118490567771,0.07375));
#7154=CARTESIAN_POINT('',(-0.000190658772777709,0.0779694267910131,0.07375));
#7155=CARTESIAN_POINT('',(-0.00338343303867469,0.0779366099265512,0.07375));
#7156=CARTESIAN_POINT('',(-0.00648351555791785,0.076156490148265,0.07375));
#7157=CARTESIAN_POINT('',(-0.00811944085553753,0.0734120926368306,0.07375));
#7158=CARTESIAN_POINT('',(-0.000176344039161332,0.0771861464198796,0.0722804024985974));
#7159=CARTESIAN_POINT('',(-0.00310542190287935,0.077155896193198,0.0722743186384324));
#7160=CARTESIAN_POINT('',(-0.0059490311382974,0.0755229150397418,0.0722666688137062));
#7161=CARTESIAN_POINT('',(-0.00744976542317186,0.0730054084709713,0.0722610389055838));
#7162=CARTESIAN_POINT('',(-0.000176346405096115,0.0771864565182949,0.0722802371673068));
#7163=CARTESIAN_POINT('',(-0.000181118254885392,0.0774475856149853,0.0727700839995638));
#7164=CARTESIAN_POINT('',(-0.00018589010467467,0.0777087147116757,0.0732599308318208));
#7165=CARTESIAN_POINT('',(-0.000190661954463947,0.0779698438083661,0.0737497776640777));
#7166=CARTESIAN_POINT('',(7.08454121918761E-17,0.077187586847451,0.0722807612151291));
#7167=CARTESIAN_POINT('',(0.00299033059373114,0.0772191009287948,0.0722746339406164));
#7168=CARTESIAN_POINT('',(0.00592255078724566,0.0755719984609604,0.0722667676848357));
#7169=CARTESIAN_POINT('',(0.00744990138474399,0.0730051845875575,0.0722610383955969));
#7170=CARTESIAN_POINT('',(-1.56228223169389E-6,0.0779709904702088,0.07375));
#7171=CARTESIAN_POINT('',(0.00325814520949232,0.0780054664535425,0.07375));
#7172=CARTESIAN_POINT('',(0.00645455977229691,0.0762100102020206,0.07375));
#7173=CARTESIAN_POINT('',(0.00811958877326449,0.0734118490567771,0.07375));
#7174=CARTESIAN_POINT('',(-2.56581822440452E-9,0.0779713255606786,0.0737498284794111));
#7175=CARTESIAN_POINT('',(4.75012475705837E-7,0.0777102084117323,0.0732600655087314));
#7176=CARTESIAN_POINT('',(9.52590769636079E-7,0.077449091262786,0.0727703025380518));
#7177=CARTESIAN_POINT('',(1.43016906356632E-6,0.0771879741138397,0.0722805395673721));
#7178=CARTESIAN_POINT('',(-9.13668461477063E-5,0.0775790044919284,0.0730152913003805));
#7179=MECHANICAL_DESIGN_GEOMETRIC_PRESENTATION_REPRESENTATION('',(#1271),
#7180);
#7180=(
GEOMETRIC_REPRESENTATION_CONTEXT(3)
GLOBAL_UNCERTAINTY_ASSIGNED_CONTEXT((#7181))
GLOBAL_UNIT_ASSIGNED_CONTEXT((#7184,#7183,#7182))
REPRESENTATION_CONTEXT('DuctIntake','TOP_LEVEL_ASSEMBLY_PART')
);
#7181=UNCERTAINTY_MEASURE_WITH_UNIT(LENGTH_MEASURE(2.12740039050326E-5),
#7184,'DISTANCE_ACCURACY_VALUE','Maximum Tolerance applied to model');
#7182=(
NAMED_UNIT(*)
SI_UNIT($,.STERADIAN.)
SOLID_ANGLE_UNIT()
);
#7183=(
NAMED_UNIT(*)
PLANE_ANGLE_UNIT()
SI_UNIT($,.RADIAN.)
);
#7184=(
LENGTH_UNIT()
NAMED_UNIT(*)
SI_UNIT($,.METRE.)
);
#7185=PRODUCT_DEFINITION_SHAPE('','',#7186);
#7186=PRODUCT_DEFINITION('','',#7188,#7187);
#7187=PRODUCT_DEFINITION_CONTEXT('',#7194,'design');
#7188=PRODUCT_DEFINITION_FORMATION_WITH_SPECIFIED_SOURCE('','',#7190,
 .NOT_KNOWN.);
#7189=PRODUCT_RELATED_PRODUCT_CATEGORY('','',(#7190));
#7190=PRODUCT('DuctIntake','DuctIntake','DuctIntake',(#7192));
#7191=PRODUCT_CATEGORY('','');
#7192=PRODUCT_CONTEXT('',#7194,'mechanical');
#7193=APPLICATION_PROTOCOL_DEFINITION('international standard',
'ap242_managed_model_based_3d_engineering',2020,#7194);
#7194=APPLICATION_CONTEXT('managed model based 3d engineering');
ENDSEC;
END-ISO-10303-21;
