ISO-10303-21;
HEADER;
/* Generated by software containing ST-Developer
 * from STEP Tools, Inc. (www.steptools.com) 
 */
/* OPTION: using custom renumber hook */

FILE_DESCRIPTION(
/* description */ ('STEP AP242 Edition 2',
'CAx-IF Rec.Pracs.---Representation and Presentation of Product Manufa
cturing Information (PMI)---4.0---2014-10-13',
'CAx-IF Rec.Pracs.---3D Tessellated Geometry---0.4---2014-09-14','2;1',
'CAx-IF Rec.Pracs.---User Defined Attributes---1.5---2016-08-15'),
/* implementation_level */ '2;1');

FILE_NAME(
/* name */ '698410041897b9dcbf88f2b7',
/* time_stamp */ '2026-02-05T03:35:33Z',
/* author */ (''),
/* organization */ (''),
/* preprocessor_version */ 'ST-DEVELOPER v20',
/* originating_system */ 'ONSHAPE BY PTC INC, 1.210',
/* authorisation */ '  ');

FILE_SCHEMA (('AP242_MANAGED_MODEL_BASED_3D_ENGINEERING_MIM_LF { 1 0 10303 442 3 1 4 }'));
ENDSEC;

DATA;
#10=SHAPE_REPRESENTATION_RELATIONSHIP('','',#1255,#11);
#11=ADVANCED_BREP_SHAPE_REPRESENTATION('',(#1253),#6351);
#12=CONICAL_SURFACE('',#1275,0.0115,0.463647609000806);
#13=TOROIDAL_SURFACE('',#1274,0.0105,0.001);
#14=CYLINDRICAL_SURFACE('',#1260,0.0095);
#15=CYLINDRICAL_SURFACE('',#1267,0.0115);
#16=CYLINDRICAL_SURFACE('',#1277,0.0095);
#17=CYLINDRICAL_SURFACE('',#1283,0.0075);
#18=CYLINDRICAL_SURFACE('',#1299,0.001);
#19=CYLINDRICAL_SURFACE('',#1300,0.001);
#20=CYLINDRICAL_SURFACE('',#1301,0.001);
#21=CYLINDRICAL_SURFACE('',#1302,0.001);
#22=CYLINDRICAL_SURFACE('',#1316,0.0076);
#23=CYLINDRICAL_SURFACE('',#1318,0.0084);
#24=CYLINDRICAL_SURFACE('',#1319,0.0008);
#25=CYLINDRICAL_SURFACE('',#1320,0.0008);
#26=CYLINDRICAL_SURFACE('',#1321,0.0076);
#27=CYLINDRICAL_SURFACE('',#1323,0.0084);
#28=CYLINDRICAL_SURFACE('',#1327,0.0008);
#29=CYLINDRICAL_SURFACE('',#1328,0.0008);
#30=CYLINDRICAL_SURFACE('',#1329,0.0076);
#31=CYLINDRICAL_SURFACE('',#1331,0.0084);
#32=CYLINDRICAL_SURFACE('',#1335,0.0008);
#33=CYLINDRICAL_SURFACE('',#1336,0.0008);
#34=CYLINDRICAL_SURFACE('',#1340,0.0076);
#35=CYLINDRICAL_SURFACE('',#1342,0.0084);
#36=CYLINDRICAL_SURFACE('',#1343,0.0008);
#37=CYLINDRICAL_SURFACE('',#1344,0.0008);
#38=CYLINDRICAL_SURFACE('',#1345,0.0102330241448361);
#39=CYLINDRICAL_SURFACE('',#1347,0.0101197490556965);
#40=LINE('',#1617,#88);
#41=LINE('',#1625,#89);
#42=LINE('',#1630,#90);
#43=LINE('',#1637,#91);
#44=LINE('',#1642,#92);
#45=LINE('',#1649,#93);
#46=LINE('',#1653,#94);
#47=LINE('',#1661,#95);
#48=LINE('',#1665,#96);
#49=LINE('',#1684,#97);
#50=LINE('',#1743,#98);
#51=LINE('',#1744,#99);
#52=LINE('',#1752,#100);
#53=LINE('',#1774,#101);
#54=LINE('',#1775,#102);
#55=LINE('',#1782,#103);
#56=LINE('',#2322,#104);
#57=LINE('',#2344,#105);
#58=LINE('',#2351,#106);
#59=LINE('',#2370,#107);
#60=LINE('',#6207,#108);
#61=LINE('',#6209,#109);
#62=LINE('',#6211,#110);
#63=LINE('',#6212,#111);
#64=LINE('',#6215,#112);
#65=LINE('',#6216,#113);
#66=LINE('',#6219,#114);
#67=LINE('',#6222,#115);
#68=LINE('',#6223,#116);
#69=LINE('',#6226,#117);
#70=LINE('',#6227,#118);
#71=LINE('',#6230,#119);
#72=LINE('',#6232,#120);
#73=LINE('',#6234,#121);
#74=LINE('',#6237,#122);
#75=LINE('',#6238,#123);
#76=LINE('',#6241,#124);
#77=LINE('',#6242,#125);
#78=LINE('',#6245,#126);
#79=LINE('',#6247,#127);
#80=LINE('',#6249,#128);
#81=LINE('',#6252,#129);
#82=LINE('',#6254,#130);
#83=LINE('',#6256,#131);
#84=LINE('',#6257,#132);
#85=LINE('',#6260,#133);
#86=LINE('',#6261,#134);
#87=LINE('',#6264,#135);
#88=VECTOR('',#1357,1.);
#89=VECTOR('',#1360,1.);
#90=VECTOR('',#1363,1.);
#91=VECTOR('',#1370,1.);
#92=VECTOR('',#1373,1.);
#93=VECTOR('',#1380,1.);
#94=VECTOR('',#1383,1.);
#95=VECTOR('',#1390,1.);
#96=VECTOR('',#1393,1.);
#97=VECTOR('',#1412,1.);
#98=VECTOR('',#1455,1.);
#99=VECTOR('',#1456,1.);
#100=VECTOR('',#1457,1.);
#101=VECTOR('',#1458,1.);
#102=VECTOR('',#1459,1.);
#103=VECTOR('',#1464,1.);
#104=VECTOR('',#1471,1.);
#105=VECTOR('',#1472,1.);
#106=VECTOR('',#1473,1.);
#107=VECTOR('',#1482,1.);
#108=VECTOR('',#1485,1.);
#109=VECTOR('',#1488,1.);
#110=VECTOR('',#1491,1.);
#111=VECTOR('',#1492,1.);
#112=VECTOR('',#1497,1.);
#113=VECTOR('',#1498,1.);
#114=VECTOR('',#1503,1.);
#115=VECTOR('',#1508,1.);
#116=VECTOR('',#1509,1.);
#117=VECTOR('',#1514,1.);
#118=VECTOR('',#1515,1.);
#119=VECTOR('',#1520,1.);
#120=VECTOR('',#1523,1.);
#121=VECTOR('',#1526,1.);
#122=VECTOR('',#1531,1.);
#123=VECTOR('',#1532,1.);
#124=VECTOR('',#1537,1.);
#125=VECTOR('',#1538,1.);
#126=VECTOR('',#1543,1.);
#127=VECTOR('',#1546,1.);
#128=VECTOR('',#1549,1.);
#129=VECTOR('',#1554,1.);
#130=VECTOR('',#1557,1.);
#131=VECTOR('',#1560,1.);
#132=VECTOR('',#1561,1.);
#133=VECTOR('',#1566,1.);
#134=VECTOR('',#1567,1.);
#135=VECTOR('',#1572,1.);
#136=PLANE('',#1258);
#137=PLANE('',#1282);
#138=PLANE('',#1286);
#139=PLANE('',#1287);
#140=PLANE('',#1290);
#141=PLANE('',#1293);
#142=PLANE('',#1296);
#143=PLANE('',#1303);
#144=PLANE('',#1308);
#145=PLANE('',#1313);
#146=PLANE('',#1314);
#147=PLANE('',#1315);
#148=PLANE('',#1317);
#149=PLANE('',#1322);
#150=PLANE('',#1324);
#151=PLANE('',#1325);
#152=PLANE('',#1326);
#153=PLANE('',#1330);
#154=PLANE('',#1332);
#155=PLANE('',#1333);
#156=PLANE('',#1334);
#157=PLANE('',#1337);
#158=PLANE('',#1338);
#159=PLANE('',#1339);
#160=PLANE('',#1341);
#161=PLANE('',#1346);
#162=PLANE('',#1348);
#163=CIRCLE('',#1257,0.0095);
#164=CIRCLE('',#1259,0.0095);
#165=CIRCLE('',#1261,0.0095);
#166=CIRCLE('',#1262,0.0095);
#167=CIRCLE('',#1263,0.0095);
#168=CIRCLE('',#1264,0.0095);
#169=CIRCLE('',#1265,0.0095);
#170=CIRCLE('',#1266,0.0095);
#171=CIRCLE('',#1268,0.0115);
#172=CIRCLE('',#1269,0.0115);
#173=CIRCLE('',#1270,0.0115);
#174=CIRCLE('',#1271,0.0115);
#175=CIRCLE('',#1272,0.0115);
#176=CIRCLE('',#1273,0.0115);
#177=CIRCLE('',#1276,0.0095);
#178=CIRCLE('',#1278,0.0095);
#179=CIRCLE('',#1279,0.0095);
#180=CIRCLE('',#1280,0.0095);
#181=CIRCLE('',#1281,0.0095);
#182=CIRCLE('',#1284,0.0075);
#183=CIRCLE('',#1285,0.0075);
#184=CIRCLE('',#1288,0.001);
#185=CIRCLE('',#1289,0.001);
#186=CIRCLE('',#1291,0.001);
#187=CIRCLE('',#1292,0.001);
#188=CIRCLE('',#1294,0.001);
#189=CIRCLE('',#1295,0.001);
#190=CIRCLE('',#1297,0.001);
#191=CIRCLE('',#1298,0.001);
#192=CIRCLE('',#1304,0.0036);
#193=CIRCLE('',#1305,0.0036);
#194=CIRCLE('',#1306,0.0036);
#195=CIRCLE('',#1307,0.0036);
#196=CIRCLE('',#1309,0.0036);
#197=CIRCLE('',#1310,0.0036);
#198=CIRCLE('',#1311,0.0036);
#199=CIRCLE('',#1312,0.0036);
#200=ORIENTED_EDGE('',*,*,#576,.F.);
#201=ORIENTED_EDGE('',*,*,#577,.F.);
#202=ORIENTED_EDGE('',*,*,#578,.F.);
#203=ORIENTED_EDGE('',*,*,#579,.F.);
#204=ORIENTED_EDGE('',*,*,#580,.F.);
#205=ORIENTED_EDGE('',*,*,#581,.F.);
#206=ORIENTED_EDGE('',*,*,#576,.T.);
#207=ORIENTED_EDGE('',*,*,#582,.T.);
#208=ORIENTED_EDGE('',*,*,#583,.T.);
#209=ORIENTED_EDGE('',*,*,#584,.T.);
#210=ORIENTED_EDGE('',*,*,#585,.T.);
#211=ORIENTED_EDGE('',*,*,#586,.T.);
#212=ORIENTED_EDGE('',*,*,#587,.F.);
#213=ORIENTED_EDGE('',*,*,#588,.T.);
#214=ORIENTED_EDGE('',*,*,#589,.F.);
#215=ORIENTED_EDGE('',*,*,#590,.T.);
#216=ORIENTED_EDGE('',*,*,#591,.F.);
#217=ORIENTED_EDGE('',*,*,#592,.T.);
#218=ORIENTED_EDGE('',*,*,#593,.T.);
#219=ORIENTED_EDGE('',*,*,#594,.F.);
#220=ORIENTED_EDGE('',*,*,#595,.T.);
#221=ORIENTED_EDGE('',*,*,#596,.T.);
#222=ORIENTED_EDGE('',*,*,#597,.T.);
#223=ORIENTED_EDGE('',*,*,#598,.T.);
#224=ORIENTED_EDGE('',*,*,#599,.F.);
#225=ORIENTED_EDGE('',*,*,#600,.T.);
#226=ORIENTED_EDGE('',*,*,#601,.T.);
#227=ORIENTED_EDGE('',*,*,#602,.F.);
#228=ORIENTED_EDGE('',*,*,#603,.T.);
#229=ORIENTED_EDGE('',*,*,#599,.T.);
#230=ORIENTED_EDGE('',*,*,#588,.F.);
#231=ORIENTED_EDGE('',*,*,#604,.T.);
#232=ORIENTED_EDGE('',*,*,#598,.F.);
#233=ORIENTED_EDGE('',*,*,#605,.T.);
#234=ORIENTED_EDGE('',*,*,#606,.T.);
#235=ORIENTED_EDGE('',*,*,#607,.T.);
#236=ORIENTED_EDGE('',*,*,#608,.T.);
#237=ORIENTED_EDGE('',*,*,#577,.T.);
#238=ORIENTED_EDGE('',*,*,#581,.T.);
#239=ORIENTED_EDGE('',*,*,#609,.T.);
#240=ORIENTED_EDGE('',*,*,#604,.F.);
#241=ORIENTED_EDGE('',*,*,#610,.T.);
#242=ORIENTED_EDGE('',*,*,#611,.T.);
#243=ORIENTED_EDGE('',*,*,#605,.F.);
#244=ORIENTED_EDGE('',*,*,#612,.T.);
#245=ORIENTED_EDGE('',*,*,#613,.F.);
#246=ORIENTED_EDGE('',*,*,#614,.T.);
#247=ORIENTED_EDGE('',*,*,#615,.T.);
#248=ORIENTED_EDGE('',*,*,#615,.F.);
#249=ORIENTED_EDGE('',*,*,#589,.T.);
#250=ORIENTED_EDGE('',*,*,#593,.F.);
#251=ORIENTED_EDGE('',*,*,#616,.T.);
#252=ORIENTED_EDGE('',*,*,#602,.T.);
#253=ORIENTED_EDGE('',*,*,#617,.T.);
#254=ORIENTED_EDGE('',*,*,#591,.T.);
#255=ORIENTED_EDGE('',*,*,#618,.T.);
#256=ORIENTED_EDGE('',*,*,#600,.F.);
#257=ORIENTED_EDGE('',*,*,#619,.T.);
#258=ORIENTED_EDGE('',*,*,#585,.F.);
#259=ORIENTED_EDGE('',*,*,#620,.T.);
#260=ORIENTED_EDGE('',*,*,#594,.T.);
#261=ORIENTED_EDGE('',*,*,#621,.T.);
#262=ORIENTED_EDGE('',*,*,#587,.T.);
#263=ORIENTED_EDGE('',*,*,#622,.T.);
#264=ORIENTED_EDGE('',*,*,#596,.F.);
#265=ORIENTED_EDGE('',*,*,#623,.T.);
#266=ORIENTED_EDGE('',*,*,#601,.F.);
#267=ORIENTED_EDGE('',*,*,#618,.F.);
#268=ORIENTED_EDGE('',*,*,#590,.F.);
#269=ORIENTED_EDGE('',*,*,#617,.F.);
#270=ORIENTED_EDGE('',*,*,#592,.F.);
#271=ORIENTED_EDGE('',*,*,#619,.F.);
#272=ORIENTED_EDGE('',*,*,#603,.F.);
#273=ORIENTED_EDGE('',*,*,#616,.F.);
#274=ORIENTED_EDGE('',*,*,#584,.F.);
#275=ORIENTED_EDGE('',*,*,#623,.F.);
#276=ORIENTED_EDGE('',*,*,#595,.F.);
#277=ORIENTED_EDGE('',*,*,#620,.F.);
#278=ORIENTED_EDGE('',*,*,#586,.F.);
#279=ORIENTED_EDGE('',*,*,#621,.F.);
#280=ORIENTED_EDGE('',*,*,#597,.F.);
#281=ORIENTED_EDGE('',*,*,#622,.F.);
#282=ORIENTED_EDGE('',*,*,#624,.F.);
#283=ORIENTED_EDGE('',*,*,#625,.T.);
#284=ORIENTED_EDGE('',*,*,#626,.F.);
#285=ORIENTED_EDGE('',*,*,#627,.F.);
#286=ORIENTED_EDGE('',*,*,#628,.T.);
#287=ORIENTED_EDGE('',*,*,#629,.F.);
#288=ORIENTED_EDGE('',*,*,#630,.F.);
#289=ORIENTED_EDGE('',*,*,#631,.F.);
#290=ORIENTED_EDGE('',*,*,#632,.T.);
#291=ORIENTED_EDGE('',*,*,#633,.T.);
#292=ORIENTED_EDGE('',*,*,#634,.T.);
#293=ORIENTED_EDGE('',*,*,#635,.T.);
#294=ORIENTED_EDGE('',*,*,#636,.T.);
#295=ORIENTED_EDGE('',*,*,#637,.T.);
#296=ORIENTED_EDGE('',*,*,#636,.F.);
#297=ORIENTED_EDGE('',*,*,#635,.F.);
#298=ORIENTED_EDGE('',*,*,#634,.F.);
#299=ORIENTED_EDGE('',*,*,#633,.F.);
#300=ORIENTED_EDGE('',*,*,#632,.F.);
#301=ORIENTED_EDGE('',*,*,#637,.F.);
#302=ORIENTED_EDGE('',*,*,#638,.T.);
#303=ORIENTED_EDGE('',*,*,#639,.T.);
#304=ORIENTED_EDGE('',*,*,#640,.F.);
#305=ORIENTED_EDGE('',*,*,#641,.T.);
#306=ORIENTED_EDGE('',*,*,#642,.T.);
#307=ORIENTED_EDGE('',*,*,#643,.T.);
#308=ORIENTED_EDGE('',*,*,#644,.T.);
#309=ORIENTED_EDGE('',*,*,#645,.T.);
#310=ORIENTED_EDGE('',*,*,#646,.F.);
#311=ORIENTED_EDGE('',*,*,#647,.T.);
#312=ORIENTED_EDGE('',*,*,#648,.T.);
#313=ORIENTED_EDGE('',*,*,#649,.F.);
#314=ORIENTED_EDGE('',*,*,#650,.F.);
#315=ORIENTED_EDGE('',*,*,#651,.F.);
#316=ORIENTED_EDGE('',*,*,#652,.F.);
#317=ORIENTED_EDGE('',*,*,#653,.F.);
#318=ORIENTED_EDGE('',*,*,#654,.F.);
#319=ORIENTED_EDGE('',*,*,#655,.F.);
#320=ORIENTED_EDGE('',*,*,#656,.T.);
#321=ORIENTED_EDGE('',*,*,#653,.T.);
#322=ORIENTED_EDGE('',*,*,#652,.T.);
#323=ORIENTED_EDGE('',*,*,#651,.T.);
#324=ORIENTED_EDGE('',*,*,#650,.T.);
#325=ORIENTED_EDGE('',*,*,#649,.T.);
#326=ORIENTED_EDGE('',*,*,#654,.T.);
#327=ORIENTED_EDGE('',*,*,#657,.T.);
#328=ORIENTED_EDGE('',*,*,#658,.T.);
#329=ORIENTED_EDGE('',*,*,#640,.T.);
#330=ORIENTED_EDGE('',*,*,#579,.T.);
#331=ORIENTED_EDGE('',*,*,#659,.T.);
#332=ORIENTED_EDGE('',*,*,#660,.T.);
#333=ORIENTED_EDGE('',*,*,#661,.T.);
#334=ORIENTED_EDGE('',*,*,#662,.T.);
#335=ORIENTED_EDGE('',*,*,#663,.T.);
#336=ORIENTED_EDGE('',*,*,#624,.T.);
#337=ORIENTED_EDGE('',*,*,#664,.T.);
#338=ORIENTED_EDGE('',*,*,#665,.T.);
#339=ORIENTED_EDGE('',*,*,#666,.T.);
#340=ORIENTED_EDGE('',*,*,#667,.T.);
#341=ORIENTED_EDGE('',*,*,#668,.T.);
#342=ORIENTED_EDGE('',*,*,#669,.F.);
#343=ORIENTED_EDGE('',*,*,#670,.F.);
#344=ORIENTED_EDGE('',*,*,#671,.F.);
#345=ORIENTED_EDGE('',*,*,#629,.T.);
#346=ORIENTED_EDGE('',*,*,#672,.T.);
#347=ORIENTED_EDGE('',*,*,#673,.T.);
#348=ORIENTED_EDGE('',*,*,#674,.T.);
#349=ORIENTED_EDGE('',*,*,#675,.T.);
#350=ORIENTED_EDGE('',*,*,#676,.T.);
#351=ORIENTED_EDGE('',*,*,#677,.F.);
#352=ORIENTED_EDGE('',*,*,#678,.F.);
#353=ORIENTED_EDGE('',*,*,#679,.F.);
#354=ORIENTED_EDGE('',*,*,#630,.T.);
#355=ORIENTED_EDGE('',*,*,#680,.F.);
#356=ORIENTED_EDGE('',*,*,#681,.F.);
#357=ORIENTED_EDGE('',*,*,#682,.F.);
#358=ORIENTED_EDGE('',*,*,#683,.T.);
#359=ORIENTED_EDGE('',*,*,#684,.T.);
#360=ORIENTED_EDGE('',*,*,#685,.T.);
#361=ORIENTED_EDGE('',*,*,#686,.T.);
#362=ORIENTED_EDGE('',*,*,#687,.T.);
#363=ORIENTED_EDGE('',*,*,#627,.T.);
#364=ORIENTED_EDGE('',*,*,#688,.F.);
#365=ORIENTED_EDGE('',*,*,#689,.F.);
#366=ORIENTED_EDGE('',*,*,#690,.F.);
#367=ORIENTED_EDGE('',*,*,#691,.T.);
#368=ORIENTED_EDGE('',*,*,#692,.T.);
#369=ORIENTED_EDGE('',*,*,#693,.T.);
#370=ORIENTED_EDGE('',*,*,#694,.T.);
#371=ORIENTED_EDGE('',*,*,#614,.F.);
#372=ORIENTED_EDGE('',*,*,#695,.T.);
#373=ORIENTED_EDGE('',*,*,#696,.T.);
#374=ORIENTED_EDGE('',*,*,#697,.T.);
#375=ORIENTED_EDGE('',*,*,#645,.F.);
#376=ORIENTED_EDGE('',*,*,#698,.F.);
#377=ORIENTED_EDGE('',*,*,#699,.F.);
#378=ORIENTED_EDGE('',*,*,#700,.F.);
#379=ORIENTED_EDGE('',*,*,#701,.T.);
#380=ORIENTED_EDGE('',*,*,#702,.T.);
#381=ORIENTED_EDGE('',*,*,#703,.T.);
#382=ORIENTED_EDGE('',*,*,#704,.T.);
#383=ORIENTED_EDGE('',*,*,#705,.T.);
#384=ORIENTED_EDGE('',*,*,#656,.F.);
#385=ORIENTED_EDGE('',*,*,#706,.T.);
#386=ORIENTED_EDGE('',*,*,#707,.T.);
#387=ORIENTED_EDGE('',*,*,#708,.T.);
#388=ORIENTED_EDGE('',*,*,#709,.T.);
#389=ORIENTED_EDGE('',*,*,#710,.T.);
#390=ORIENTED_EDGE('',*,*,#711,.F.);
#391=ORIENTED_EDGE('',*,*,#712,.F.);
#392=ORIENTED_EDGE('',*,*,#713,.F.);
#393=ORIENTED_EDGE('',*,*,#647,.F.);
#394=ORIENTED_EDGE('',*,*,#714,.T.);
#395=ORIENTED_EDGE('',*,*,#715,.T.);
#396=ORIENTED_EDGE('',*,*,#716,.T.);
#397=ORIENTED_EDGE('',*,*,#717,.T.);
#398=ORIENTED_EDGE('',*,*,#718,.T.);
#399=ORIENTED_EDGE('',*,*,#719,.F.);
#400=ORIENTED_EDGE('',*,*,#720,.F.);
#401=ORIENTED_EDGE('',*,*,#721,.F.);
#402=ORIENTED_EDGE('',*,*,#644,.F.);
#403=ORIENTED_EDGE('',*,*,#722,.F.);
#404=ORIENTED_EDGE('',*,*,#723,.F.);
#405=ORIENTED_EDGE('',*,*,#724,.F.);
#406=ORIENTED_EDGE('',*,*,#725,.T.);
#407=ORIENTED_EDGE('',*,*,#726,.T.);
#408=ORIENTED_EDGE('',*,*,#727,.T.);
#409=ORIENTED_EDGE('',*,*,#695,.F.);
#410=ORIENTED_EDGE('',*,*,#613,.T.);
#411=ORIENTED_EDGE('',*,*,#694,.F.);
#412=ORIENTED_EDGE('',*,*,#706,.F.);
#413=ORIENTED_EDGE('',*,*,#655,.T.);
#414=ORIENTED_EDGE('',*,*,#705,.F.);
#415=ORIENTED_EDGE('',*,*,#728,.F.);
#416=ORIENTED_EDGE('',*,*,#648,.F.);
#417=ORIENTED_EDGE('',*,*,#713,.T.);
#418=ORIENTED_EDGE('',*,*,#729,.T.);
#419=ORIENTED_EDGE('',*,*,#698,.T.);
#420=ORIENTED_EDGE('',*,*,#703,.F.);
#421=ORIENTED_EDGE('',*,*,#730,.F.);
#422=ORIENTED_EDGE('',*,*,#708,.F.);
#423=ORIENTED_EDGE('',*,*,#731,.T.);
#424=ORIENTED_EDGE('',*,*,#704,.F.);
#425=ORIENTED_EDGE('',*,*,#731,.F.);
#426=ORIENTED_EDGE('',*,*,#707,.F.);
#427=ORIENTED_EDGE('',*,*,#728,.T.);
#428=ORIENTED_EDGE('',*,*,#732,.F.);
#429=ORIENTED_EDGE('',*,*,#700,.T.);
#430=ORIENTED_EDGE('',*,*,#733,.F.);
#431=ORIENTED_EDGE('',*,*,#711,.T.);
#432=ORIENTED_EDGE('',*,*,#733,.T.);
#433=ORIENTED_EDGE('',*,*,#699,.T.);
#434=ORIENTED_EDGE('',*,*,#729,.F.);
#435=ORIENTED_EDGE('',*,*,#712,.T.);
#436=ORIENTED_EDGE('',*,*,#701,.F.);
#437=ORIENTED_EDGE('',*,*,#732,.T.);
#438=ORIENTED_EDGE('',*,*,#710,.F.);
#439=ORIENTED_EDGE('',*,*,#734,.T.);
#440=ORIENTED_EDGE('',*,*,#709,.F.);
#441=ORIENTED_EDGE('',*,*,#730,.T.);
#442=ORIENTED_EDGE('',*,*,#702,.F.);
#443=ORIENTED_EDGE('',*,*,#734,.F.);
#444=ORIENTED_EDGE('',*,*,#696,.F.);
#445=ORIENTED_EDGE('',*,*,#735,.F.);
#446=ORIENTED_EDGE('',*,*,#715,.F.);
#447=ORIENTED_EDGE('',*,*,#736,.T.);
#448=ORIENTED_EDGE('',*,*,#714,.F.);
#449=ORIENTED_EDGE('',*,*,#646,.T.);
#450=ORIENTED_EDGE('',*,*,#697,.F.);
#451=ORIENTED_EDGE('',*,*,#736,.F.);
#452=ORIENTED_EDGE('',*,*,#737,.T.);
#453=ORIENTED_EDGE('',*,*,#723,.T.);
#454=ORIENTED_EDGE('',*,*,#738,.F.);
#455=ORIENTED_EDGE('',*,*,#720,.T.);
#456=ORIENTED_EDGE('',*,*,#643,.F.);
#457=ORIENTED_EDGE('',*,*,#721,.T.);
#458=ORIENTED_EDGE('',*,*,#738,.T.);
#459=ORIENTED_EDGE('',*,*,#722,.T.);
#460=ORIENTED_EDGE('',*,*,#727,.F.);
#461=ORIENTED_EDGE('',*,*,#739,.F.);
#462=ORIENTED_EDGE('',*,*,#716,.F.);
#463=ORIENTED_EDGE('',*,*,#735,.T.);
#464=ORIENTED_EDGE('',*,*,#740,.F.);
#465=ORIENTED_EDGE('',*,*,#724,.T.);
#466=ORIENTED_EDGE('',*,*,#737,.F.);
#467=ORIENTED_EDGE('',*,*,#719,.T.);
#468=ORIENTED_EDGE('',*,*,#717,.F.);
#469=ORIENTED_EDGE('',*,*,#739,.T.);
#470=ORIENTED_EDGE('',*,*,#726,.F.);
#471=ORIENTED_EDGE('',*,*,#741,.T.);
#472=ORIENTED_EDGE('',*,*,#725,.F.);
#473=ORIENTED_EDGE('',*,*,#740,.T.);
#474=ORIENTED_EDGE('',*,*,#718,.F.);
#475=ORIENTED_EDGE('',*,*,#741,.F.);
#476=ORIENTED_EDGE('',*,*,#673,.F.);
#477=ORIENTED_EDGE('',*,*,#742,.F.);
#478=ORIENTED_EDGE('',*,*,#686,.F.);
#479=ORIENTED_EDGE('',*,*,#743,.T.);
#480=ORIENTED_EDGE('',*,*,#672,.F.);
#481=ORIENTED_EDGE('',*,*,#628,.F.);
#482=ORIENTED_EDGE('',*,*,#687,.F.);
#483=ORIENTED_EDGE('',*,*,#742,.T.);
#484=ORIENTED_EDGE('',*,*,#744,.T.);
#485=ORIENTED_EDGE('',*,*,#678,.T.);
#486=ORIENTED_EDGE('',*,*,#745,.F.);
#487=ORIENTED_EDGE('',*,*,#681,.T.);
#488=ORIENTED_EDGE('',*,*,#631,.T.);
#489=ORIENTED_EDGE('',*,*,#679,.T.);
#490=ORIENTED_EDGE('',*,*,#744,.F.);
#491=ORIENTED_EDGE('',*,*,#680,.T.);
#492=ORIENTED_EDGE('',*,*,#685,.F.);
#493=ORIENTED_EDGE('',*,*,#746,.T.);
#494=ORIENTED_EDGE('',*,*,#674,.F.);
#495=ORIENTED_EDGE('',*,*,#743,.F.);
#496=ORIENTED_EDGE('',*,*,#747,.T.);
#497=ORIENTED_EDGE('',*,*,#682,.T.);
#498=ORIENTED_EDGE('',*,*,#745,.T.);
#499=ORIENTED_EDGE('',*,*,#677,.T.);
#500=ORIENTED_EDGE('',*,*,#684,.F.);
#501=ORIENTED_EDGE('',*,*,#748,.F.);
#502=ORIENTED_EDGE('',*,*,#675,.F.);
#503=ORIENTED_EDGE('',*,*,#746,.F.);
#504=ORIENTED_EDGE('',*,*,#676,.F.);
#505=ORIENTED_EDGE('',*,*,#748,.T.);
#506=ORIENTED_EDGE('',*,*,#683,.F.);
#507=ORIENTED_EDGE('',*,*,#747,.F.);
#508=ORIENTED_EDGE('',*,*,#664,.F.);
#509=ORIENTED_EDGE('',*,*,#625,.F.);
#510=ORIENTED_EDGE('',*,*,#663,.F.);
#511=ORIENTED_EDGE('',*,*,#749,.T.);
#512=ORIENTED_EDGE('',*,*,#626,.T.);
#513=ORIENTED_EDGE('',*,*,#671,.T.);
#514=ORIENTED_EDGE('',*,*,#750,.F.);
#515=ORIENTED_EDGE('',*,*,#688,.T.);
#516=ORIENTED_EDGE('',*,*,#693,.F.);
#517=ORIENTED_EDGE('',*,*,#751,.T.);
#518=ORIENTED_EDGE('',*,*,#666,.F.);
#519=ORIENTED_EDGE('',*,*,#752,.F.);
#520=ORIENTED_EDGE('',*,*,#665,.F.);
#521=ORIENTED_EDGE('',*,*,#749,.F.);
#522=ORIENTED_EDGE('',*,*,#662,.F.);
#523=ORIENTED_EDGE('',*,*,#752,.T.);
#524=ORIENTED_EDGE('',*,*,#753,.T.);
#525=ORIENTED_EDGE('',*,*,#690,.T.);
#526=ORIENTED_EDGE('',*,*,#754,.T.);
#527=ORIENTED_EDGE('',*,*,#669,.T.);
#528=ORIENTED_EDGE('',*,*,#750,.T.);
#529=ORIENTED_EDGE('',*,*,#670,.T.);
#530=ORIENTED_EDGE('',*,*,#754,.F.);
#531=ORIENTED_EDGE('',*,*,#689,.T.);
#532=ORIENTED_EDGE('',*,*,#668,.F.);
#533=ORIENTED_EDGE('',*,*,#755,.F.);
#534=ORIENTED_EDGE('',*,*,#691,.F.);
#535=ORIENTED_EDGE('',*,*,#753,.F.);
#536=ORIENTED_EDGE('',*,*,#692,.F.);
#537=ORIENTED_EDGE('',*,*,#755,.T.);
#538=ORIENTED_EDGE('',*,*,#667,.F.);
#539=ORIENTED_EDGE('',*,*,#751,.F.);
#540=ORIENTED_EDGE('',*,*,#578,.T.);
#541=ORIENTED_EDGE('',*,*,#608,.F.);
#542=ORIENTED_EDGE('',*,*,#756,.F.);
#543=ORIENTED_EDGE('',*,*,#659,.F.);
#544=ORIENTED_EDGE('',*,*,#580,.T.);
#545=ORIENTED_EDGE('',*,*,#639,.F.);
#546=ORIENTED_EDGE('',*,*,#757,.F.);
#547=ORIENTED_EDGE('',*,*,#582,.F.);
#548=ORIENTED_EDGE('',*,*,#756,.T.);
#549=ORIENTED_EDGE('',*,*,#607,.F.);
#550=ORIENTED_EDGE('',*,*,#758,.F.);
#551=ORIENTED_EDGE('',*,*,#660,.F.);
#552=ORIENTED_EDGE('',*,*,#757,.T.);
#553=ORIENTED_EDGE('',*,*,#638,.F.);
#554=ORIENTED_EDGE('',*,*,#759,.F.);
#555=ORIENTED_EDGE('',*,*,#583,.F.);
#556=ORIENTED_EDGE('',*,*,#758,.T.);
#557=ORIENTED_EDGE('',*,*,#606,.F.);
#558=ORIENTED_EDGE('',*,*,#760,.F.);
#559=ORIENTED_EDGE('',*,*,#661,.F.);
#560=ORIENTED_EDGE('',*,*,#759,.T.);
#561=ORIENTED_EDGE('',*,*,#642,.F.);
#562=ORIENTED_EDGE('',*,*,#761,.F.);
#563=ORIENTED_EDGE('',*,*,#609,.F.);
#564=ORIENTED_EDGE('',*,*,#760,.T.);
#565=ORIENTED_EDGE('',*,*,#611,.F.);
#566=ORIENTED_EDGE('',*,*,#762,.F.);
#567=ORIENTED_EDGE('',*,*,#657,.F.);
#568=ORIENTED_EDGE('',*,*,#761,.T.);
#569=ORIENTED_EDGE('',*,*,#641,.F.);
#570=ORIENTED_EDGE('',*,*,#763,.F.);
#571=ORIENTED_EDGE('',*,*,#612,.F.);
#572=ORIENTED_EDGE('',*,*,#762,.T.);
#573=ORIENTED_EDGE('',*,*,#610,.F.);
#574=ORIENTED_EDGE('',*,*,#763,.T.);
#575=ORIENTED_EDGE('',*,*,#658,.F.);
#576=EDGE_CURVE('',#764,#765,#894,.T.);
#577=EDGE_CURVE('',#766,#764,#163,.T.);
#578=EDGE_CURVE('',#767,#766,#895,.T.);
#579=EDGE_CURVE('',#768,#767,#896,.F.);
#580=EDGE_CURVE('',#765,#768,#897,.T.);
#581=EDGE_CURVE('',#764,#769,#164,.T.);
#582=EDGE_CURVE('',#765,#770,#40,.F.);
#583=EDGE_CURVE('',#770,#769,#898,.T.);
#584=EDGE_CURVE('',#771,#772,#41,.T.);
#585=EDGE_CURVE('',#772,#773,#165,.F.);
#586=EDGE_CURVE('',#773,#774,#42,.F.);
#587=EDGE_CURVE('',#771,#774,#166,.F.);
#588=EDGE_CURVE('',#775,#775,#167,.T.);
#589=EDGE_CURVE('',#776,#776,#168,.T.);
#590=EDGE_CURVE('',#777,#778,#43,.T.);
#591=EDGE_CURVE('',#779,#778,#169,.F.);
#592=EDGE_CURVE('',#779,#780,#44,.F.);
#593=EDGE_CURVE('',#780,#777,#170,.F.);
#594=EDGE_CURVE('',#781,#782,#171,.F.);
#595=EDGE_CURVE('',#781,#783,#45,.F.);
#596=EDGE_CURVE('',#783,#784,#172,.F.);
#597=EDGE_CURVE('',#784,#782,#46,.T.);
#598=EDGE_CURVE('',#785,#785,#173,.T.);
#599=EDGE_CURVE('',#786,#786,#174,.T.);
#600=EDGE_CURVE('',#787,#788,#175,.F.);
#601=EDGE_CURVE('',#788,#789,#47,.F.);
#602=EDGE_CURVE('',#790,#789,#176,.F.);
#603=EDGE_CURVE('',#790,#787,#48,.T.);
#604=EDGE_CURVE('',#791,#791,#177,.T.);
#605=EDGE_CURVE('',#792,#793,#178,.T.);
#606=EDGE_CURVE('',#793,#794,#179,.T.);
#607=EDGE_CURVE('',#794,#795,#180,.T.);
#608=EDGE_CURVE('',#795,#766,#899,.T.);
#609=EDGE_CURVE('',#769,#792,#181,.T.);
#610=EDGE_CURVE('',#796,#797,#49,.F.);
#611=EDGE_CURVE('',#797,#793,#900,.T.);
#612=EDGE_CURVE('',#792,#796,#901,.T.);
#613=EDGE_CURVE('',#798,#799,#182,.T.);
#614=EDGE_CURVE('',#798,#799,#902,.T.);
#615=EDGE_CURVE('',#800,#800,#183,.T.);
#616=EDGE_CURVE('',#780,#790,#184,.T.);
#617=EDGE_CURVE('',#789,#777,#185,.T.);
#618=EDGE_CURVE('',#778,#788,#186,.F.);
#619=EDGE_CURVE('',#787,#779,#187,.F.);
#620=EDGE_CURVE('',#772,#781,#188,.T.);
#621=EDGE_CURVE('',#782,#773,#189,.T.);
#622=EDGE_CURVE('',#774,#784,#190,.F.);
#623=EDGE_CURVE('',#783,#771,#191,.F.);
#624=EDGE_CURVE('',#801,#802,#903,.T.);
#625=EDGE_CURVE('',#801,#802,#50,.T.);
#626=EDGE_CURVE('',#803,#804,#51,.T.);
#627=EDGE_CURVE('',#805,#803,#904,.T.);
#628=EDGE_CURVE('',#805,#806,#52,.T.);
#629=EDGE_CURVE('',#804,#806,#905,.T.);
#630=EDGE_CURVE('',#807,#808,#906,.T.);
#631=EDGE_CURVE('',#808,#807,#53,.T.);
#632=EDGE_CURVE('',#809,#810,#54,.F.);
#633=EDGE_CURVE('',#810,#811,#192,.F.);
#634=EDGE_CURVE('',#811,#812,#193,.F.);
#635=EDGE_CURVE('',#812,#813,#55,.F.);
#636=EDGE_CURVE('',#813,#814,#194,.F.);
#637=EDGE_CURVE('',#814,#809,#195,.F.);
#638=EDGE_CURVE('',#815,#816,#907,.T.);
#639=EDGE_CURVE('',#816,#768,#908,.F.);
#640=EDGE_CURVE('',#817,#768,#909,.F.);
#641=EDGE_CURVE('',#817,#818,#910,.T.);
#642=EDGE_CURVE('',#818,#815,#911,.T.);
#643=EDGE_CURVE('',#819,#820,#56,.T.);
#644=EDGE_CURVE('',#820,#819,#912,.F.);
#645=EDGE_CURVE('',#821,#822,#913,.F.);
#646=EDGE_CURVE('',#823,#822,#57,.T.);
#647=EDGE_CURVE('',#823,#824,#914,.F.);
#648=EDGE_CURVE('',#824,#821,#58,.T.);
#649=EDGE_CURVE('',#825,#826,#196,.F.);
#650=EDGE_CURVE('',#827,#825,#915,.T.);
#651=EDGE_CURVE('',#828,#827,#197,.F.);
#652=EDGE_CURVE('',#829,#828,#198,.F.);
#653=EDGE_CURVE('',#830,#829,#916,.T.);
#654=EDGE_CURVE('',#826,#830,#199,.F.);
#655=EDGE_CURVE('',#831,#832,#59,.T.);
#656=EDGE_CURVE('',#831,#832,#917,.F.);
#657=EDGE_CURVE('',#833,#834,#918,.T.);
#658=EDGE_CURVE('',#834,#817,#919,.F.);
#659=EDGE_CURVE('',#767,#835,#920,.F.);
#660=EDGE_CURVE('',#835,#836,#921,.T.);
#661=EDGE_CURVE('',#836,#833,#922,.F.);
#662=EDGE_CURVE('',#837,#838,#923,.T.);
#663=EDGE_CURVE('',#838,#801,#924,.T.);
#664=EDGE_CURVE('',#802,#839,#925,.T.);
#665=EDGE_CURVE('',#839,#840,#926,.T.);
#666=EDGE_CURVE('',#840,#841,#927,.T.);
#667=EDGE_CURVE('',#841,#842,#928,.T.);
#668=EDGE_CURVE('',#842,#843,#929,.T.);
#669=EDGE_CURVE('',#844,#843,#930,.T.);
#670=EDGE_CURVE('',#845,#844,#931,.T.);
#671=EDGE_CURVE('',#804,#845,#932,.T.);
#672=EDGE_CURVE('',#806,#846,#933,.T.);
#673=EDGE_CURVE('',#846,#847,#934,.T.);
#674=EDGE_CURVE('',#847,#848,#935,.T.);
#675=EDGE_CURVE('',#848,#849,#936,.T.);
#676=EDGE_CURVE('',#849,#850,#937,.T.);
#677=EDGE_CURVE('',#851,#850,#938,.T.);
#678=EDGE_CURVE('',#852,#851,#939,.T.);
#679=EDGE_CURVE('',#807,#852,#940,.T.);
#680=EDGE_CURVE('',#853,#808,#941,.T.);
#681=EDGE_CURVE('',#854,#853,#942,.T.);
#682=EDGE_CURVE('',#855,#854,#943,.T.);
#683=EDGE_CURVE('',#855,#856,#944,.T.);
#684=EDGE_CURVE('',#856,#857,#945,.T.);
#685=EDGE_CURVE('',#857,#858,#946,.T.);
#686=EDGE_CURVE('',#858,#859,#947,.T.);
#687=EDGE_CURVE('',#859,#805,#948,.T.);
#688=EDGE_CURVE('',#860,#803,#949,.T.);
#689=EDGE_CURVE('',#861,#860,#950,.T.);
#690=EDGE_CURVE('',#862,#861,#951,.T.);
#691=EDGE_CURVE('',#862,#863,#952,.T.);
#692=EDGE_CURVE('',#863,#864,#953,.T.);
#693=EDGE_CURVE('',#864,#837,#954,.T.);
#694=EDGE_CURVE('',#865,#799,#955,.T.);
#695=EDGE_CURVE('',#798,#865,#956,.T.);
#696=EDGE_CURVE('',#866,#867,#957,.T.);
#697=EDGE_CURVE('',#867,#822,#958,.T.);
#698=EDGE_CURVE('',#868,#821,#959,.T.);
#699=EDGE_CURVE('',#869,#868,#960,.T.);
#700=EDGE_CURVE('',#870,#869,#961,.T.);
#701=EDGE_CURVE('',#870,#871,#962,.T.);
#702=EDGE_CURVE('',#871,#872,#963,.T.);
#703=EDGE_CURVE('',#872,#873,#964,.T.);
#704=EDGE_CURVE('',#873,#874,#965,.T.);
#705=EDGE_CURVE('',#874,#832,#966,.T.);
#706=EDGE_CURVE('',#831,#875,#967,.T.);
#707=EDGE_CURVE('',#875,#876,#968,.T.);
#708=EDGE_CURVE('',#876,#877,#969,.T.);
#709=EDGE_CURVE('',#877,#878,#970,.T.);
#710=EDGE_CURVE('',#878,#879,#971,.T.);
#711=EDGE_CURVE('',#880,#879,#972,.T.);
#712=EDGE_CURVE('',#881,#880,#973,.T.);
#713=EDGE_CURVE('',#824,#881,#974,.T.);
#714=EDGE_CURVE('',#823,#882,#975,.T.);
#715=EDGE_CURVE('',#882,#883,#976,.T.);
#716=EDGE_CURVE('',#883,#884,#977,.T.);
#717=EDGE_CURVE('',#884,#885,#978,.T.);
#718=EDGE_CURVE('',#885,#886,#979,.T.);
#719=EDGE_CURVE('',#887,#886,#980,.T.);
#720=EDGE_CURVE('',#888,#887,#981,.T.);
#721=EDGE_CURVE('',#819,#888,#982,.T.);
#722=EDGE_CURVE('',#889,#820,#983,.T.);
#723=EDGE_CURVE('',#890,#889,#984,.T.);
#724=EDGE_CURVE('',#891,#890,#985,.T.);
#725=EDGE_CURVE('',#891,#892,#986,.T.);
#726=EDGE_CURVE('',#892,#893,#987,.T.);
#727=EDGE_CURVE('',#893,#866,#988,.T.);
#728=EDGE_CURVE('',#875,#874,#60,.T.);
#729=EDGE_CURVE('',#881,#868,#61,.T.);
#730=EDGE_CURVE('',#877,#872,#62,.T.);
#731=EDGE_CURVE('',#876,#873,#63,.T.);
#732=EDGE_CURVE('',#870,#879,#64,.F.);
#733=EDGE_CURVE('',#880,#869,#65,.T.);
#734=EDGE_CURVE('',#878,#871,#66,.F.);
#735=EDGE_CURVE('',#883,#866,#67,.T.);
#736=EDGE_CURVE('',#882,#867,#68,.T.);
#737=EDGE_CURVE('',#887,#890,#69,.T.);
#738=EDGE_CURVE('',#888,#889,#70,.T.);
#739=EDGE_CURVE('',#884,#893,#71,.T.);
#740=EDGE_CURVE('',#891,#886,#72,.F.);
#741=EDGE_CURVE('',#892,#885,#73,.F.);
#742=EDGE_CURVE('',#859,#846,#74,.T.);
#743=EDGE_CURVE('',#858,#847,#75,.T.);
#744=EDGE_CURVE('',#853,#852,#76,.T.);
#745=EDGE_CURVE('',#854,#851,#77,.T.);
#746=EDGE_CURVE('',#857,#848,#78,.T.);
#747=EDGE_CURVE('',#850,#855,#79,.F.);
#748=EDGE_CURVE('',#849,#856,#80,.F.);
#749=EDGE_CURVE('',#838,#839,#81,.T.);
#750=EDGE_CURVE('',#860,#845,#82,.T.);
#751=EDGE_CURVE('',#864,#841,#83,.T.);
#752=EDGE_CURVE('',#837,#840,#84,.T.);
#753=EDGE_CURVE('',#843,#862,#85,.F.);
#754=EDGE_CURVE('',#861,#844,#86,.T.);
#755=EDGE_CURVE('',#863,#842,#87,.F.);
#756=EDGE_CURVE('',#835,#795,#989,.F.);
#757=EDGE_CURVE('',#770,#816,#990,.F.);
#758=EDGE_CURVE('',#836,#794,#991,.T.);
#759=EDGE_CURVE('',#769,#815,#992,.F.);
#760=EDGE_CURVE('',#833,#793,#993,.F.);
#761=EDGE_CURVE('',#792,#818,#994,.F.);
#762=EDGE_CURVE('',#834,#797,#995,.T.);
#763=EDGE_CURVE('',#796,#817,#996,.T.);
#764=VERTEX_POINT('',#1596);
#765=VERTEX_POINT('',#1597);
#766=VERTEX_POINT('',#1599);
#767=VERTEX_POINT('',#1604);
#768=VERTEX_POINT('',#1609);
#769=VERTEX_POINT('',#1616);
#770=VERTEX_POINT('',#1618);
#771=VERTEX_POINT('',#1626);
#772=VERTEX_POINT('',#1627);
#773=VERTEX_POINT('',#1629);
#774=VERTEX_POINT('',#1631);
#775=VERTEX_POINT('',#1634);
#776=VERTEX_POINT('',#1636);
#777=VERTEX_POINT('',#1638);
#778=VERTEX_POINT('',#1639);
#779=VERTEX_POINT('',#1641);
#780=VERTEX_POINT('',#1643);
#781=VERTEX_POINT('',#1647);
#782=VERTEX_POINT('',#1648);
#783=VERTEX_POINT('',#1650);
#784=VERTEX_POINT('',#1652);
#785=VERTEX_POINT('',#1655);
#786=VERTEX_POINT('',#1657);
#787=VERTEX_POINT('',#1659);
#788=VERTEX_POINT('',#1660);
#789=VERTEX_POINT('',#1662);
#790=VERTEX_POINT('',#1664);
#791=VERTEX_POINT('',#1669);
#792=VERTEX_POINT('',#1672);
#793=VERTEX_POINT('',#1673);
#794=VERTEX_POINT('',#1675);
#795=VERTEX_POINT('',#1677);
#796=VERTEX_POINT('',#1685);
#797=VERTEX_POINT('',#1686);
#798=VERTEX_POINT('',#1699);
#799=VERTEX_POINT('',#1700);
#800=VERTEX_POINT('',#1709);
#801=VERTEX_POINT('',#1741);
#802=VERTEX_POINT('',#1742);
#803=VERTEX_POINT('',#1745);
#804=VERTEX_POINT('',#1746);
#805=VERTEX_POINT('',#1751);
#806=VERTEX_POINT('',#1753);
#807=VERTEX_POINT('',#1772);
#808=VERTEX_POINT('',#1773);
#809=VERTEX_POINT('',#1776);
#810=VERTEX_POINT('',#1777);
#811=VERTEX_POINT('',#1779);
#812=VERTEX_POINT('',#1781);
#813=VERTEX_POINT('',#1783);
#814=VERTEX_POINT('',#1785);
#815=VERTEX_POINT('',#2260);
#816=VERTEX_POINT('',#2261);
#817=VERTEX_POINT('',#2291);
#818=VERTEX_POINT('',#2298);
#819=VERTEX_POINT('',#2323);
#820=VERTEX_POINT('',#2324);
#821=VERTEX_POINT('',#2342);
#822=VERTEX_POINT('',#2343);
#823=VERTEX_POINT('',#2345);
#824=VERTEX_POINT('',#2350);
#825=VERTEX_POINT('',#2353);
#826=VERTEX_POINT('',#2354);
#827=VERTEX_POINT('',#2359);
#828=VERTEX_POINT('',#2361);
#829=VERTEX_POINT('',#2363);
#830=VERTEX_POINT('',#2368);
#831=VERTEX_POINT('',#2371);
#832=VERTEX_POINT('',#2372);
#833=VERTEX_POINT('',#2860);
#834=VERTEX_POINT('',#2861);
#835=VERTEX_POINT('',#2870);
#836=VERTEX_POINT('',#2893);
#837=VERTEX_POINT('',#4384);
#838=VERTEX_POINT('',#4385);
#839=VERTEX_POINT('',#4394);
#840=VERTEX_POINT('',#4399);
#841=VERTEX_POINT('',#4404);
#842=VERTEX_POINT('',#4409);
#843=VERTEX_POINT('',#4414);
#844=VERTEX_POINT('',#4419);
#845=VERTEX_POINT('',#4424);
#846=VERTEX_POINT('',#4433);
#847=VERTEX_POINT('',#4438);
#848=VERTEX_POINT('',#4443);
#849=VERTEX_POINT('',#4448);
#850=VERTEX_POINT('',#4453);
#851=VERTEX_POINT('',#4458);
#852=VERTEX_POINT('',#4463);
#853=VERTEX_POINT('',#4472);
#854=VERTEX_POINT('',#4477);
#855=VERTEX_POINT('',#4482);
#856=VERTEX_POINT('',#4487);
#857=VERTEX_POINT('',#4492);
#858=VERTEX_POINT('',#4497);
#859=VERTEX_POINT('',#4502);
#860=VERTEX_POINT('',#4511);
#861=VERTEX_POINT('',#4516);
#862=VERTEX_POINT('',#4521);
#863=VERTEX_POINT('',#4526);
#864=VERTEX_POINT('',#4531);
#865=VERTEX_POINT('',#4540);
#866=VERTEX_POINT('',#6054);
#867=VERTEX_POINT('',#6055);
#868=VERTEX_POINT('',#6064);
#869=VERTEX_POINT('',#6069);
#870=VERTEX_POINT('',#6074);
#871=VERTEX_POINT('',#6079);
#872=VERTEX_POINT('',#6084);
#873=VERTEX_POINT('',#6089);
#874=VERTEX_POINT('',#6094);
#875=VERTEX_POINT('',#6103);
#876=VERTEX_POINT('',#6108);
#877=VERTEX_POINT('',#6113);
#878=VERTEX_POINT('',#6118);
#879=VERTEX_POINT('',#6123);
#880=VERTEX_POINT('',#6128);
#881=VERTEX_POINT('',#6133);
#882=VERTEX_POINT('',#6142);
#883=VERTEX_POINT('',#6147);
#884=VERTEX_POINT('',#6152);
#885=VERTEX_POINT('',#6157);
#886=VERTEX_POINT('',#6162);
#887=VERTEX_POINT('',#6167);
#888=VERTEX_POINT('',#6172);
#889=VERTEX_POINT('',#6181);
#890=VERTEX_POINT('',#6186);
#891=VERTEX_POINT('',#6191);
#892=VERTEX_POINT('',#6196);
#893=VERTEX_POINT('',#6201);
#894=B_SPLINE_CURVE_WITH_KNOTS('',3,(#1592,#1593,#1594,#1595),
 .UNSPECIFIED.,.F.,.F.,(4,4),(0.,1.),.UNSPECIFIED.);
#895=B_SPLINE_CURVE_WITH_KNOTS('',3,(#1600,#1601,#1602,#1603),
 .UNSPECIFIED.,.F.,.F.,(4,4),(0.,1.),.UNSPECIFIED.);
#896=B_SPLINE_CURVE_WITH_KNOTS('',3,(#1605,#1606,#1607,#1608),
 .UNSPECIFIED.,.F.,.F.,(4,4),(0.,1.),.UNSPECIFIED.);
#897=B_SPLINE_CURVE_WITH_KNOTS('',3,(#1610,#1611,#1612,#1613),
 .UNSPECIFIED.,.F.,.F.,(4,4),(0.,1.),.UNSPECIFIED.);
#898=B_SPLINE_CURVE_WITH_KNOTS('',3,(#1619,#1620,#1621,#1622,#1623),
 .UNSPECIFIED.,.F.,.F.,(4,1,4),(0.,0.5,1.),.UNSPECIFIED.);
#899=B_SPLINE_CURVE_WITH_KNOTS('',3,(#1678,#1679,#1680,#1681),
 .UNSPECIFIED.,.F.,.F.,(4,4),(1.63164711591123E-13,0.000386308080449703),
 .UNSPECIFIED.);
#900=B_SPLINE_CURVE_WITH_KNOTS('',3,(#1687,#1688,#1689,#1690,#1691),
 .UNSPECIFIED.,.F.,.F.,(4,1,4),(0.,0.499955103142062,0.999910206284125),
 .UNSPECIFIED.);
#901=B_SPLINE_CURVE_WITH_KNOTS('',3,(#1692,#1693,#1694,#1695,#1696),
 .UNSPECIFIED.,.F.,.F.,(4,1,4),(2.09793341880274E-6,0.500001048966709,1.),
 .UNSPECIFIED.);
#902=B_SPLINE_CURVE_WITH_KNOTS('',3,(#1701,#1702,#1703,#1704,#1705,#1706,
#1707),.UNSPECIFIED.,.F.,.F.,(4,1,1,1,4),(0.0431124926999649,0.0490134344459139,
0.054914376191863,0.0608153179378121,0.0667162596837612),.UNSPECIFIED.);
#903=B_SPLINE_CURVE_WITH_KNOTS('',3,(#1728,#1729,#1730,#1731,#1732,#1733,
#1734,#1735,#1736,#1737,#1738,#1739,#1740),.UNSPECIFIED.,.F.,.F.,(4,1,1,
1,1,1,1,1,1,1,4),(0.0233304771566096,0.0239458036222915,0.0245611300879734,
0.0257917830193372,0.0270224359507009,0.0282530888820647,0.0294837418134284,
0.0307143947447922,0.031945047676156,0.0325603741418378,0.0331757006075197),
 .UNSPECIFIED.);
#904=B_SPLINE_CURVE_WITH_KNOTS('',3,(#1747,#1748,#1749,#1750),
 .UNSPECIFIED.,.F.,.F.,(4,4),(0.0150524323601967,0.0225228630301303),
 .UNSPECIFIED.);
#905=B_SPLINE_CURVE_WITH_KNOTS('',3,(#1754,#1755,#1756,#1757),
 .UNSPECIFIED.,.F.,.F.,(4,4),(0.0339803518182262,0.0414018636677438),
 .UNSPECIFIED.);
#906=B_SPLINE_CURVE_WITH_KNOTS('',3,(#1758,#1759,#1760,#1761,#1762,#1763,
#1764,#1765,#1766,#1767,#1768,#1769,#1770,#1771),.UNSPECIFIED.,.F.,.F.,
(4,1,1,1,1,1,1,1,1,1,1,4),(0.00449999999999999,0.00510905113960733,0.00571810227921467,
0.00693620455842934,0.00815430683764402,0.00937240911685869,0.0105905113960734,
0.011808613675288,0.0124176648148954,0.0130267159545027,0.0136357670941101,
0.0142448182337174),.UNSPECIFIED.);
#907=B_SPLINE_CURVE_WITH_KNOTS('',3,(#2255,#2256,#2257,#2258,#2259),
 .UNSPECIFIED.,.F.,.F.,(4,1,4),(0.,0.5,1.),.UNSPECIFIED.);
#908=B_SPLINE_CURVE_WITH_KNOTS('',3,(#2262,#2263,#2264,#2265),
 .UNSPECIFIED.,.F.,.F.,(4,4),(0.,1.),.UNSPECIFIED.);
#909=B_SPLINE_CURVE_WITH_KNOTS('',3,(#2266,#2267,#2268,#2269,#2270,#2271,
#2272,#2273,#2274,#2275,#2276,#2277,#2278,#2279,#2280,#2281,#2282,#2283,
#2284,#2285,#2286,#2287,#2288,#2289,#2290),.UNSPECIFIED.,.F.,.F.,(4,1,1,
1,1,1,1,1,1,1,1,1,1,1,1,1,1,1,1,1,1,1,4),(0.00101616757175174,0.00530695343800637,
0.00959773930426101,0.0138885251705156,0.0181793110367703,0.0224700969030249,
0.0246154898361522,0.0267608827692795,0.0289062757024068,0.0310516686355342,
0.0321243651020978,0.0331970615686615,0.0342697580352251,0.0353424545017888,
0.0374878474349161,0.0396332403680434,0.0417786333011707,0.0439240262342981,
0.0482148121005527,0.0525055979668073,0.0567963838330619,0.0610871696993166,
0.0696687414318258),.UNSPECIFIED.);
#910=B_SPLINE_CURVE_WITH_KNOTS('',3,(#2292,#2293,#2294,#2295,#2296,#2297),
 .UNSPECIFIED.,.F.,.F.,(4,1,1,4),(0.,0.25,0.5,1.),.UNSPECIFIED.);
#911=B_SPLINE_CURVE_WITH_KNOTS('',3,(#2299,#2300,#2301,#2302,#2303,#2304,
#2305,#2306,#2307,#2308,#2309,#2310,#2311,#2312,#2313,#2314,#2315,#2316,
#2317,#2318,#2319,#2320),.UNSPECIFIED.,.F.,.F.,(4,1,1,1,1,1,1,1,1,1,1,1,
1,1,1,1,1,1,1,4),(0.,0.125,0.25,0.3125,0.375,0.4375,0.46875,0.484375,0.5,
0.515625,0.53125,0.5625,0.625,0.6875,0.75,0.8125,0.875,0.9375,0.96875,1.),
 .UNSPECIFIED.);
#912=B_SPLINE_CURVE_WITH_KNOTS('',3,(#2325,#2326,#2327,#2328,#2329,#2330,
#2331,#2332,#2333,#2334,#2335,#2336,#2337),.UNSPECIFIED.,.F.,.F.,(4,1,1,
1,1,1,1,1,1,1,4),(0.0266373005087045,0.0272437923363643,0.027850284164024,
0.0290632678193435,0.030276251474663,0.0314892351299825,0.032702218785302,
0.0339152024406215,0.0351281860959409,0.0357346779236007,0.0363411697512604),
 .UNSPECIFIED.);
#913=B_SPLINE_CURVE_WITH_KNOTS('',3,(#2338,#2339,#2340,#2341),
 .UNSPECIFIED.,.F.,.F.,(4,4),(0.0371356835086394,0.0444849357643946),
 .UNSPECIFIED.);
#914=B_SPLINE_CURVE_WITH_KNOTS('',3,(#2346,#2347,#2348,#2349),
 .UNSPECIFIED.,.F.,.F.,(4,4),(0.0184497869262485,0.025838518695782),
 .UNSPECIFIED.);
#915=B_SPLINE_CURVE_WITH_KNOTS('',3,(#2355,#2356,#2357,#2358),
 .UNSPECIFIED.,.F.,.F.,(4,4),(0.,1.),.UNSPECIFIED.);
#916=B_SPLINE_CURVE_WITH_KNOTS('',3,(#2364,#2365,#2366,#2367),
 .UNSPECIFIED.,.F.,.F.,(4,4),(0.,1.),.UNSPECIFIED.);
#917=B_SPLINE_CURVE_WITH_KNOTS('',3,(#2373,#2374,#2375,#2376,#2377,#2378,
#2379,#2380,#2381,#2382,#2383,#2384,#2385),.UNSPECIFIED.,.F.,.F.,(4,1,1,
1,1,1,1,1,1,1,4),(0.0079018649656486,0.00851118622487844,0.00912050748410827,
0.0103391500025679,0.0115577925210276,0.0127764350394873,0.013995077557947,
0.0152137200764066,0.0164323625948663,0.0170416838540961,0.017651005113326),
 .UNSPECIFIED.);
#918=B_SPLINE_CURVE_WITH_KNOTS('',3,(#2854,#2855,#2856,#2857,#2858,#2859),
 .UNSPECIFIED.,.F.,.F.,(4,1,1,4),(0.,0.5,0.75,1.),.UNSPECIFIED.);
#919=B_SPLINE_CURVE_WITH_KNOTS('',3,(#2862,#2863,#2864,#2865),
 .UNSPECIFIED.,.F.,.F.,(4,4),(0.,1.),.UNSPECIFIED.);
#920=B_SPLINE_CURVE_WITH_KNOTS('',3,(#2866,#2867,#2868,#2869),
 .UNSPECIFIED.,.F.,.F.,(4,4),(0.,1.),.UNSPECIFIED.);
#921=B_SPLINE_CURVE_WITH_KNOTS('',3,(#2871,#2872,#2873,#2874,#2875,#2876,
#2877,#2878,#2879,#2880,#2881,#2882,#2883,#2884,#2885,#2886,#2887,#2888,
#2889,#2890,#2891,#2892),.UNSPECIFIED.,.F.,.F.,(4,1,1,1,1,1,1,1,1,1,1,1,
1,1,1,1,1,1,1,4),(0.,0.03125,0.0625,0.125,0.1875,0.25,0.3125,0.375,0.4375,
0.46875,0.484375,0.5,0.515625,0.53125,0.5625,0.625,0.6875,0.75,0.875,1.),
 .UNSPECIFIED.);
#922=B_SPLINE_CURVE_WITH_KNOTS('',3,(#2894,#2895,#2896,#2897),
 .UNSPECIFIED.,.F.,.F.,(4,4),(0.,1.),.UNSPECIFIED.);
#923=B_SPLINE_CURVE_WITH_KNOTS('',3,(#4380,#4381,#4382,#4383),
 .UNSPECIFIED.,.F.,.F.,(4,4),(0.,0.000534626896394435),.UNSPECIFIED.);
#924=B_SPLINE_CURVE_WITH_KNOTS('',3,(#4386,#4387,#4388,#4389),
 .UNSPECIFIED.,.F.,.F.,(4,4),(1.58575455707339E-17,0.0015385354061399),
 .UNSPECIFIED.);
#925=B_SPLINE_CURVE_WITH_KNOTS('',3,(#4390,#4391,#4392,#4393),
 .UNSPECIFIED.,.F.,.F.,(4,4),(0.,0.00459328565906681),.UNSPECIFIED.);
#926=B_SPLINE_CURVE_WITH_KNOTS('',3,(#4395,#4396,#4397,#4398),
 .UNSPECIFIED.,.F.,.F.,(4,4),(1.93947980722443E-18,0.000507981088729506),
 .UNSPECIFIED.);
#927=B_SPLINE_CURVE_WITH_KNOTS('',3,(#4400,#4401,#4402,#4403),
 .UNSPECIFIED.,.F.,.F.,(4,4),(5.77235590298002E-17,0.0030973717365542),
 .UNSPECIFIED.);
#928=B_SPLINE_CURVE_WITH_KNOTS('',3,(#4405,#4406,#4407,#4408),
 .UNSPECIFIED.,.F.,.F.,(4,4),(0.,0.000853736862213344),.UNSPECIFIED.);
#929=B_SPLINE_CURVE_WITH_KNOTS('',3,(#4410,#4411,#4412,#4413),
 .UNSPECIFIED.,.F.,.F.,(4,4),(5.32138973516962E-17,0.000849977972525946),
 .UNSPECIFIED.);
#930=B_SPLINE_CURVE_WITH_KNOTS('',3,(#4415,#4416,#4417,#4418),
 .UNSPECIFIED.,.F.,.F.,(4,4),(0.,0.003097470195193),.UNSPECIFIED.);
#931=B_SPLINE_CURVE_WITH_KNOTS('',3,(#4420,#4421,#4422,#4423),
 .UNSPECIFIED.,.F.,.F.,(4,4),(0.,0.000561249928752726),.UNSPECIFIED.);
#932=B_SPLINE_CURVE_WITH_KNOTS('',3,(#4425,#4426,#4427,#4428),
 .UNSPECIFIED.,.F.,.F.,(4,4),(0.,0.00459249414782733),.UNSPECIFIED.);
#933=B_SPLINE_CURVE_WITH_KNOTS('',3,(#4429,#4430,#4431,#4432),
 .UNSPECIFIED.,.F.,.F.,(4,4),(2.68216804600912E-18,0.00351094635797492),
 .UNSPECIFIED.);
#934=B_SPLINE_CURVE_WITH_KNOTS('',3,(#4434,#4435,#4436,#4437),
 .UNSPECIFIED.,.F.,.F.,(4,4),(0.,0.00243152757767442),.UNSPECIFIED.);
#935=B_SPLINE_CURVE_WITH_KNOTS('',3,(#4439,#4440,#4441,#4442),
 .UNSPECIFIED.,.F.,.F.,(4,4),(0.,0.00224791418441021),.UNSPECIFIED.);
#936=B_SPLINE_CURVE_WITH_KNOTS('',3,(#4444,#4445,#4446,#4447),
 .UNSPECIFIED.,.F.,.F.,(4,4),(0.,0.000851250204304002),.UNSPECIFIED.);
#937=B_SPLINE_CURVE_WITH_KNOTS('',3,(#4449,#4450,#4451,#4452),
 .UNSPECIFIED.,.F.,.F.,(4,4),(0.,0.000850246509970657),.UNSPECIFIED.);
#938=B_SPLINE_CURVE_WITH_KNOTS('',3,(#4454,#4455,#4456,#4457),
 .UNSPECIFIED.,.F.,.F.,(4,4),(2.2350348528053E-17,0.00224128350921036),
 .UNSPECIFIED.);
#939=B_SPLINE_CURVE_WITH_KNOTS('',3,(#4459,#4460,#4461,#4462),
 .UNSPECIFIED.,.F.,.F.,(4,4),(6.66247307521846E-17,0.00267581865012461),
 .UNSPECIFIED.);
#940=B_SPLINE_CURVE_WITH_KNOTS('',3,(#4464,#4465,#4466,#4467),
 .UNSPECIFIED.,.F.,.F.,(4,4),(2.68216804600912E-18,0.00350245689770522),
 .UNSPECIFIED.);
#941=B_SPLINE_CURVE_WITH_KNOTS('',3,(#4468,#4469,#4470,#4471),
 .UNSPECIFIED.,.F.,.F.,(4,4),(0.,0.000406782135839334),.UNSPECIFIED.);
#942=B_SPLINE_CURVE_WITH_KNOTS('',3,(#4473,#4474,#4475,#4476),
 .UNSPECIFIED.,.F.,.F.,(4,4),(5.20417042793042E-18,0.00281188575652979),
 .UNSPECIFIED.);
#943=B_SPLINE_CURVE_WITH_KNOTS('',3,(#4478,#4479,#4480,#4481),
 .UNSPECIFIED.,.F.,.F.,(4,4),(1.82959116606929E-19,0.00224639411813126),
 .UNSPECIFIED.);
#944=B_SPLINE_CURVE_WITH_KNOTS('',3,(#4483,#4484,#4485,#4486),
 .UNSPECIFIED.,.F.,.F.,(4,4),(6.7762635780344E-21,0.000843185349393325),
 .UNSPECIFIED.);
#945=B_SPLINE_CURVE_WITH_KNOTS('',3,(#4488,#4489,#4490,#4491),
 .UNSPECIFIED.,.F.,.F.,(4,4),(0.,0.000849028796302498),.UNSPECIFIED.);
#946=B_SPLINE_CURVE_WITH_KNOTS('',3,(#4493,#4494,#4495,#4496),
 .UNSPECIFIED.,.F.,.F.,(4,4),(5.42101086242752E-20,0.00225795518314864),
 .UNSPECIFIED.);
#947=B_SPLINE_CURVE_WITH_KNOTS('',3,(#4498,#4499,#4500,#4501),
 .UNSPECIFIED.,.F.,.F.,(4,4),(0.,0.00255785544851264),.UNSPECIFIED.);
#948=B_SPLINE_CURVE_WITH_KNOTS('',3,(#4503,#4504,#4505,#4506),
 .UNSPECIFIED.,.F.,.F.,(4,4),(1.18946416534913E-17,0.000406845179220666),
 .UNSPECIFIED.);
#949=B_SPLINE_CURVE_WITH_KNOTS('',3,(#4507,#4508,#4509,#4510),
 .UNSPECIFIED.,.F.,.F.,(4,4),(4.44390651272216E-18,0.00153683231036346),
 .UNSPECIFIED.);
#950=B_SPLINE_CURVE_WITH_KNOTS('',3,(#4512,#4513,#4514,#4515),
 .UNSPECIFIED.,.F.,.F.,(4,4),(0.,0.000589069373976443),.UNSPECIFIED.);
#951=B_SPLINE_CURVE_WITH_KNOTS('',3,(#4517,#4518,#4519,#4520),
 .UNSPECIFIED.,.F.,.F.,(4,4),(2.71050543121376E-20,0.0031565162997491),
 .UNSPECIFIED.);
#952=B_SPLINE_CURVE_WITH_KNOTS('',3,(#4522,#4523,#4524,#4525),
 .UNSPECIFIED.,.F.,.F.,(4,4),(1.35525271560688E-20,0.000856450555581444),
 .UNSPECIFIED.);
#953=B_SPLINE_CURVE_WITH_KNOTS('',3,(#4527,#4528,#4529,#4530),
 .UNSPECIFIED.,.F.,.F.,(4,4),(1.74822347316868E-18,0.000852719962698378),
 .UNSPECIFIED.);
#954=B_SPLINE_CURVE_WITH_KNOTS('',3,(#4532,#4533,#4534,#4535),
 .UNSPECIFIED.,.F.,.F.,(4,4),(0.,0.00316943792221351),.UNSPECIFIED.);
#955=B_SPLINE_CURVE_WITH_KNOTS('',3,(#4536,#4537,#4538,#4539),
 .UNSPECIFIED.,.F.,.F.,(4,4),(0.,1.),.UNSPECIFIED.);
#956=B_SPLINE_CURVE_WITH_KNOTS('',3,(#4541,#4542,#4543,#4544,#4545,#4546,
#4547,#4548,#4549,#4550,#4551,#4552,#4553,#4554,#4555,#4556,#4557,#4558,
#4559,#4560,#4561,#4562,#4563,#4564,#4565,#4566,#4567),.UNSPECIFIED.,.F.,
 .F.,(4,1,1,1,1,1,1,1,1,1,1,1,1,1,1,1,1,1,1,1,1,1,1,1,4),(0.,0.00403814510718285,
0.0080762902143657,0.0121144353215486,0.0161525804287314,0.0201907255359143,
0.0222097980895057,0.0242288706430971,0.0262479431966885,0.02826701575028,
0.0302860883038714,0.0323051608574628,0.0333146971342585,0.0343242334110542,
0.0353337696878499,0.0363433059646456,0.0383623785182371,0.0403814510718285,
0.0424005236254199,0.0444195961790114,0.0484577412861942,0.0524958863933771,
0.0565340315005599,0.0605721766077428,0.0646103217149256),.UNSPECIFIED.);
#957=B_SPLINE_CURVE_WITH_KNOTS('',3,(#6050,#6051,#6052,#6053),
 .UNSPECIFIED.,.F.,.F.,(4,4),(0.,0.00243152757767442),.UNSPECIFIED.);
#958=B_SPLINE_CURVE_WITH_KNOTS('',3,(#6056,#6057,#6058,#6059),
 .UNSPECIFIED.,.F.,.F.,(4,4),(1.26587278153886E-17,0.00351094635797493),
 .UNSPECIFIED.);
#959=B_SPLINE_CURVE_WITH_KNOTS('',3,(#6060,#6061,#6062,#6063),
 .UNSPECIFIED.,.F.,.F.,(4,4),(1.93947980722443E-18,0.00459249414782733),
 .UNSPECIFIED.);
#960=B_SPLINE_CURVE_WITH_KNOTS('',3,(#6065,#6066,#6067,#6068),
 .UNSPECIFIED.,.F.,.F.,(4,4),(0.,0.000561249928752726),.UNSPECIFIED.);
#961=B_SPLINE_CURVE_WITH_KNOTS('',3,(#6070,#6071,#6072,#6073),
 .UNSPECIFIED.,.F.,.F.,(4,4),(1.39857877853494E-17,0.00309747019519301),
 .UNSPECIFIED.);
#962=B_SPLINE_CURVE_WITH_KNOTS('',3,(#6075,#6076,#6077,#6078),
 .UNSPECIFIED.,.F.,.F.,(4,4),(1.19242524577209E-17,0.000850872001502906),
 .UNSPECIFIED.);
#963=B_SPLINE_CURVE_WITH_KNOTS('',3,(#6080,#6081,#6082,#6083),
 .UNSPECIFIED.,.F.,.F.,(4,4),(1.73472347597681E-18,0.000853890522844092),
 .UNSPECIFIED.);
#964=B_SPLINE_CURVE_WITH_KNOTS('',3,(#6085,#6086,#6087,#6088),
 .UNSPECIFIED.,.F.,.F.,(4,4),(0.,0.00309737173655414),.UNSPECIFIED.);
#965=B_SPLINE_CURVE_WITH_KNOTS('',3,(#6090,#6091,#6092,#6093),
 .UNSPECIFIED.,.F.,.F.,(4,4),(4.60028911012382E-17,0.00050798108872946),
 .UNSPECIFIED.);
#966=B_SPLINE_CURVE_WITH_KNOTS('',3,(#6095,#6096,#6097,#6098),
 .UNSPECIFIED.,.F.,.F.,(4,4),(6.00925839494864E-18,0.00459328565906682),
 .UNSPECIFIED.);
#967=B_SPLINE_CURVE_WITH_KNOTS('',3,(#6099,#6100,#6101,#6102),
 .UNSPECIFIED.,.F.,.F.,(4,4),(0.,0.00153853540613989),.UNSPECIFIED.);
#968=B_SPLINE_CURVE_WITH_KNOTS('',3,(#6104,#6105,#6106,#6107),
 .UNSPECIFIED.,.F.,.F.,(4,4),(0.,0.000534626896394435),.UNSPECIFIED.);
#969=B_SPLINE_CURVE_WITH_KNOTS('',3,(#6109,#6110,#6111,#6112),
 .UNSPECIFIED.,.F.,.F.,(4,4),(1.85268548447951E-18,0.00316943792221351),
 .UNSPECIFIED.);
#970=B_SPLINE_CURVE_WITH_KNOTS('',3,(#6114,#6115,#6116,#6117),
 .UNSPECIFIED.,.F.,.F.,(4,4),(0.,0.000853718268339721),.UNSPECIFIED.);
#971=B_SPLINE_CURVE_WITH_KNOTS('',3,(#6119,#6120,#6121,#6122),
 .UNSPECIFIED.,.F.,.F.,(4,4),(4.99133816312683E-17,0.000856607213508765),
 .UNSPECIFIED.);
#972=B_SPLINE_CURVE_WITH_KNOTS('',3,(#6124,#6125,#6126,#6127),
 .UNSPECIFIED.,.F.,.F.,(4,4),(1.78811203067275E-18,0.0031565162997491),
 .UNSPECIFIED.);
#973=B_SPLINE_CURVE_WITH_KNOTS('',3,(#6129,#6130,#6131,#6132),
 .UNSPECIFIED.,.F.,.F.,(4,4),(0.,0.000589069373976445),.UNSPECIFIED.);
#974=B_SPLINE_CURVE_WITH_KNOTS('',3,(#6134,#6135,#6136,#6137),
 .UNSPECIFIED.,.F.,.F.,(4,4),(0.,0.00153683231036346),.UNSPECIFIED.);
#975=B_SPLINE_CURVE_WITH_KNOTS('',3,(#6138,#6139,#6140,#6141),
 .UNSPECIFIED.,.F.,.F.,(4,4),(1.73092460880763E-17,0.000406845179220637),
 .UNSPECIFIED.);
#976=B_SPLINE_CURVE_WITH_KNOTS('',3,(#6143,#6144,#6145,#6146),
 .UNSPECIFIED.,.F.,.F.,(4,4),(3.01532978374509E-17,0.00255785544851267),
 .UNSPECIFIED.);
#977=B_SPLINE_CURVE_WITH_KNOTS('',3,(#6148,#6149,#6150,#6151),
 .UNSPECIFIED.,.F.,.F.,(4,4),(1.61400527596947E-17,0.00225795518314866),
 .UNSPECIFIED.);
#978=B_SPLINE_CURVE_WITH_KNOTS('',3,(#6153,#6154,#6155,#6156),
 .UNSPECIFIED.,.F.,.F.,(4,4),(2.71050543121376E-20,0.000848909026213669),
 .UNSPECIFIED.);
#979=B_SPLINE_CURVE_WITH_KNOTS('',3,(#6158,#6159,#6160,#6161),
 .UNSPECIFIED.,.F.,.F.,(4,4),(0.,0.000842208272431035),.UNSPECIFIED.);
#980=B_SPLINE_CURVE_WITH_KNOTS('',3,(#6163,#6164,#6165,#6166),
 .UNSPECIFIED.,.F.,.F.,(4,4),(1.2925217875876E-17,0.00224639411813125),
 .UNSPECIFIED.);
#981=B_SPLINE_CURVE_WITH_KNOTS('',3,(#6168,#6169,#6170,#6171),
 .UNSPECIFIED.,.F.,.F.,(4,4),(4.9439619065339E-17,0.0028119432022626),
 .UNSPECIFIED.);
#982=B_SPLINE_CURVE_WITH_KNOTS('',3,(#6173,#6174,#6175,#6176),
 .UNSPECIFIED.,.F.,.F.,(4,4),(1.58575455707339E-17,0.00040678213583935),
 .UNSPECIFIED.);
#983=B_SPLINE_CURVE_WITH_KNOTS('',3,(#6177,#6178,#6179,#6180),
 .UNSPECIFIED.,.F.,.F.,(4,4),(2.16840434497101E-18,0.00350245689770521),
 .UNSPECIFIED.);
#984=B_SPLINE_CURVE_WITH_KNOTS('',3,(#6182,#6183,#6184,#6185),
 .UNSPECIFIED.,.F.,.F.,(4,4),(2.64794046454689E-17,0.00267581865012451),
 .UNSPECIFIED.);
#985=B_SPLINE_CURVE_WITH_KNOTS('',3,(#6187,#6188,#6189,#6190),
 .UNSPECIFIED.,.F.,.F.,(4,4),(0.,0.00224128350921034),.UNSPECIFIED.);
#986=B_SPLINE_CURVE_WITH_KNOTS('',3,(#6192,#6193,#6194,#6195),
 .UNSPECIFIED.,.F.,.F.,(4,4),(0.,0.000850092779413942),.UNSPECIFIED.);
#987=B_SPLINE_CURVE_WITH_KNOTS('',3,(#6197,#6198,#6199,#6200),
 .UNSPECIFIED.,.F.,.F.,(4,4),(0.,0.000851427617410601),.UNSPECIFIED.);
#988=B_SPLINE_CURVE_WITH_KNOTS('',3,(#6202,#6203,#6204,#6205),
 .UNSPECIFIED.,.F.,.F.,(4,4),(0.,0.00224791418441021),.UNSPECIFIED.);
#989=B_SPLINE_CURVE_WITH_KNOTS('',3,(#6267,#6268,#6269,#6270),
 .UNSPECIFIED.,.F.,.F.,(4,4),(0.,1.),.UNSPECIFIED.);
#990=B_SPLINE_CURVE_WITH_KNOTS('',3,(#6272,#6273,#6274,#6275),
 .UNSPECIFIED.,.F.,.F.,(4,4),(0.,1.),.UNSPECIFIED.);
#991=B_SPLINE_CURVE_WITH_KNOTS('',3,(#6284,#6285,#6286,#6287),
 .UNSPECIFIED.,.F.,.F.,(4,4),(0.,1.),.UNSPECIFIED.);
#992=B_SPLINE_CURVE_WITH_KNOTS('',3,(#6300,#6301,#6302,#6303),
 .UNSPECIFIED.,.F.,.F.,(4,4),(0.,1.),.UNSPECIFIED.);
#993=B_SPLINE_CURVE_WITH_KNOTS('',3,(#6305,#6306,#6307,#6308),
 .UNSPECIFIED.,.F.,.F.,(4,4),(0.,1.),.UNSPECIFIED.);
#994=B_SPLINE_CURVE_WITH_KNOTS('',3,(#6321,#6322,#6323,#6324),
 .UNSPECIFIED.,.F.,.F.,(4,4),(0.,1.),.UNSPECIFIED.);
#995=B_SPLINE_CURVE_WITH_KNOTS('',3,(#6333,#6334,#6335,#6336),
 .UNSPECIFIED.,.F.,.F.,(4,4),(0.,1.),.UNSPECIFIED.);
#996=B_SPLINE_CURVE_WITH_KNOTS('',3,(#6345,#6346,#6347,#6348),
 .UNSPECIFIED.,.F.,.F.,(4,4),(0.,1.),.UNSPECIFIED.);
#997=EDGE_LOOP('',(#200,#201,#202,#203,#204));
#998=EDGE_LOOP('',(#205,#206,#207,#208));
#999=EDGE_LOOP('',(#209,#210,#211,#212));
#1000=EDGE_LOOP('',(#213));
#1001=EDGE_LOOP('',(#214));
#1002=EDGE_LOOP('',(#215,#216,#217,#218));
#1003=EDGE_LOOP('',(#219,#220,#221,#222));
#1004=EDGE_LOOP('',(#223));
#1005=EDGE_LOOP('',(#224));
#1006=EDGE_LOOP('',(#225,#226,#227,#228));
#1007=EDGE_LOOP('',(#229));
#1008=EDGE_LOOP('',(#230));
#1009=EDGE_LOOP('',(#231));
#1010=EDGE_LOOP('',(#232));
#1011=EDGE_LOOP('',(#233,#234,#235,#236,#237,#238,#239));
#1012=EDGE_LOOP('',(#240));
#1013=EDGE_LOOP('',(#241,#242,#243,#244));
#1014=EDGE_LOOP('',(#245,#246));
#1015=EDGE_LOOP('',(#247));
#1016=EDGE_LOOP('',(#248));
#1017=EDGE_LOOP('',(#249));
#1018=EDGE_LOOP('',(#250,#251,#252,#253));
#1019=EDGE_LOOP('',(#254,#255,#256,#257));
#1020=EDGE_LOOP('',(#258,#259,#260,#261));
#1021=EDGE_LOOP('',(#262,#263,#264,#265));
#1022=EDGE_LOOP('',(#266,#267,#268,#269));
#1023=EDGE_LOOP('',(#270,#271,#272,#273));
#1024=EDGE_LOOP('',(#274,#275,#276,#277));
#1025=EDGE_LOOP('',(#278,#279,#280,#281));
#1026=EDGE_LOOP('',(#282,#283));
#1027=EDGE_LOOP('',(#284,#285,#286,#287));
#1028=EDGE_LOOP('',(#288,#289));
#1029=EDGE_LOOP('',(#290,#291,#292,#293,#294,#295));
#1030=EDGE_LOOP('',(#296,#297,#298,#299,#300,#301));
#1031=EDGE_LOOP('',(#302,#303,#304,#305,#306));
#1032=EDGE_LOOP('',(#307,#308));
#1033=EDGE_LOOP('',(#309,#310,#311,#312));
#1034=EDGE_LOOP('',(#313,#314,#315,#316,#317,#318));
#1035=EDGE_LOOP('',(#319,#320));
#1036=EDGE_LOOP('',(#321,#322,#323,#324,#325,#326));
#1037=EDGE_LOOP('',(#327,#328,#329,#330,#331,#332,#333));
#1038=EDGE_LOOP('',(#334,#335,#336,#337,#338,#339,#340,#341,#342,#343,#344,
#345,#346,#347,#348,#349,#350,#351,#352,#353,#354,#355,#356,#357,#358,#359,
#360,#361,#362,#363,#364,#365,#366,#367,#368,#369));
#1039=EDGE_LOOP('',(#370,#371,#372));
#1040=EDGE_LOOP('',(#373,#374,#375,#376,#377,#378,#379,#380,#381,#382,#383,
#384,#385,#386,#387,#388,#389,#390,#391,#392,#393,#394,#395,#396,#397,#398,
#399,#400,#401,#402,#403,#404,#405,#406,#407,#408));
#1041=EDGE_LOOP('',(#409,#410,#411));
#1042=EDGE_LOOP('',(#412,#413,#414,#415));
#1043=EDGE_LOOP('',(#416,#417,#418,#419));
#1044=EDGE_LOOP('',(#420,#421,#422,#423));
#1045=EDGE_LOOP('',(#424,#425,#426,#427));
#1046=EDGE_LOOP('',(#428,#429,#430,#431));
#1047=EDGE_LOOP('',(#432,#433,#434,#435));
#1048=EDGE_LOOP('',(#436,#437,#438,#439));
#1049=EDGE_LOOP('',(#440,#441,#442,#443));
#1050=EDGE_LOOP('',(#444,#445,#446,#447));
#1051=EDGE_LOOP('',(#448,#449,#450,#451));
#1052=EDGE_LOOP('',(#452,#453,#454,#455));
#1053=EDGE_LOOP('',(#456,#457,#458,#459));
#1054=EDGE_LOOP('',(#460,#461,#462,#463));
#1055=EDGE_LOOP('',(#464,#465,#466,#467));
#1056=EDGE_LOOP('',(#468,#469,#470,#471));
#1057=EDGE_LOOP('',(#472,#473,#474,#475));
#1058=EDGE_LOOP('',(#476,#477,#478,#479));
#1059=EDGE_LOOP('',(#480,#481,#482,#483));
#1060=EDGE_LOOP('',(#484,#485,#486,#487));
#1061=EDGE_LOOP('',(#488,#489,#490,#491));
#1062=EDGE_LOOP('',(#492,#493,#494,#495));
#1063=EDGE_LOOP('',(#496,#497,#498,#499));
#1064=EDGE_LOOP('',(#500,#501,#502,#503));
#1065=EDGE_LOOP('',(#504,#505,#506,#507));
#1066=EDGE_LOOP('',(#508,#509,#510,#511));
#1067=EDGE_LOOP('',(#512,#513,#514,#515));
#1068=EDGE_LOOP('',(#516,#517,#518,#519));
#1069=EDGE_LOOP('',(#520,#521,#522,#523));
#1070=EDGE_LOOP('',(#524,#525,#526,#527));
#1071=EDGE_LOOP('',(#528,#529,#530,#531));
#1072=EDGE_LOOP('',(#532,#533,#534,#535));
#1073=EDGE_LOOP('',(#536,#537,#538,#539));
#1074=EDGE_LOOP('',(#540,#541,#542,#543));
#1075=EDGE_LOOP('',(#544,#545,#546,#547));
#1076=EDGE_LOOP('',(#548,#549,#550,#551));
#1077=EDGE_LOOP('',(#552,#553,#554,#555));
#1078=EDGE_LOOP('',(#556,#557,#558,#559));
#1079=EDGE_LOOP('',(#560,#561,#562,#563));
#1080=EDGE_LOOP('',(#564,#565,#566,#567));
#1081=EDGE_LOOP('',(#568,#569,#570,#571));
#1082=EDGE_LOOP('',(#572,#573,#574,#575));
#1083=FACE_BOUND('',#997,.T.);
#1084=FACE_BOUND('',#998,.T.);
#1085=FACE_BOUND('',#999,.T.);
#1086=FACE_BOUND('',#1000,.T.);
#1087=FACE_BOUND('',#1001,.T.);
#1088=FACE_BOUND('',#1002,.T.);
#1089=FACE_BOUND('',#1003,.T.);
#1090=FACE_BOUND('',#1004,.T.);
#1091=FACE_BOUND('',#1005,.T.);
#1092=FACE_BOUND('',#1006,.T.);
#1093=FACE_BOUND('',#1007,.T.);
#1094=FACE_BOUND('',#1008,.T.);
#1095=FACE_BOUND('',#1009,.T.);
#1096=FACE_BOUND('',#1010,.T.);
#1097=FACE_BOUND('',#1011,.T.);
#1098=FACE_BOUND('',#1012,.T.);
#1099=FACE_BOUND('',#1013,.T.);
#1100=FACE_BOUND('',#1014,.T.);
#1101=FACE_BOUND('',#1015,.T.);
#1102=FACE_BOUND('',#1016,.T.);
#1103=FACE_BOUND('',#1017,.T.);
#1104=FACE_BOUND('',#1018,.T.);
#1105=FACE_BOUND('',#1019,.T.);
#1106=FACE_BOUND('',#1020,.T.);
#1107=FACE_BOUND('',#1021,.T.);
#1108=FACE_BOUND('',#1022,.T.);
#1109=FACE_BOUND('',#1023,.T.);
#1110=FACE_BOUND('',#1024,.T.);
#1111=FACE_BOUND('',#1025,.T.);
#1112=FACE_BOUND('',#1026,.T.);
#1113=FACE_BOUND('',#1027,.T.);
#1114=FACE_BOUND('',#1028,.T.);
#1115=FACE_BOUND('',#1029,.T.);
#1116=FACE_BOUND('',#1030,.T.);
#1117=FACE_BOUND('',#1031,.T.);
#1118=FACE_BOUND('',#1032,.T.);
#1119=FACE_BOUND('',#1033,.T.);
#1120=FACE_BOUND('',#1034,.T.);
#1121=FACE_BOUND('',#1035,.T.);
#1122=FACE_BOUND('',#1036,.T.);
#1123=FACE_BOUND('',#1037,.T.);
#1124=FACE_BOUND('',#1038,.T.);
#1125=FACE_BOUND('',#1039,.T.);
#1126=FACE_BOUND('',#1040,.T.);
#1127=FACE_BOUND('',#1041,.T.);
#1128=FACE_BOUND('',#1042,.T.);
#1129=FACE_BOUND('',#1043,.T.);
#1130=FACE_BOUND('',#1044,.T.);
#1131=FACE_BOUND('',#1045,.T.);
#1132=FACE_BOUND('',#1046,.T.);
#1133=FACE_BOUND('',#1047,.T.);
#1134=FACE_BOUND('',#1048,.T.);
#1135=FACE_BOUND('',#1049,.T.);
#1136=FACE_BOUND('',#1050,.T.);
#1137=FACE_BOUND('',#1051,.T.);
#1138=FACE_BOUND('',#1052,.T.);
#1139=FACE_BOUND('',#1053,.T.);
#1140=FACE_BOUND('',#1054,.T.);
#1141=FACE_BOUND('',#1055,.T.);
#1142=FACE_BOUND('',#1056,.T.);
#1143=FACE_BOUND('',#1057,.T.);
#1144=FACE_BOUND('',#1058,.T.);
#1145=FACE_BOUND('',#1059,.T.);
#1146=FACE_BOUND('',#1060,.T.);
#1147=FACE_BOUND('',#1061,.T.);
#1148=FACE_BOUND('',#1062,.T.);
#1149=FACE_BOUND('',#1063,.T.);
#1150=FACE_BOUND('',#1064,.T.);
#1151=FACE_BOUND('',#1065,.T.);
#1152=FACE_BOUND('',#1066,.T.);
#1153=FACE_BOUND('',#1067,.T.);
#1154=FACE_BOUND('',#1068,.T.);
#1155=FACE_BOUND('',#1069,.T.);
#1156=FACE_BOUND('',#1070,.T.);
#1157=FACE_BOUND('',#1071,.T.);
#1158=FACE_BOUND('',#1072,.T.);
#1159=FACE_BOUND('',#1073,.T.);
#1160=FACE_BOUND('',#1074,.T.);
#1161=FACE_BOUND('',#1075,.T.);
#1162=FACE_BOUND('',#1076,.T.);
#1163=FACE_BOUND('',#1077,.T.);
#1164=FACE_BOUND('',#1078,.T.);
#1165=FACE_BOUND('',#1079,.T.);
#1166=FACE_BOUND('',#1080,.T.);
#1167=FACE_BOUND('',#1081,.T.);
#1168=FACE_BOUND('',#1082,.T.);
#1169=B_SPLINE_SURFACE_WITH_KNOTS('',1,3,((#1584,#1585,#1586,#1587),(#1588,
#1589,#1590,#1591)),.RULED_SURF.,.F.,.F.,.F.,(2,2),(4,4),(0.,1.),(6.44572174091175E-7,
0.00970687878742788),.PIECEWISE_BEZIER_KNOTS.);
#1170=B_SPLINE_SURFACE_WITH_KNOTS('',3,3,((#1787,#1788,#1789,#1790,#1791,
#1792),(#1793,#1794,#1795,#1796,#1797,#1798),(#1799,#1800,#1801,#1802,#1803,
#1804),(#1805,#1806,#1807,#1808,#1809,#1810),(#1811,#1812,#1813,#1814,#1815,
#1816),(#1817,#1818,#1819,#1820,#1821,#1822),(#1823,#1824,#1825,#1826,#1827,
#1828),(#1829,#1830,#1831,#1832,#1833,#1834),(#1835,#1836,#1837,#1838,#1839,
#1840),(#1841,#1842,#1843,#1844,#1845,#1846),(#1847,#1848,#1849,#1850,#1851,
#1852),(#1853,#1854,#1855,#1856,#1857,#1858),(#1859,#1860,#1861,#1862,#1863,
#1864),(#1865,#1866,#1867,#1868,#1869,#1870),(#1871,#1872,#1873,#1874,#1875,
#1876),(#1877,#1878,#1879,#1880,#1881,#1882),(#1883,#1884,#1885,#1886,#1887,
#1888),(#1889,#1890,#1891,#1892,#1893,#1894),(#1895,#1896,#1897,#1898,#1899,
#1900),(#1901,#1902,#1903,#1904,#1905,#1906),(#1907,#1908,#1909,#1910,#1911,
#1912),(#1913,#1914,#1915,#1916,#1917,#1918),(#1919,#1920,#1921,#1922,#1923,
#1924),(#1925,#1926,#1927,#1928,#1929,#1930),(#1931,#1932,#1933,#1934,#1935,
#1936),(#1937,#1938,#1939,#1940,#1941,#1942),(#1943,#1944,#1945,#1946,#1947,
#1948),(#1949,#1950,#1951,#1952,#1953,#1954),(#1955,#1956,#1957,#1958,#1959,
#1960),(#1961,#1962,#1963,#1964,#1965,#1966),(#1967,#1968,#1969,#1970,#1971,
#1972),(#1973,#1974,#1975,#1976,#1977,#1978),(#1979,#1980,#1981,#1982,#1983,
#1984),(#1985,#1986,#1987,#1988,#1989,#1990),(#1991,#1992,#1993,#1994,#1995,
#1996),(#1997,#1998,#1999,#2000,#2001,#2002),(#2003,#2004,#2005,#2006,#2007,
#2008),(#2009,#2010,#2011,#2012,#2013,#2014),(#2015,#2016,#2017,#2018,#2019,
#2020),(#2021,#2022,#2023,#2024,#2025,#2026),(#2027,#2028,#2029,#2030,#2031,
#2032),(#2033,#2034,#2035,#2036,#2037,#2038),(#2039,#2040,#2041,#2042,#2043,
#2044),(#2045,#2046,#2047,#2048,#2049,#2050),(#2051,#2052,#2053,#2054,#2055,
#2056),(#2057,#2058,#2059,#2060,#2061,#2062),(#2063,#2064,#2065,#2066,#2067,
#2068),(#2069,#2070,#2071,#2072,#2073,#2074),(#2075,#2076,#2077,#2078,#2079,
#2080),(#2081,#2082,#2083,#2084,#2085,#2086),(#2087,#2088,#2089,#2090,#2091,
#2092),(#2093,#2094,#2095,#2096,#2097,#2098),(#2099,#2100,#2101,#2102,#2103,
#2104),(#2105,#2106,#2107,#2108,#2109,#2110),(#2111,#2112,#2113,#2114,#2115,
#2116),(#2117,#2118,#2119,#2120,#2121,#2122),(#2123,#2124,#2125,#2126,#2127,
#2128),(#2129,#2130,#2131,#2132,#2133,#2134),(#2135,#2136,#2137,#2138,#2139,
#2140),(#2141,#2142,#2143,#2144,#2145,#2146),(#2147,#2148,#2149,#2150,#2151,
#2152),(#2153,#2154,#2155,#2156,#2157,#2158),(#2159,#2160,#2161,#2162,#2163,
#2164),(#2165,#2166,#2167,#2168,#2169,#2170),(#2171,#2172,#2173,#2174,#2175,
#2176),(#2177,#2178,#2179,#2180,#2181,#2182),(#2183,#2184,#2185,#2186,#2187,
#2188),(#2189,#2190,#2191,#2192,#2193,#2194),(#2195,#2196,#2197,#2198,#2199,
#2200),(#2201,#2202,#2203,#2204,#2205,#2206),(#2207,#2208,#2209,#2210,#2211,
#2212),(#2213,#2214,#2215,#2216,#2217,#2218),(#2219,#2220,#2221,#2222,#2223,
#2224),(#2225,#2226,#2227,#2228,#2229,#2230),(#2231,#2232,#2233,#2234,#2235,
#2236),(#2237,#2238,#2239,#2240,#2241,#2242),(#2243,#2244,#2245,#2246,#2247,
#2248),(#2249,#2250,#2251,#2252,#2253,#2254)),.UNSPECIFIED.,.T.,.F.,.F.,
(2,2,2,2,2,2,2,2,2,2,2,2,2,2,2,2,2,2,2,2,2,2,2,2,2,2,2,2,2,2,2,2,2,2,2,
2,2,2,2,2,2),(4,1,1,4),(-0.0187965454183469,0.,0.0197882390813267,0.0395764781626535,
0.0791529563253069,0.0989411954066336,0.11872943448796,0.138517673569287,
0.158305912650614,0.18222112815094,0.206136343651266,0.25396677465192,0.301797205652573,
0.349627636653225,0.387220727489919,0.406017272908266,0.424813818326613,
0.443610363744959,0.462406909163306,0.481203454581653,0.5,0.519788239081327,
0.539576478162654,0.579152956325307,0.598941195406634,0.61872943448796,
0.638517673569287,0.658305912650614,0.68222112815094,0.706136343651267,
0.753966774651919,0.801797205652572,0.849627636653225,0.887220727489919,
0.906017272908266,0.924813818326613,0.943610363744959,0.962406909163306,
0.981203454581653,1.,1.01978823908133),(0.00638233108831332,0.500914351032016,
0.786519096595444,1.),.UNSPECIFIED.);
#1171=B_SPLINE_SURFACE_WITH_KNOTS('',3,3,((#2386,#2387,#2388,#2389,#2390,
#2391),(#2392,#2393,#2394,#2395,#2396,#2397),(#2398,#2399,#2400,#2401,#2402,
#2403),(#2404,#2405,#2406,#2407,#2408,#2409),(#2410,#2411,#2412,#2413,#2414,
#2415),(#2416,#2417,#2418,#2419,#2420,#2421),(#2422,#2423,#2424,#2425,#2426,
#2427),(#2428,#2429,#2430,#2431,#2432,#2433),(#2434,#2435,#2436,#2437,#2438,
#2439),(#2440,#2441,#2442,#2443,#2444,#2445),(#2446,#2447,#2448,#2449,#2450,
#2451),(#2452,#2453,#2454,#2455,#2456,#2457),(#2458,#2459,#2460,#2461,#2462,
#2463),(#2464,#2465,#2466,#2467,#2468,#2469),(#2470,#2471,#2472,#2473,#2474,
#2475),(#2476,#2477,#2478,#2479,#2480,#2481),(#2482,#2483,#2484,#2485,#2486,
#2487),(#2488,#2489,#2490,#2491,#2492,#2493),(#2494,#2495,#2496,#2497,#2498,
#2499),(#2500,#2501,#2502,#2503,#2504,#2505),(#2506,#2507,#2508,#2509,#2510,
#2511),(#2512,#2513,#2514,#2515,#2516,#2517),(#2518,#2519,#2520,#2521,#2522,
#2523),(#2524,#2525,#2526,#2527,#2528,#2529),(#2530,#2531,#2532,#2533,#2534,
#2535),(#2536,#2537,#2538,#2539,#2540,#2541),(#2542,#2543,#2544,#2545,#2546,
#2547),(#2548,#2549,#2550,#2551,#2552,#2553),(#2554,#2555,#2556,#2557,#2558,
#2559),(#2560,#2561,#2562,#2563,#2564,#2565),(#2566,#2567,#2568,#2569,#2570,
#2571),(#2572,#2573,#2574,#2575,#2576,#2577),(#2578,#2579,#2580,#2581,#2582,
#2583),(#2584,#2585,#2586,#2587,#2588,#2589),(#2590,#2591,#2592,#2593,#2594,
#2595),(#2596,#2597,#2598,#2599,#2600,#2601),(#2602,#2603,#2604,#2605,#2606,
#2607),(#2608,#2609,#2610,#2611,#2612,#2613),(#2614,#2615,#2616,#2617,#2618,
#2619),(#2620,#2621,#2622,#2623,#2624,#2625),(#2626,#2627,#2628,#2629,#2630,
#2631),(#2632,#2633,#2634,#2635,#2636,#2637),(#2638,#2639,#2640,#2641,#2642,
#2643),(#2644,#2645,#2646,#2647,#2648,#2649),(#2650,#2651,#2652,#2653,#2654,
#2655),(#2656,#2657,#2658,#2659,#2660,#2661),(#2662,#2663,#2664,#2665,#2666,
#2667),(#2668,#2669,#2670,#2671,#2672,#2673),(#2674,#2675,#2676,#2677,#2678,
#2679),(#2680,#2681,#2682,#2683,#2684,#2685),(#2686,#2687,#2688,#2689,#2690,
#2691),(#2692,#2693,#2694,#2695,#2696,#2697),(#2698,#2699,#2700,#2701,#2702,
#2703),(#2704,#2705,#2706,#2707,#2708,#2709),(#2710,#2711,#2712,#2713,#2714,
#2715),(#2716,#2717,#2718,#2719,#2720,#2721),(#2722,#2723,#2724,#2725,#2726,
#2727),(#2728,#2729,#2730,#2731,#2732,#2733),(#2734,#2735,#2736,#2737,#2738,
#2739),(#2740,#2741,#2742,#2743,#2744,#2745),(#2746,#2747,#2748,#2749,#2750,
#2751),(#2752,#2753,#2754,#2755,#2756,#2757),(#2758,#2759,#2760,#2761,#2762,
#2763),(#2764,#2765,#2766,#2767,#2768,#2769),(#2770,#2771,#2772,#2773,#2774,
#2775),(#2776,#2777,#2778,#2779,#2780,#2781),(#2782,#2783,#2784,#2785,#2786,
#2787),(#2788,#2789,#2790,#2791,#2792,#2793),(#2794,#2795,#2796,#2797,#2798,
#2799),(#2800,#2801,#2802,#2803,#2804,#2805),(#2806,#2807,#2808,#2809,#2810,
#2811),(#2812,#2813,#2814,#2815,#2816,#2817),(#2818,#2819,#2820,#2821,#2822,
#2823),(#2824,#2825,#2826,#2827,#2828,#2829),(#2830,#2831,#2832,#2833,#2834,
#2835),(#2836,#2837,#2838,#2839,#2840,#2841),(#2842,#2843,#2844,#2845,#2846,
#2847),(#2848,#2849,#2850,#2851,#2852,#2853)),.UNSPECIFIED.,.T.,.F.,.F.,
(2,2,2,2,2,2,2,2,2,2,2,2,2,2,2,2,2,2,2,2,2,2,2,2,2,2,2,2,2,2,2,2,2,2,2,
2,2,2,2,2,2),(4,1,1,4),(-0.0187965454183469,0.,0.0197882390813267,0.0395764781626535,
0.0791529563253069,0.0989411954066336,0.11872943448796,0.138517673569287,
0.158305912650614,0.18222112815094,0.206136343651266,0.25396677465192,0.301797205652573,
0.349627636653225,0.387220727489919,0.406017272908266,0.424813818326613,
0.443610363744959,0.462406909163306,0.481203454581653,0.5,0.519788239081327,
0.539576478162654,0.579152956325307,0.598941195406634,0.61872943448796,
0.638517673569287,0.658305912650614,0.68222112815094,0.706136343651267,
0.753966774651919,0.801797205652572,0.849627636653225,0.887220727489919,
0.906017272908266,0.924813818326613,0.943610363744959,0.962406909163306,
0.981203454581653,1.,1.01978823908133),(0.00638233108831395,0.500914351032016,
0.786519096595444,1.),.UNSPECIFIED.);
#1172=B_SPLINE_SURFACE_WITH_KNOTS('',3,3,((#2898,#2899,#2900,#2901,#2902,
#2903,#2904,#2905,#2906,#2907,#2908,#2909,#2910,#2911,#2912,#2913,#2914,
#2915,#2916),(#2917,#2918,#2919,#2920,#2921,#2922,#2923,#2924,#2925,#2926,
#2927,#2928,#2929,#2930,#2931,#2932,#2933,#2934,#2935),(#2936,#2937,#2938,
#2939,#2940,#2941,#2942,#2943,#2944,#2945,#2946,#2947,#2948,#2949,#2950,
#2951,#2952,#2953,#2954),(#2955,#2956,#2957,#2958,#2959,#2960,#2961,#2962,
#2963,#2964,#2965,#2966,#2967,#2968,#2969,#2970,#2971,#2972,#2973),(#2974,
#2975,#2976,#2977,#2978,#2979,#2980,#2981,#2982,#2983,#2984,#2985,#2986,
#2987,#2988,#2989,#2990,#2991,#2992),(#2993,#2994,#2995,#2996,#2997,#2998,
#2999,#3000,#3001,#3002,#3003,#3004,#3005,#3006,#3007,#3008,#3009,#3010,
#3011),(#3012,#3013,#3014,#3015,#3016,#3017,#3018,#3019,#3020,#3021,#3022,
#3023,#3024,#3025,#3026,#3027,#3028,#3029,#3030),(#3031,#3032,#3033,#3034,
#3035,#3036,#3037,#3038,#3039,#3040,#3041,#3042,#3043,#3044,#3045,#3046,
#3047,#3048,#3049),(#3050,#3051,#3052,#3053,#3054,#3055,#3056,#3057,#3058,
#3059,#3060,#3061,#3062,#3063,#3064,#3065,#3066,#3067,#3068),(#3069,#3070,
#3071,#3072,#3073,#3074,#3075,#3076,#3077,#3078,#3079,#3080,#3081,#3082,
#3083,#3084,#3085,#3086,#3087),(#3088,#3089,#3090,#3091,#3092,#3093,#3094,
#3095,#3096,#3097,#3098,#3099,#3100,#3101,#3102,#3103,#3104,#3105,#3106),
(#3107,#3108,#3109,#3110,#3111,#3112,#3113,#3114,#3115,#3116,#3117,#3118,
#3119,#3120,#3121,#3122,#3123,#3124,#3125),(#3126,#3127,#3128,#3129,#3130,
#3131,#3132,#3133,#3134,#3135,#3136,#3137,#3138,#3139,#3140,#3141,#3142,
#3143,#3144),(#3145,#3146,#3147,#3148,#3149,#3150,#3151,#3152,#3153,#3154,
#3155,#3156,#3157,#3158,#3159,#3160,#3161,#3162,#3163),(#3164,#3165,#3166,
#3167,#3168,#3169,#3170,#3171,#3172,#3173,#3174,#3175,#3176,#3177,#3178,
#3179,#3180,#3181,#3182),(#3183,#3184,#3185,#3186,#3187,#3188,#3189,#3190,
#3191,#3192,#3193,#3194,#3195,#3196,#3197,#3198,#3199,#3200,#3201),(#3202,
#3203,#3204,#3205,#3206,#3207,#3208,#3209,#3210,#3211,#3212,#3213,#3214,
#3215,#3216,#3217,#3218,#3219,#3220),(#3221,#3222,#3223,#3224,#3225,#3226,
#3227,#3228,#3229,#3230,#3231,#3232,#3233,#3234,#3235,#3236,#3237,#3238,
#3239),(#3240,#3241,#3242,#3243,#3244,#3245,#3246,#3247,#3248,#3249,#3250,
#3251,#3252,#3253,#3254,#3255,#3256,#3257,#3258),(#3259,#3260,#3261,#3262,
#3263,#3264,#3265,#3266,#3267,#3268,#3269,#3270,#3271,#3272,#3273,#3274,
#3275,#3276,#3277),(#3278,#3279,#3280,#3281,#3282,#3283,#3284,#3285,#3286,
#3287,#3288,#3289,#3290,#3291,#3292,#3293,#3294,#3295,#3296),(#3297,#3298,
#3299,#3300,#3301,#3302,#3303,#3304,#3305,#3306,#3307,#3308,#3309,#3310,
#3311,#3312,#3313,#3314,#3315),(#3316,#3317,#3318,#3319,#3320,#3321,#3322,
#3323,#3324,#3325,#3326,#3327,#3328,#3329,#3330,#3331,#3332,#3333,#3334),
(#3335,#3336,#3337,#3338,#3339,#3340,#3341,#3342,#3343,#3344,#3345,#3346,
#3347,#3348,#3349,#3350,#3351,#3352,#3353),(#3354,#3355,#3356,#3357,#3358,
#3359,#3360,#3361,#3362,#3363,#3364,#3365,#3366,#3367,#3368,#3369,#3370,
#3371,#3372),(#3373,#3374,#3375,#3376,#3377,#3378,#3379,#3380,#3381,#3382,
#3383,#3384,#3385,#3386,#3387,#3388,#3389,#3390,#3391),(#3392,#3393,#3394,
#3395,#3396,#3397,#3398,#3399,#3400,#3401,#3402,#3403,#3404,#3405,#3406,
#3407,#3408,#3409,#3410),(#3411,#3412,#3413,#3414,#3415,#3416,#3417,#3418,
#3419,#3420,#3421,#3422,#3423,#3424,#3425,#3426,#3427,#3428,#3429),(#3430,
#3431,#3432,#3433,#3434,#3435,#3436,#3437,#3438,#3439,#3440,#3441,#3442,
#3443,#3444,#3445,#3446,#3447,#3448),(#3449,#3450,#3451,#3452,#3453,#3454,
#3455,#3456,#3457,#3458,#3459,#3460,#3461,#3462,#3463,#3464,#3465,#3466,
#3467),(#3468,#3469,#3470,#3471,#3472,#3473,#3474,#3475,#3476,#3477,#3478,
#3479,#3480,#3481,#3482,#3483,#3484,#3485,#3486),(#3487,#3488,#3489,#3490,
#3491,#3492,#3493,#3494,#3495,#3496,#3497,#3498,#3499,#3500,#3501,#3502,
#3503,#3504,#3505),(#3506,#3507,#3508,#3509,#3510,#3511,#3512,#3513,#3514,
#3515,#3516,#3517,#3518,#3519,#3520,#3521,#3522,#3523,#3524),(#3525,#3526,
#3527,#3528,#3529,#3530,#3531,#3532,#3533,#3534,#3535,#3536,#3537,#3538,
#3539,#3540,#3541,#3542,#3543),(#3544,#3545,#3546,#3547,#3548,#3549,#3550,
#3551,#3552,#3553,#3554,#3555,#3556,#3557,#3558,#3559,#3560,#3561,#3562),
(#3563,#3564,#3565,#3566,#3567,#3568,#3569,#3570,#3571,#3572,#3573,#3574,
#3575,#3576,#3577,#3578,#3579,#3580,#3581),(#3582,#3583,#3584,#3585,#3586,
#3587,#3588,#3589,#3590,#3591,#3592,#3593,#3594,#3595,#3596,#3597,#3598,
#3599,#3600),(#3601,#3602,#3603,#3604,#3605,#3606,#3607,#3608,#3609,#3610,
#3611,#3612,#3613,#3614,#3615,#3616,#3617,#3618,#3619),(#3620,#3621,#3622,
#3623,#3624,#3625,#3626,#3627,#3628,#3629,#3630,#3631,#3632,#3633,#3634,
#3635,#3636,#3637,#3638),(#3639,#3640,#3641,#3642,#3643,#3644,#3645,#3646,
#3647,#3648,#3649,#3650,#3651,#3652,#3653,#3654,#3655,#3656,#3657),(#3658,
#3659,#3660,#3661,#3662,#3663,#3664,#3665,#3666,#3667,#3668,#3669,#3670,
#3671,#3672,#3673,#3674,#3675,#3676),(#3677,#3678,#3679,#3680,#3681,#3682,
#3683,#3684,#3685,#3686,#3687,#3688,#3689,#3690,#3691,#3692,#3693,#3694,
#3695),(#3696,#3697,#3698,#3699,#3700,#3701,#3702,#3703,#3704,#3705,#3706,
#3707,#3708,#3709,#3710,#3711,#3712,#3713,#3714),(#3715,#3716,#3717,#3718,
#3719,#3720,#3721,#3722,#3723,#3724,#3725,#3726,#3727,#3728,#3729,#3730,
#3731,#3732,#3733),(#3734,#3735,#3736,#3737,#3738,#3739,#3740,#3741,#3742,
#3743,#3744,#3745,#3746,#3747,#3748,#3749,#3750,#3751,#3752),(#3753,#3754,
#3755,#3756,#3757,#3758,#3759,#3760,#3761,#3762,#3763,#3764,#3765,#3766,
#3767,#3768,#3769,#3770,#3771),(#3772,#3773,#3774,#3775,#3776,#3777,#3778,
#3779,#3780,#3781,#3782,#3783,#3784,#3785,#3786,#3787,#3788,#3789,#3790),
(#3791,#3792,#3793,#3794,#3795,#3796,#3797,#3798,#3799,#3800,#3801,#3802,
#3803,#3804,#3805,#3806,#3807,#3808,#3809),(#3810,#3811,#3812,#3813,#3814,
#3815,#3816,#3817,#3818,#3819,#3820,#3821,#3822,#3823,#3824,#3825,#3826,
#3827,#3828),(#3829,#3830,#3831,#3832,#3833,#3834,#3835,#3836,#3837,#3838,
#3839,#3840,#3841,#3842,#3843,#3844,#3845,#3846,#3847),(#3848,#3849,#3850,
#3851,#3852,#3853,#3854,#3855,#3856,#3857,#3858,#3859,#3860,#3861,#3862,
#3863,#3864,#3865,#3866),(#3867,#3868,#3869,#3870,#3871,#3872,#3873,#3874,
#3875,#3876,#3877,#3878,#3879,#3880,#3881,#3882,#3883,#3884,#3885),(#3886,
#3887,#3888,#3889,#3890,#3891,#3892,#3893,#3894,#3895,#3896,#3897,#3898,
#3899,#3900,#3901,#3902,#3903,#3904),(#3905,#3906,#3907,#3908,#3909,#3910,
#3911,#3912,#3913,#3914,#3915,#3916,#3917,#3918,#3919,#3920,#3921,#3922,
#3923),(#3924,#3925,#3926,#3927,#3928,#3929,#3930,#3931,#3932,#3933,#3934,
#3935,#3936,#3937,#3938,#3939,#3940,#3941,#3942),(#3943,#3944,#3945,#3946,
#3947,#3948,#3949,#3950,#3951,#3952,#3953,#3954,#3955,#3956,#3957,#3958,
#3959,#3960,#3961),(#3962,#3963,#3964,#3965,#3966,#3967,#3968,#3969,#3970,
#3971,#3972,#3973,#3974,#3975,#3976,#3977,#3978,#3979,#3980),(#3981,#3982,
#3983,#3984,#3985,#3986,#3987,#3988,#3989,#3990,#3991,#3992,#3993,#3994,
#3995,#3996,#3997,#3998,#3999),(#4000,#4001,#4002,#4003,#4004,#4005,#4006,
#4007,#4008,#4009,#4010,#4011,#4012,#4013,#4014,#4015,#4016,#4017,#4018),
(#4019,#4020,#4021,#4022,#4023,#4024,#4025,#4026,#4027,#4028,#4029,#4030,
#4031,#4032,#4033,#4034,#4035,#4036,#4037),(#4038,#4039,#4040,#4041,#4042,
#4043,#4044,#4045,#4046,#4047,#4048,#4049,#4050,#4051,#4052,#4053,#4054,
#4055,#4056),(#4057,#4058,#4059,#4060,#4061,#4062,#4063,#4064,#4065,#4066,
#4067,#4068,#4069,#4070,#4071,#4072,#4073,#4074,#4075),(#4076,#4077,#4078,
#4079,#4080,#4081,#4082,#4083,#4084,#4085,#4086,#4087,#4088,#4089,#4090,
#4091,#4092,#4093,#4094),(#4095,#4096,#4097,#4098,#4099,#4100,#4101,#4102,
#4103,#4104,#4105,#4106,#4107,#4108,#4109,#4110,#4111,#4112,#4113),(#4114,
#4115,#4116,#4117,#4118,#4119,#4120,#4121,#4122,#4123,#4124,#4125,#4126,
#4127,#4128,#4129,#4130,#4131,#4132),(#4133,#4134,#4135,#4136,#4137,#4138,
#4139,#4140,#4141,#4142,#4143,#4144,#4145,#4146,#4147,#4148,#4149,#4150,
#4151),(#4152,#4153,#4154,#4155,#4156,#4157,#4158,#4159,#4160,#4161,#4162,
#4163,#4164,#4165,#4166,#4167,#4168,#4169,#4170),(#4171,#4172,#4173,#4174,
#4175,#4176,#4177,#4178,#4179,#4180,#4181,#4182,#4183,#4184,#4185,#4186,
#4187,#4188,#4189),(#4190,#4191,#4192,#4193,#4194,#4195,#4196,#4197,#4198,
#4199,#4200,#4201,#4202,#4203,#4204,#4205,#4206,#4207,#4208),(#4209,#4210,
#4211,#4212,#4213,#4214,#4215,#4216,#4217,#4218,#4219,#4220,#4221,#4222,
#4223,#4224,#4225,#4226,#4227),(#4228,#4229,#4230,#4231,#4232,#4233,#4234,
#4235,#4236,#4237,#4238,#4239,#4240,#4241,#4242,#4243,#4244,#4245,#4246),
(#4247,#4248,#4249,#4250,#4251,#4252,#4253,#4254,#4255,#4256,#4257,#4258,
#4259,#4260,#4261,#4262,#4263,#4264,#4265),(#4266,#4267,#4268,#4269,#4270,
#4271,#4272,#4273,#4274,#4275,#4276,#4277,#4278,#4279,#4280,#4281,#4282,
#4283,#4284),(#4285,#4286,#4287,#4288,#4289,#4290,#4291,#4292,#4293,#4294,
#4295,#4296,#4297,#4298,#4299,#4300,#4301,#4302,#4303),(#4304,#4305,#4306,
#4307,#4308,#4309,#4310,#4311,#4312,#4313,#4314,#4315,#4316,#4317,#4318,
#4319,#4320,#4321,#4322),(#4323,#4324,#4325,#4326,#4327,#4328,#4329,#4330,
#4331,#4332,#4333,#4334,#4335,#4336,#4337,#4338,#4339,#4340,#4341),(#4342,
#4343,#4344,#4345,#4346,#4347,#4348,#4349,#4350,#4351,#4352,#4353,#4354,
#4355,#4356,#4357,#4358,#4359,#4360),(#4361,#4362,#4363,#4364,#4365,#4366,
#4367,#4368,#4369,#4370,#4371,#4372,#4373,#4374,#4375,#4376,#4377,#4378,
#4379)),.UNSPECIFIED.,.T.,.F.,.F.,(1,1,1,1,1,1,1,1,1,1,1,1,1,1,1,1,1,1,
1,1,1,1,1,1,1,1,1,1,1,1,1,1,1,1,1,1,1,1,1,1,1,1,1,1,1,1,1,1,1,1,1,1,1,1,
1,1,1,1,1,1,1,1,1,1,1,1,1,1,1,1,1,1,1,1,1,1,1,1,1,1,1,1),(4,1,1,1,1,1,1,
1,1,1,1,1,1,1,1,1,4),(-0.0625,-0.03125,-0.015625,0.,0.03125,0.0625,0.09375,
0.109375,0.125,0.1328125,0.140625,0.1484375,0.15234375,0.15625,0.158203125,
0.16015625,0.1640625,0.171875,0.1875,0.203125,0.21875,0.25,0.28125,0.296875,
0.3125,0.328125,0.3359375,0.34375,0.34765625,0.349609375,0.3515625,0.35546875,
0.359375,0.3671875,0.375,0.390625,0.40625,0.4375,0.46875,0.484375,0.5,0.515625,
0.53125,0.5625,0.59375,0.609375,0.625,0.6328125,0.640625,0.6484375,0.65234375,
0.65625,0.658203125,0.66015625,0.6640625,0.671875,0.6875,0.703125,0.71875,
0.75,0.78125,0.796875,0.8125,0.828125,0.8359375,0.84375,0.84765625,0.849609375,
0.8515625,0.85546875,0.859375,0.8671875,0.875,0.890625,0.90625,0.9375,0.96875,
0.984375,1.,1.03125,1.0625,1.09375),(-6.52467394822124E-18,0.25,0.354166666666667,
0.4375,0.5,0.5625,0.625,0.677083333333334,0.71875,0.75,0.78125,0.8125,0.84375,
0.875,0.90625,0.9375,1.),.UNSPECIFIED.);
#1173=B_SPLINE_SURFACE_WITH_KNOTS('',3,3,((#4568,#4569,#4570,#4571,#4572,
#4573,#4574,#4575,#4576,#4577,#4578,#4579,#4580,#4581,#4582,#4583,#4584,
#4585,#4586),(#4587,#4588,#4589,#4590,#4591,#4592,#4593,#4594,#4595,#4596,
#4597,#4598,#4599,#4600,#4601,#4602,#4603,#4604,#4605),(#4606,#4607,#4608,
#4609,#4610,#4611,#4612,#4613,#4614,#4615,#4616,#4617,#4618,#4619,#4620,
#4621,#4622,#4623,#4624),(#4625,#4626,#4627,#4628,#4629,#4630,#4631,#4632,
#4633,#4634,#4635,#4636,#4637,#4638,#4639,#4640,#4641,#4642,#4643),(#4644,
#4645,#4646,#4647,#4648,#4649,#4650,#4651,#4652,#4653,#4654,#4655,#4656,
#4657,#4658,#4659,#4660,#4661,#4662),(#4663,#4664,#4665,#4666,#4667,#4668,
#4669,#4670,#4671,#4672,#4673,#4674,#4675,#4676,#4677,#4678,#4679,#4680,
#4681),(#4682,#4683,#4684,#4685,#4686,#4687,#4688,#4689,#4690,#4691,#4692,
#4693,#4694,#4695,#4696,#4697,#4698,#4699,#4700),(#4701,#4702,#4703,#4704,
#4705,#4706,#4707,#4708,#4709,#4710,#4711,#4712,#4713,#4714,#4715,#4716,
#4717,#4718,#4719),(#4720,#4721,#4722,#4723,#4724,#4725,#4726,#4727,#4728,
#4729,#4730,#4731,#4732,#4733,#4734,#4735,#4736,#4737,#4738),(#4739,#4740,
#4741,#4742,#4743,#4744,#4745,#4746,#4747,#4748,#4749,#4750,#4751,#4752,
#4753,#4754,#4755,#4756,#4757),(#4758,#4759,#4760,#4761,#4762,#4763,#4764,
#4765,#4766,#4767,#4768,#4769,#4770,#4771,#4772,#4773,#4774,#4775,#4776),
(#4777,#4778,#4779,#4780,#4781,#4782,#4783,#4784,#4785,#4786,#4787,#4788,
#4789,#4790,#4791,#4792,#4793,#4794,#4795),(#4796,#4797,#4798,#4799,#4800,
#4801,#4802,#4803,#4804,#4805,#4806,#4807,#4808,#4809,#4810,#4811,#4812,
#4813,#4814),(#4815,#4816,#4817,#4818,#4819,#4820,#4821,#4822,#4823,#4824,
#4825,#4826,#4827,#4828,#4829,#4830,#4831,#4832,#4833),(#4834,#4835,#4836,
#4837,#4838,#4839,#4840,#4841,#4842,#4843,#4844,#4845,#4846,#4847,#4848,
#4849,#4850,#4851,#4852),(#4853,#4854,#4855,#4856,#4857,#4858,#4859,#4860,
#4861,#4862,#4863,#4864,#4865,#4866,#4867,#4868,#4869,#4870,#4871),(#4872,
#4873,#4874,#4875,#4876,#4877,#4878,#4879,#4880,#4881,#4882,#4883,#4884,
#4885,#4886,#4887,#4888,#4889,#4890),(#4891,#4892,#4893,#4894,#4895,#4896,
#4897,#4898,#4899,#4900,#4901,#4902,#4903,#4904,#4905,#4906,#4907,#4908,
#4909),(#4910,#4911,#4912,#4913,#4914,#4915,#4916,#4917,#4918,#4919,#4920,
#4921,#4922,#4923,#4924,#4925,#4926,#4927,#4928),(#4929,#4930,#4931,#4932,
#4933,#4934,#4935,#4936,#4937,#4938,#4939,#4940,#4941,#4942,#4943,#4944,
#4945,#4946,#4947),(#4948,#4949,#4950,#4951,#4952,#4953,#4954,#4955,#4956,
#4957,#4958,#4959,#4960,#4961,#4962,#4963,#4964,#4965,#4966),(#4967,#4968,
#4969,#4970,#4971,#4972,#4973,#4974,#4975,#4976,#4977,#4978,#4979,#4980,
#4981,#4982,#4983,#4984,#4985),(#4986,#4987,#4988,#4989,#4990,#4991,#4992,
#4993,#4994,#4995,#4996,#4997,#4998,#4999,#5000,#5001,#5002,#5003,#5004),
(#5005,#5006,#5007,#5008,#5009,#5010,#5011,#5012,#5013,#5014,#5015,#5016,
#5017,#5018,#5019,#5020,#5021,#5022,#5023),(#5024,#5025,#5026,#5027,#5028,
#5029,#5030,#5031,#5032,#5033,#5034,#5035,#5036,#5037,#5038,#5039,#5040,
#5041,#5042),(#5043,#5044,#5045,#5046,#5047,#5048,#5049,#5050,#5051,#5052,
#5053,#5054,#5055,#5056,#5057,#5058,#5059,#5060,#5061),(#5062,#5063,#5064,
#5065,#5066,#5067,#5068,#5069,#5070,#5071,#5072,#5073,#5074,#5075,#5076,
#5077,#5078,#5079,#5080),(#5081,#5082,#5083,#5084,#5085,#5086,#5087,#5088,
#5089,#5090,#5091,#5092,#5093,#5094,#5095,#5096,#5097,#5098,#5099),(#5100,
#5101,#5102,#5103,#5104,#5105,#5106,#5107,#5108,#5109,#5110,#5111,#5112,
#5113,#5114,#5115,#5116,#5117,#5118),(#5119,#5120,#5121,#5122,#5123,#5124,
#5125,#5126,#5127,#5128,#5129,#5130,#5131,#5132,#5133,#5134,#5135,#5136,
#5137),(#5138,#5139,#5140,#5141,#5142,#5143,#5144,#5145,#5146,#5147,#5148,
#5149,#5150,#5151,#5152,#5153,#5154,#5155,#5156),(#5157,#5158,#5159,#5160,
#5161,#5162,#5163,#5164,#5165,#5166,#5167,#5168,#5169,#5170,#5171,#5172,
#5173,#5174,#5175),(#5176,#5177,#5178,#5179,#5180,#5181,#5182,#5183,#5184,
#5185,#5186,#5187,#5188,#5189,#5190,#5191,#5192,#5193,#5194),(#5195,#5196,
#5197,#5198,#5199,#5200,#5201,#5202,#5203,#5204,#5205,#5206,#5207,#5208,
#5209,#5210,#5211,#5212,#5213),(#5214,#5215,#5216,#5217,#5218,#5219,#5220,
#5221,#5222,#5223,#5224,#5225,#5226,#5227,#5228,#5229,#5230,#5231,#5232),
(#5233,#5234,#5235,#5236,#5237,#5238,#5239,#5240,#5241,#5242,#5243,#5244,
#5245,#5246,#5247,#5248,#5249,#5250,#5251),(#5252,#5253,#5254,#5255,#5256,
#5257,#5258,#5259,#5260,#5261,#5262,#5263,#5264,#5265,#5266,#5267,#5268,
#5269,#5270),(#5271,#5272,#5273,#5274,#5275,#5276,#5277,#5278,#5279,#5280,
#5281,#5282,#5283,#5284,#5285,#5286,#5287,#5288,#5289),(#5290,#5291,#5292,
#5293,#5294,#5295,#5296,#5297,#5298,#5299,#5300,#5301,#5302,#5303,#5304,
#5305,#5306,#5307,#5308),(#5309,#5310,#5311,#5312,#5313,#5314,#5315,#5316,
#5317,#5318,#5319,#5320,#5321,#5322,#5323,#5324,#5325,#5326,#5327),(#5328,
#5329,#5330,#5331,#5332,#5333,#5334,#5335,#5336,#5337,#5338,#5339,#5340,
#5341,#5342,#5343,#5344,#5345,#5346),(#5347,#5348,#5349,#5350,#5351,#5352,
#5353,#5354,#5355,#5356,#5357,#5358,#5359,#5360,#5361,#5362,#5363,#5364,
#5365),(#5366,#5367,#5368,#5369,#5370,#5371,#5372,#5373,#5374,#5375,#5376,
#5377,#5378,#5379,#5380,#5381,#5382,#5383,#5384),(#5385,#5386,#5387,#5388,
#5389,#5390,#5391,#5392,#5393,#5394,#5395,#5396,#5397,#5398,#5399,#5400,
#5401,#5402,#5403),(#5404,#5405,#5406,#5407,#5408,#5409,#5410,#5411,#5412,
#5413,#5414,#5415,#5416,#5417,#5418,#5419,#5420,#5421,#5422),(#5423,#5424,
#5425,#5426,#5427,#5428,#5429,#5430,#5431,#5432,#5433,#5434,#5435,#5436,
#5437,#5438,#5439,#5440,#5441),(#5442,#5443,#5444,#5445,#5446,#5447,#5448,
#5449,#5450,#5451,#5452,#5453,#5454,#5455,#5456,#5457,#5458,#5459,#5460),
(#5461,#5462,#5463,#5464,#5465,#5466,#5467,#5468,#5469,#5470,#5471,#5472,
#5473,#5474,#5475,#5476,#5477,#5478,#5479),(#5480,#5481,#5482,#5483,#5484,
#5485,#5486,#5487,#5488,#5489,#5490,#5491,#5492,#5493,#5494,#5495,#5496,
#5497,#5498),(#5499,#5500,#5501,#5502,#5503,#5504,#5505,#5506,#5507,#5508,
#5509,#5510,#5511,#5512,#5513,#5514,#5515,#5516,#5517),(#5518,#5519,#5520,
#5521,#5522,#5523,#5524,#5525,#5526,#5527,#5528,#5529,#5530,#5531,#5532,
#5533,#5534,#5535,#5536),(#5537,#5538,#5539,#5540,#5541,#5542,#5543,#5544,
#5545,#5546,#5547,#5548,#5549,#5550,#5551,#5552,#5553,#5554,#5555),(#5556,
#5557,#5558,#5559,#5560,#5561,#5562,#5563,#5564,#5565,#5566,#5567,#5568,
#5569,#5570,#5571,#5572,#5573,#5574),(#5575,#5576,#5577,#5578,#5579,#5580,
#5581,#5582,#5583,#5584,#5585,#5586,#5587,#5588,#5589,#5590,#5591,#5592,
#5593),(#5594,#5595,#5596,#5597,#5598,#5599,#5600,#5601,#5602,#5603,#5604,
#5605,#5606,#5607,#5608,#5609,#5610,#5611,#5612),(#5613,#5614,#5615,#5616,
#5617,#5618,#5619,#5620,#5621,#5622,#5623,#5624,#5625,#5626,#5627,#5628,
#5629,#5630,#5631),(#5632,#5633,#5634,#5635,#5636,#5637,#5638,#5639,#5640,
#5641,#5642,#5643,#5644,#5645,#5646,#5647,#5648,#5649,#5650),(#5651,#5652,
#5653,#5654,#5655,#5656,#5657,#5658,#5659,#5660,#5661,#5662,#5663,#5664,
#5665,#5666,#5667,#5668,#5669),(#5670,#5671,#5672,#5673,#5674,#5675,#5676,
#5677,#5678,#5679,#5680,#5681,#5682,#5683,#5684,#5685,#5686,#5687,#5688),
(#5689,#5690,#5691,#5692,#5693,#5694,#5695,#5696,#5697,#5698,#5699,#5700,
#5701,#5702,#5703,#5704,#5705,#5706,#5707),(#5708,#5709,#5710,#5711,#5712,
#5713,#5714,#5715,#5716,#5717,#5718,#5719,#5720,#5721,#5722,#5723,#5724,
#5725,#5726),(#5727,#5728,#5729,#5730,#5731,#5732,#5733,#5734,#5735,#5736,
#5737,#5738,#5739,#5740,#5741,#5742,#5743,#5744,#5745),(#5746,#5747,#5748,
#5749,#5750,#5751,#5752,#5753,#5754,#5755,#5756,#5757,#5758,#5759,#5760,
#5761,#5762,#5763,#5764),(#5765,#5766,#5767,#5768,#5769,#5770,#5771,#5772,
#5773,#5774,#5775,#5776,#5777,#5778,#5779,#5780,#5781,#5782,#5783),(#5784,
#5785,#5786,#5787,#5788,#5789,#5790,#5791,#5792,#5793,#5794,#5795,#5796,
#5797,#5798,#5799,#5800,#5801,#5802),(#5803,#5804,#5805,#5806,#5807,#5808,
#5809,#5810,#5811,#5812,#5813,#5814,#5815,#5816,#5817,#5818,#5819,#5820,
#5821),(#5822,#5823,#5824,#5825,#5826,#5827,#5828,#5829,#5830,#5831,#5832,
#5833,#5834,#5835,#5836,#5837,#5838,#5839,#5840),(#5841,#5842,#5843,#5844,
#5845,#5846,#5847,#5848,#5849,#5850,#5851,#5852,#5853,#5854,#5855,#5856,
#5857,#5858,#5859),(#5860,#5861,#5862,#5863,#5864,#5865,#5866,#5867,#5868,
#5869,#5870,#5871,#5872,#5873,#5874,#5875,#5876,#5877,#5878),(#5879,#5880,
#5881,#5882,#5883,#5884,#5885,#5886,#5887,#5888,#5889,#5890,#5891,#5892,
#5893,#5894,#5895,#5896,#5897),(#5898,#5899,#5900,#5901,#5902,#5903,#5904,
#5905,#5906,#5907,#5908,#5909,#5910,#5911,#5912,#5913,#5914,#5915,#5916),
(#5917,#5918,#5919,#5920,#5921,#5922,#5923,#5924,#5925,#5926,#5927,#5928,
#5929,#5930,#5931,#5932,#5933,#5934,#5935),(#5936,#5937,#5938,#5939,#5940,
#5941,#5942,#5943,#5944,#5945,#5946,#5947,#5948,#5949,#5950,#5951,#5952,
#5953,#5954),(#5955,#5956,#5957,#5958,#5959,#5960,#5961,#5962,#5963,#5964,
#5965,#5966,#5967,#5968,#5969,#5970,#5971,#5972,#5973),(#5974,#5975,#5976,
#5977,#5978,#5979,#5980,#5981,#5982,#5983,#5984,#5985,#5986,#5987,#5988,
#5989,#5990,#5991,#5992),(#5993,#5994,#5995,#5996,#5997,#5998,#5999,#6000,
#6001,#6002,#6003,#6004,#6005,#6006,#6007,#6008,#6009,#6010,#6011),(#6012,
#6013,#6014,#6015,#6016,#6017,#6018,#6019,#6020,#6021,#6022,#6023,#6024,
#6025,#6026,#6027,#6028,#6029,#6030),(#6031,#6032,#6033,#6034,#6035,#6036,
#6037,#6038,#6039,#6040,#6041,#6042,#6043,#6044,#6045,#6046,#6047,#6048,
#6049)),.UNSPECIFIED.,.T.,.F.,.F.,(1,1,1,1,1,1,1,1,1,1,1,1,1,1,1,1,1,1,
1,1,1,1,1,1,1,1,1,1,1,1,1,1,1,1,1,1,1,1,1,1,1,1,1,1,1,1,1,1,1,1,1,1,1,1,
1,1,1,1,1,1,1,1,1,1,1,1,1,1,1,1,1,1,1,1,1,1,1,1,1,1,1,1),(4,1,1,1,1,1,1,
1,1,1,1,1,1,1,1,1,4),(-0.0625,-0.03125,-0.015625,0.,0.03125,0.0625,0.09375,
0.109375,0.125,0.1328125,0.140625,0.1484375,0.15234375,0.15625,0.158203125,
0.16015625,0.1640625,0.171875,0.1875,0.203125,0.21875,0.25,0.28125,0.296875,
0.3125,0.328125,0.3359375,0.34375,0.34765625,0.349609375,0.3515625,0.35546875,
0.359375,0.3671875,0.375,0.390625,0.40625,0.4375,0.46875,0.484375,0.5,0.515625,
0.53125,0.5625,0.59375,0.609375,0.625,0.6328125,0.640625,0.6484375,0.65234375,
0.65625,0.658203125,0.66015625,0.6640625,0.671875,0.6875,0.703125,0.71875,
0.75,0.78125,0.796875,0.8125,0.828125,0.8359375,0.84375,0.84765625,0.849609375,
0.8515625,0.85546875,0.859375,0.8671875,0.875,0.890625,0.90625,0.9375,0.96875,
0.984375,1.,1.03125,1.0625,1.09375),(-1.17026914897027E-16,0.25,0.354166666666667,
0.4375,0.5,0.5625,0.625,0.677083333333333,0.71875,0.75,0.78125,0.8125,0.84375,
0.875,0.90625,0.9375,1.),.UNSPECIFIED.);
#1174=B_SPLINE_SURFACE_WITH_KNOTS('',1,3,((#6276,#6277,#6278,#6279),(#6280,
#6281,#6282,#6283)),.RULED_SURF.,.F.,.F.,.F.,(2,2),(4,4),(0.,1.),(-1.25735080406392E-6,
0.00951571019392333),.PIECEWISE_BEZIER_KNOTS.);
#1175=B_SPLINE_SURFACE_WITH_KNOTS('',1,3,((#6288,#6289,#6290,#6291,#6292,
#6293),(#6294,#6295,#6296,#6297,#6298,#6299)),.RULED_SURF.,.F.,.F.,.F.,
(2,2),(4,2,4),(0.,1.),(0.,0.00495143790518413,0.00990287581036827),
 .UNSPECIFIED.);
#1176=B_SPLINE_SURFACE_WITH_KNOTS('',1,3,((#6309,#6310,#6311,#6312,#6313,
#6314),(#6315,#6316,#6317,#6318,#6319,#6320)),.RULED_SURF.,.F.,.F.,.F.,
(2,2),(4,2,4),(0.,1.),(0.,0.00495454190512158,0.00990908381024316),
 .UNSPECIFIED.);
#1177=B_SPLINE_SURFACE_WITH_KNOTS('',1,3,((#6325,#6326,#6327,#6328),(#6329,
#6330,#6331,#6332)),.RULED_SURF.,.F.,.F.,.F.,(2,2),(4,4),(0.,1.),(2.46299918144384E-6,
0.00950407653339433),.PIECEWISE_BEZIER_KNOTS.);
#1178=B_SPLINE_SURFACE_WITH_KNOTS('',1,3,((#6337,#6338,#6339,#6340),(#6341,
#6342,#6343,#6344)),.RULED_SURF.,.F.,.F.,.F.,(2,2),(4,4),(0.,1.),(0.,0.00969753635982934),
 .PIECEWISE_BEZIER_KNOTS.);
#1179=ADVANCED_FACE('',(#1083),#1169,.T.);
#1180=ADVANCED_FACE('',(#1084),#136,.F.);
#1181=ADVANCED_FACE('',(#1085,#1086,#1087,#1088),#14,.F.);
#1182=ADVANCED_FACE('',(#1089,#1090,#1091,#1092),#15,.T.);
#1183=ADVANCED_FACE('',(#1093,#1094),#13,.T.);
#1184=ADVANCED_FACE('',(#1095,#1096),#12,.T.);
#1185=ADVANCED_FACE('',(#1097,#1098),#16,.T.);
#1186=ADVANCED_FACE('',(#1099),#137,.F.);
#1187=ADVANCED_FACE('',(#1100,#1101),#17,.F.);
#1188=ADVANCED_FACE('',(#1102,#1103),#138,.F.);
#1189=ADVANCED_FACE('',(#1104),#139,.F.);
#1190=ADVANCED_FACE('',(#1105),#140,.T.);
#1191=ADVANCED_FACE('',(#1106),#141,.F.);
#1192=ADVANCED_FACE('',(#1107),#142,.T.);
#1193=ADVANCED_FACE('',(#1108),#18,.T.);
#1194=ADVANCED_FACE('',(#1109),#19,.T.);
#1195=ADVANCED_FACE('',(#1110),#20,.T.);
#1196=ADVANCED_FACE('',(#1111),#21,.T.);
#1197=ADVANCED_FACE('',(#1112,#1113,#1114,#1115),#143,.F.);
#1198=ADVANCED_FACE('',(#1116,#1117),#1170,.T.);
#1199=ADVANCED_FACE('',(#1118,#1119,#1120,#1121),#144,.F.);
#1200=ADVANCED_FACE('',(#1122,#1123),#1171,.F.);
#1201=ADVANCED_FACE('',(#1124,#1125),#1172,.F.);
#1202=ADVANCED_FACE('',(#1126,#1127),#1173,.T.);
#1203=ADVANCED_FACE('',(#1128),#145,.T.);
#1204=ADVANCED_FACE('',(#1129),#146,.F.);
#1205=ADVANCED_FACE('',(#1130),#147,.T.);
#1206=ADVANCED_FACE('',(#1131),#22,.F.);
#1207=ADVANCED_FACE('',(#1132),#148,.F.);
#1208=ADVANCED_FACE('',(#1133),#23,.T.);
#1209=ADVANCED_FACE('',(#1134),#24,.T.);
#1210=ADVANCED_FACE('',(#1135),#25,.T.);
#1211=ADVANCED_FACE('',(#1136),#26,.F.);
#1212=ADVANCED_FACE('',(#1137),#149,.T.);
#1213=ADVANCED_FACE('',(#1138),#27,.T.);
#1214=ADVANCED_FACE('',(#1139),#150,.F.);
#1215=ADVANCED_FACE('',(#1140),#151,.T.);
#1216=ADVANCED_FACE('',(#1141),#152,.F.);
#1217=ADVANCED_FACE('',(#1142),#28,.T.);
#1218=ADVANCED_FACE('',(#1143),#29,.T.);
#1219=ADVANCED_FACE('',(#1144),#30,.F.);
#1220=ADVANCED_FACE('',(#1145),#153,.T.);
#1221=ADVANCED_FACE('',(#1146),#31,.T.);
#1222=ADVANCED_FACE('',(#1147),#154,.F.);
#1223=ADVANCED_FACE('',(#1148),#155,.T.);
#1224=ADVANCED_FACE('',(#1149),#156,.F.);
#1225=ADVANCED_FACE('',(#1150),#32,.T.);
#1226=ADVANCED_FACE('',(#1151),#33,.T.);
#1227=ADVANCED_FACE('',(#1152),#157,.T.);
#1228=ADVANCED_FACE('',(#1153),#158,.F.);
#1229=ADVANCED_FACE('',(#1154),#159,.T.);
#1230=ADVANCED_FACE('',(#1155),#34,.F.);
#1231=ADVANCED_FACE('',(#1156),#160,.F.);
#1232=ADVANCED_FACE('',(#1157),#35,.T.);
#1233=ADVANCED_FACE('',(#1158),#36,.T.);
#1234=ADVANCED_FACE('',(#1159),#37,.T.);
#1235=ADVANCED_FACE('',(#1160),#38,.T.);
#1236=ADVANCED_FACE('',(#1161),#161,.T.);
#1237=ADVANCED_FACE('',(#1162),#1174,.T.);
#1238=ADVANCED_FACE('',(#1163),#1175,.T.);
#1239=ADVANCED_FACE('',(#1164),#39,.T.);
#1240=ADVANCED_FACE('',(#1165),#1176,.T.);
#1241=ADVANCED_FACE('',(#1166),#1177,.T.);
#1242=ADVANCED_FACE('',(#1167),#1178,.T.);
#1243=ADVANCED_FACE('',(#1168),#162,.T.);
#1244=CLOSED_SHELL('',(#1179,#1180,#1181,#1182,#1183,#1184,#1185,#1186,
#1187,#1188,#1189,#1190,#1191,#1192,#1193,#1194,#1195,#1196,#1197,#1198,
#1199,#1200,#1201,#1202,#1203,#1204,#1205,#1206,#1207,#1208,#1209,#1210,
#1211,#1212,#1213,#1214,#1215,#1216,#1217,#1218,#1219,#1220,#1221,#1222,
#1223,#1224,#1225,#1226,#1227,#1228,#1229,#1230,#1231,#1232,#1233,#1234,
#1235,#1236,#1237,#1238,#1239,#1240,#1241,#1242,#1243));
#1245=STYLED_ITEM('',(#1246),#1253);
#1246=PRESENTATION_STYLE_ASSIGNMENT((#1247));
#1247=SURFACE_STYLE_USAGE(.BOTH.,#1248);
#1248=SURFACE_SIDE_STYLE('',(#1249));
#1249=SURFACE_STYLE_FILL_AREA(#1250);
#1250=FILL_AREA_STYLE('',(#1251));
#1251=FILL_AREA_STYLE_COLOUR('',#1252);
#1252=COLOUR_RGB('',0.250980392156863,0.250980392156863,0.250980392156863);
#1253=MANIFOLD_SOLID_BREP('DuctIntake',#1244);
#1254=SHAPE_DEFINITION_REPRESENTATION(#6356,#1255);
#1255=SHAPE_REPRESENTATION('DuctIntake',(#1256),#6351);
#1256=AXIS2_PLACEMENT_3D('',#1583,#1349,#1350);
#1257=AXIS2_PLACEMENT_3D('',#1598,#1351,#1352);
#1258=AXIS2_PLACEMENT_3D('',#1614,#1353,#1354);
#1259=AXIS2_PLACEMENT_3D('',#1615,#1355,#1356);
#1260=AXIS2_PLACEMENT_3D('',#1624,#1358,#1359);
#1261=AXIS2_PLACEMENT_3D('',#1628,#1361,#1362);
#1262=AXIS2_PLACEMENT_3D('',#1632,#1364,#1365);
#1263=AXIS2_PLACEMENT_3D('',#1633,#1366,#1367);
#1264=AXIS2_PLACEMENT_3D('',#1635,#1368,#1369);
#1265=AXIS2_PLACEMENT_3D('',#1640,#1371,#1372);
#1266=AXIS2_PLACEMENT_3D('',#1644,#1374,#1375);
#1267=AXIS2_PLACEMENT_3D('',#1645,#1376,#1377);
#1268=AXIS2_PLACEMENT_3D('',#1646,#1378,#1379);
#1269=AXIS2_PLACEMENT_3D('',#1651,#1381,#1382);
#1270=AXIS2_PLACEMENT_3D('',#1654,#1384,#1385);
#1271=AXIS2_PLACEMENT_3D('',#1656,#1386,#1387);
#1272=AXIS2_PLACEMENT_3D('',#1658,#1388,#1389);
#1273=AXIS2_PLACEMENT_3D('',#1663,#1391,#1392);
#1274=AXIS2_PLACEMENT_3D('',#1666,#1394,#1395);
#1275=AXIS2_PLACEMENT_3D('',#1667,#1396,#1397);
#1276=AXIS2_PLACEMENT_3D('',#1668,#1398,#1399);
#1277=AXIS2_PLACEMENT_3D('',#1670,#1400,#1401);
#1278=AXIS2_PLACEMENT_3D('',#1671,#1402,#1403);
#1279=AXIS2_PLACEMENT_3D('',#1674,#1404,#1405);
#1280=AXIS2_PLACEMENT_3D('',#1676,#1406,#1407);
#1281=AXIS2_PLACEMENT_3D('',#1682,#1408,#1409);
#1282=AXIS2_PLACEMENT_3D('',#1683,#1410,#1411);
#1283=AXIS2_PLACEMENT_3D('',#1697,#1413,#1414);
#1284=AXIS2_PLACEMENT_3D('',#1698,#1415,#1416);
#1285=AXIS2_PLACEMENT_3D('',#1708,#1417,#1418);
#1286=AXIS2_PLACEMENT_3D('',#1710,#1419,#1420);
#1287=AXIS2_PLACEMENT_3D('',#1711,#1421,#1422);
#1288=AXIS2_PLACEMENT_3D('',#1712,#1423,#1424);
#1289=AXIS2_PLACEMENT_3D('',#1713,#1425,#1426);
#1290=AXIS2_PLACEMENT_3D('',#1714,#1427,#1428);
#1291=AXIS2_PLACEMENT_3D('',#1715,#1429,#1430);
#1292=AXIS2_PLACEMENT_3D('',#1716,#1431,#1432);
#1293=AXIS2_PLACEMENT_3D('',#1717,#1433,#1434);
#1294=AXIS2_PLACEMENT_3D('',#1718,#1435,#1436);
#1295=AXIS2_PLACEMENT_3D('',#1719,#1437,#1438);
#1296=AXIS2_PLACEMENT_3D('',#1720,#1439,#1440);
#1297=AXIS2_PLACEMENT_3D('',#1721,#1441,#1442);
#1298=AXIS2_PLACEMENT_3D('',#1722,#1443,#1444);
#1299=AXIS2_PLACEMENT_3D('',#1723,#1445,#1446);
#1300=AXIS2_PLACEMENT_3D('',#1724,#1447,#1448);
#1301=AXIS2_PLACEMENT_3D('',#1725,#1449,#1450);
#1302=AXIS2_PLACEMENT_3D('',#1726,#1451,#1452);
#1303=AXIS2_PLACEMENT_3D('',#1727,#1453,#1454);
#1304=AXIS2_PLACEMENT_3D('',#1778,#1460,#1461);
#1305=AXIS2_PLACEMENT_3D('',#1780,#1462,#1463);
#1306=AXIS2_PLACEMENT_3D('',#1784,#1465,#1466);
#1307=AXIS2_PLACEMENT_3D('',#1786,#1467,#1468);
#1308=AXIS2_PLACEMENT_3D('',#2321,#1469,#1470);
#1309=AXIS2_PLACEMENT_3D('',#2352,#1474,#1475);
#1310=AXIS2_PLACEMENT_3D('',#2360,#1476,#1477);
#1311=AXIS2_PLACEMENT_3D('',#2362,#1478,#1479);
#1312=AXIS2_PLACEMENT_3D('',#2369,#1480,#1481);
#1313=AXIS2_PLACEMENT_3D('',#6206,#1483,#1484);
#1314=AXIS2_PLACEMENT_3D('',#6208,#1486,#1487);
#1315=AXIS2_PLACEMENT_3D('',#6210,#1489,#1490);
#1316=AXIS2_PLACEMENT_3D('',#6213,#1493,#1494);
#1317=AXIS2_PLACEMENT_3D('',#6214,#1495,#1496);
#1318=AXIS2_PLACEMENT_3D('',#6217,#1499,#1500);
#1319=AXIS2_PLACEMENT_3D('',#6218,#1501,#1502);
#1320=AXIS2_PLACEMENT_3D('',#6220,#1504,#1505);
#1321=AXIS2_PLACEMENT_3D('',#6221,#1506,#1507);
#1322=AXIS2_PLACEMENT_3D('',#6224,#1510,#1511);
#1323=AXIS2_PLACEMENT_3D('',#6225,#1512,#1513);
#1324=AXIS2_PLACEMENT_3D('',#6228,#1516,#1517);
#1325=AXIS2_PLACEMENT_3D('',#6229,#1518,#1519);
#1326=AXIS2_PLACEMENT_3D('',#6231,#1521,#1522);
#1327=AXIS2_PLACEMENT_3D('',#6233,#1524,#1525);
#1328=AXIS2_PLACEMENT_3D('',#6235,#1527,#1528);
#1329=AXIS2_PLACEMENT_3D('',#6236,#1529,#1530);
#1330=AXIS2_PLACEMENT_3D('',#6239,#1533,#1534);
#1331=AXIS2_PLACEMENT_3D('',#6240,#1535,#1536);
#1332=AXIS2_PLACEMENT_3D('',#6243,#1539,#1540);
#1333=AXIS2_PLACEMENT_3D('',#6244,#1541,#1542);
#1334=AXIS2_PLACEMENT_3D('',#6246,#1544,#1545);
#1335=AXIS2_PLACEMENT_3D('',#6248,#1547,#1548);
#1336=AXIS2_PLACEMENT_3D('',#6250,#1550,#1551);
#1337=AXIS2_PLACEMENT_3D('',#6251,#1552,#1553);
#1338=AXIS2_PLACEMENT_3D('',#6253,#1555,#1556);
#1339=AXIS2_PLACEMENT_3D('',#6255,#1558,#1559);
#1340=AXIS2_PLACEMENT_3D('',#6258,#1562,#1563);
#1341=AXIS2_PLACEMENT_3D('',#6259,#1564,#1565);
#1342=AXIS2_PLACEMENT_3D('',#6262,#1568,#1569);
#1343=AXIS2_PLACEMENT_3D('',#6263,#1570,#1571);
#1344=AXIS2_PLACEMENT_3D('',#6265,#1573,#1574);
#1345=AXIS2_PLACEMENT_3D('',#6266,#1575,#1576);
#1346=AXIS2_PLACEMENT_3D('',#6271,#1577,#1578);
#1347=AXIS2_PLACEMENT_3D('',#6304,#1579,#1580);
#1348=AXIS2_PLACEMENT_3D('',#6349,#1581,#1582);
#1349=DIRECTION('',(0.,0.,1.));
#1350=DIRECTION('',(1.,0.,0.));
#1351=DIRECTION('',(0.,0.,1.));
#1352=DIRECTION('',(1.,0.,0.));
#1353=DIRECTION('',(0.,0.,1.));
#1354=DIRECTION('',(1.,0.,0.));
#1355=DIRECTION('',(0.,0.,1.));
#1356=DIRECTION('',(1.,0.,0.));
#1357=DIRECTION('',(-0.999972288096892,-0.00744466508763677,0.));
#1358=DIRECTION('',(0.,0.,1.));
#1359=DIRECTION('',(1.,0.,0.));
#1360=DIRECTION('',(0.,0.,1.));
#1361=DIRECTION('',(0.,0.,1.));
#1362=DIRECTION('',(1.,0.,0.));
#1363=DIRECTION('',(0.,0.,1.));
#1364=DIRECTION('',(0.,0.,1.));
#1365=DIRECTION('',(1.,0.,0.));
#1366=DIRECTION('',(0.,0.,1.));
#1367=DIRECTION('',(1.,0.,0.));
#1368=DIRECTION('',(0.,0.,1.));
#1369=DIRECTION('',(1.,0.,0.));
#1370=DIRECTION('',(0.,0.,1.));
#1371=DIRECTION('',(0.,0.,-1.));
#1372=DIRECTION('',(-1.,0.,0.));
#1373=DIRECTION('',(0.,0.,1.));
#1374=DIRECTION('',(0.,0.,-1.));
#1375=DIRECTION('',(-1.,0.,0.));
#1376=DIRECTION('',(0.,0.,1.));
#1377=DIRECTION('',(1.,0.,0.));
#1378=DIRECTION('',(0.,0.,1.));
#1379=DIRECTION('',(1.,0.,0.));
#1380=DIRECTION('',(0.,0.,1.));
#1381=DIRECTION('',(0.,0.,1.));
#1382=DIRECTION('',(1.,0.,0.));
#1383=DIRECTION('',(0.,0.,1.));
#1384=DIRECTION('',(0.,0.,1.));
#1385=DIRECTION('',(1.,0.,0.));
#1386=DIRECTION('',(0.,0.,1.));
#1387=DIRECTION('',(1.,0.,0.));
#1388=DIRECTION('',(0.,0.,-1.));
#1389=DIRECTION('',(-1.,0.,0.));
#1390=DIRECTION('',(0.,0.,1.));
#1391=DIRECTION('',(0.,0.,-1.));
#1392=DIRECTION('',(-1.,0.,0.));
#1393=DIRECTION('',(0.,0.,1.));
#1394=DIRECTION('',(0.,0.,1.));
#1395=DIRECTION('',(1.,0.,0.));
#1396=DIRECTION('',(0.,0.,1.));
#1397=DIRECTION('',(1.,0.,0.));
#1398=DIRECTION('',(0.,0.,1.));
#1399=DIRECTION('',(1.,0.,0.));
#1400=DIRECTION('',(0.,0.,1.));
#1401=DIRECTION('',(1.,0.,0.));
#1402=DIRECTION('',(0.,0.,1.));
#1403=DIRECTION('',(1.,0.,0.));
#1404=DIRECTION('',(0.,0.,1.));
#1405=DIRECTION('',(1.,0.,0.));
#1406=DIRECTION('',(0.,0.,1.));
#1407=DIRECTION('',(1.,0.,0.));
#1408=DIRECTION('',(0.,0.,1.));
#1409=DIRECTION('',(1.,0.,0.));
#1410=DIRECTION('',(0.,0.,1.));
#1411=DIRECTION('',(1.,0.,0.));
#1412=DIRECTION('',(0.999969405700195,0.00782225438090715,0.));
#1413=DIRECTION('',(0.,0.,1.));
#1414=DIRECTION('',(1.,0.,0.));
#1415=DIRECTION('',(0.,0.,1.));
#1416=DIRECTION('',(1.,0.,0.));
#1417=DIRECTION('',(0.,0.,1.));
#1418=DIRECTION('',(1.,0.,0.));
#1419=DIRECTION('',(0.,0.,-1.));
#1420=DIRECTION('',(-1.,0.,0.));
#1421=DIRECTION('',(0.,0.,-1.));
#1422=DIRECTION('',(-1.,0.,0.));
#1423=DIRECTION('',(0.,0.,-1.));
#1424=DIRECTION('',(-1.,0.,0.));
#1425=DIRECTION('',(0.,0.,-1.));
#1426=DIRECTION('',(-1.,0.,0.));
#1427=DIRECTION('',(0.,0.,-1.));
#1428=DIRECTION('',(-1.,0.,0.));
#1429=DIRECTION('',(0.,0.,-1.));
#1430=DIRECTION('',(-1.,0.,0.));
#1431=DIRECTION('',(0.,0.,-1.));
#1432=DIRECTION('',(-1.,0.,0.));
#1433=DIRECTION('',(0.,0.,1.));
#1434=DIRECTION('',(1.,0.,0.));
#1435=DIRECTION('',(0.,0.,1.));
#1436=DIRECTION('',(1.,0.,0.));
#1437=DIRECTION('',(0.,0.,1.));
#1438=DIRECTION('',(1.,0.,0.));
#1439=DIRECTION('',(0.,0.,1.));
#1440=DIRECTION('',(1.,0.,0.));
#1441=DIRECTION('',(0.,0.,1.));
#1442=DIRECTION('',(1.,0.,0.));
#1443=DIRECTION('',(0.,0.,1.));
#1444=DIRECTION('',(1.,0.,0.));
#1445=DIRECTION('',(0.,0.,1.));
#1446=DIRECTION('',(1.,0.,0.));
#1447=DIRECTION('',(0.,0.,1.));
#1448=DIRECTION('',(1.,0.,0.));
#1449=DIRECTION('',(0.,0.,1.));
#1450=DIRECTION('',(1.,0.,0.));
#1451=DIRECTION('',(0.,0.,1.));
#1452=DIRECTION('',(1.,0.,0.));
#1453=DIRECTION('',(0.579227965339569,0.579227965339569,0.573576436351046));
#1454=DIRECTION('',(-0.815165605364078,0.411578989132607,0.407563211705863));
#1455=DIRECTION('',(-0.405579787672639,-0.405579787672639,0.819152044288992));
#1456=DIRECTION('',(-0.405579787672639,-0.405579787672639,0.819152044288992));
#1457=DIRECTION('',(-0.405579787672639,-0.405579787672639,0.819152044288992));
#1458=DIRECTION('',(-0.405579787672639,-0.405579787672639,0.819152044288992));
#1459=DIRECTION('',(-0.707106781186548,0.707106781186548,0.));
#1460=DIRECTION('',(0.579227965339569,0.579227965339569,0.573576436351046));
#1461=DIRECTION('',(-0.707106781186548,0.707106781186548,0.));
#1462=DIRECTION('',(0.579227965339569,0.579227965339569,0.573576436351046));
#1463=DIRECTION('',(-0.707106781186548,0.707106781186548,0.));
#1464=DIRECTION('',(0.707106781186548,-0.707106781186548,2.59825206234464E-17));
#1465=DIRECTION('',(0.579227965339569,0.579227965339569,0.573576436351046));
#1466=DIRECTION('',(-0.707106781186548,0.707106781186548,0.));
#1467=DIRECTION('',(0.579227965339569,0.579227965339569,0.573576436351046));
#1468=DIRECTION('',(-0.707106781186548,0.707106781186548,0.));
#1469=DIRECTION('',(-0.579227965339569,0.579227965339569,0.573576436351046));
#1470=DIRECTION('',(0.815165605364078,0.411578989132607,0.407563211705863));
#1471=DIRECTION('',(0.405579787672639,-0.405579787672639,0.819152044288992));
#1472=DIRECTION('',(0.405579787672639,-0.405579787672639,0.819152044288992));
#1473=DIRECTION('',(0.405579787672639,-0.405579787672639,0.819152044288992));
#1474=DIRECTION('',(0.579227965339569,-0.579227965339569,-0.573576436351046));
#1475=DIRECTION('',(0.707106781186548,0.707106781186548,0.));
#1476=DIRECTION('',(0.579227965339569,-0.579227965339569,-0.573576436351046));
#1477=DIRECTION('',(0.707106781186548,0.707106781186548,0.));
#1478=DIRECTION('',(0.579227965339569,-0.579227965339569,-0.573576436351046));
#1479=DIRECTION('',(0.707106781186548,0.707106781186548,0.));
#1480=DIRECTION('',(0.579227965339569,-0.579227965339569,-0.573576436351046));
#1481=DIRECTION('',(0.707106781186548,0.707106781186548,0.));
#1482=DIRECTION('',(0.405579787672639,-0.405579787672639,0.819152044288992));
#1483=DIRECTION('',(-0.707106781186548,-0.707106781186548,0.));
#1484=DIRECTION('',(-0.707106781186548,0.707106781186548,0.));
#1485=DIRECTION('',(0.,0.,1.));
#1486=DIRECTION('',(-0.707106781186548,-0.707106781186548,0.));
#1487=DIRECTION('',(-0.707106781186548,0.707106781186548,0.));
#1488=DIRECTION('',(0.,0.,1.));
#1489=DIRECTION('',(-0.661621637086846,-0.749837855365093,0.));
#1490=DIRECTION('',(-0.749837855365093,0.661621637086846,0.));
#1491=DIRECTION('',(0.,0.,1.));
#1492=DIRECTION('',(0.,0.,1.));
#1493=DIRECTION('',(0.,0.,1.));
#1494=DIRECTION('',(-1.,0.,0.));
#1495=DIRECTION('',(-0.661621637086846,-0.749837855365093,0.));
#1496=DIRECTION('',(-0.749837855365093,0.661621637086846,0.));
#1497=DIRECTION('',(0.,0.,1.));
#1498=DIRECTION('',(0.,0.,1.));
#1499=DIRECTION('',(0.,0.,1.));
#1500=DIRECTION('',(-1.,0.,0.));
#1501=DIRECTION('',(0.,0.,-1.));
#1502=DIRECTION('',(1.,0.,0.));
#1503=DIRECTION('',(0.,0.,-1.));
#1504=DIRECTION('',(0.,0.,1.));
#1505=DIRECTION('',(-1.,0.,0.));
#1506=DIRECTION('',(0.,0.,1.));
#1507=DIRECTION('',(-1.,0.,0.));
#1508=DIRECTION('',(0.,0.,1.));
#1509=DIRECTION('',(0.,0.,1.));
#1510=DIRECTION('',(-0.707106781186548,-0.707106781186548,0.));
#1511=DIRECTION('',(-0.707106781186548,0.707106781186548,0.));
#1512=DIRECTION('',(0.,0.,1.));
#1513=DIRECTION('',(-1.,0.,0.));
#1514=DIRECTION('',(0.,0.,1.));
#1515=DIRECTION('',(0.,0.,1.));
#1516=DIRECTION('',(-0.707106781186548,-0.707106781186548,0.));
#1517=DIRECTION('',(-0.707106781186548,0.707106781186548,0.));
#1518=DIRECTION('',(-0.464006994670557,-0.885831535280156,0.));
#1519=DIRECTION('',(-0.885831535280156,0.464006994670557,0.));
#1520=DIRECTION('',(0.,0.,1.));
#1521=DIRECTION('',(-0.464006994670557,-0.885831535280156,0.));
#1522=DIRECTION('',(-0.885831535280156,0.464006994670557,0.));
#1523=DIRECTION('',(0.,0.,1.));
#1524=DIRECTION('',(0.,0.,1.));
#1525=DIRECTION('',(-1.,0.,0.));
#1526=DIRECTION('',(0.,0.,1.));
#1527=DIRECTION('',(0.,0.,-1.));
#1528=DIRECTION('',(1.,0.,0.));
#1529=DIRECTION('',(0.,0.,1.));
#1530=DIRECTION('',(1.,0.,0.));
#1531=DIRECTION('',(0.,0.,1.));
#1532=DIRECTION('',(0.,0.,1.));
#1533=DIRECTION('',(0.707106781186548,-0.707106781186548,0.));
#1534=DIRECTION('',(0.707106781186548,0.707106781186548,0.));
#1535=DIRECTION('',(0.,0.,1.));
#1536=DIRECTION('',(1.,0.,0.));
#1537=DIRECTION('',(0.,0.,1.));
#1538=DIRECTION('',(0.,0.,1.));
#1539=DIRECTION('',(0.707106781186548,-0.707106781186548,0.));
#1540=DIRECTION('',(0.707106781186548,0.707106781186548,0.));
#1541=DIRECTION('',(0.464006994670557,-0.885831535280156,0.));
#1542=DIRECTION('',(0.885831535280156,0.464006994670557,0.));
#1543=DIRECTION('',(0.,0.,1.));
#1544=DIRECTION('',(0.464006994670557,-0.885831535280156,0.));
#1545=DIRECTION('',(0.885831535280156,0.464006994670557,0.));
#1546=DIRECTION('',(0.,0.,1.));
#1547=DIRECTION('',(0.,0.,1.));
#1548=DIRECTION('',(1.,0.,0.));
#1549=DIRECTION('',(0.,0.,1.));
#1550=DIRECTION('',(0.,0.,-1.));
#1551=DIRECTION('',(-1.,0.,0.));
#1552=DIRECTION('',(0.707106781186548,-0.707106781186548,0.));
#1553=DIRECTION('',(0.707106781186548,0.707106781186548,0.));
#1554=DIRECTION('',(0.,0.,1.));
#1555=DIRECTION('',(0.707106781186548,-0.707106781186548,0.));
#1556=DIRECTION('',(0.707106781186548,0.707106781186548,0.));
#1557=DIRECTION('',(0.,0.,1.));
#1558=DIRECTION('',(0.661621637086846,-0.749837855365093,0.));
#1559=DIRECTION('',(0.749837855365093,0.661621637086846,0.));
#1560=DIRECTION('',(0.,0.,1.));
#1561=DIRECTION('',(0.,0.,1.));
#1562=DIRECTION('',(0.,0.,1.));
#1563=DIRECTION('',(1.,0.,0.));
#1564=DIRECTION('',(0.661621637086846,-0.749837855365093,0.));
#1565=DIRECTION('',(0.749837855365093,0.661621637086846,0.));
#1566=DIRECTION('',(0.,0.,1.));
#1567=DIRECTION('',(0.,0.,1.));
#1568=DIRECTION('',(0.,0.,1.));
#1569=DIRECTION('',(1.,0.,0.));
#1570=DIRECTION('',(0.,0.,-1.));
#1571=DIRECTION('',(-1.,0.,0.));
#1572=DIRECTION('',(0.,0.,-1.));
#1573=DIRECTION('',(0.,0.,1.));
#1574=DIRECTION('',(1.,0.,0.));
#1575=DIRECTION('',(-0.400809354063772,-0.234462080781428,0.88565196006706));
#1576=DIRECTION('',(-0.766568767386127,-0.443571299261422,-0.46434559041693));
#1577=DIRECTION('',(0.00657828541304361,-0.883599603044571,-0.468197039354693));
#1578=DIRECTION('',(0.,0.468207170025134,-0.883618722038558));
#1579=DIRECTION('',(-0.400222106663779,0.238372543777678,0.884873321843622));
#1580=DIRECTION('',(-0.765425899452792,0.444011914759098,-0.465807483837308));
#1581=DIRECTION('',(-0.00690229948526434,0.882365617141194,-0.470513842462532));
#1582=DIRECTION('',(0.,0.470525050911673,0.882386636608107));
#1583=CARTESIAN_POINT('',(0.,0.,0.));
#1584=CARTESIAN_POINT('',(-0.00812869448599701,0.063583546069265,0.07375));
#1585=CARTESIAN_POINT('',(-0.00646145903664327,0.0607772453269945,0.07375));
#1586=CARTESIAN_POINT('',(-0.00325804032635905,0.0589791794379517,0.07375));
#1587=CARTESIAN_POINT('',(1.65169588689571E-6,0.0590151504204268,0.07375));
#1588=CARTESIAN_POINT('',(-0.00745624956890854,0.0639909761993845,0.0722502087081634));
#1589=CARTESIAN_POINT('',(-0.00592727860990687,0.061417554137057,0.0722527916182779));
#1590=CARTESIAN_POINT('',(-0.002989454933006,0.0597684803225246,0.0722592465621157));
#1591=CARTESIAN_POINT('',(-6.87684662293848E-16,0.0598015235764628,0.0722660844404752));
#1592=CARTESIAN_POINT('',(-0.00166774361769006,0.0591551473349329,0.07375));
#1593=CARTESIAN_POINT('',(-0.00111042622922888,0.0590556848232223,0.07375));
#1594=CARTESIAN_POINT('',(-0.000553961124703227,0.0590090191850536,0.07375));
#1595=CARTESIAN_POINT('',(1.65169588689572E-6,0.0590151504204267,0.07375));
#1596=CARTESIAN_POINT('',(-0.00166840206935892,0.0591514578386774,0.07375));
#1597=CARTESIAN_POINT('',(1.65168473477521E-6,0.05901514405669,0.07375));
#1598=CARTESIAN_POINT('',(-3.46944695195361E-18,0.0685000000000075,0.07375));
#1599=CARTESIAN_POINT('',(-0.00812875768638663,0.0635835078439626,0.07375));
#1600=CARTESIAN_POINT('',(-0.00745624657490119,0.0639909780117448,0.0722502105429201));
#1601=CARTESIAN_POINT('',(-0.00768040178414301,0.0638551637866115,0.0727501496491293));
#1602=CARTESIAN_POINT('',(-0.00790455517310109,0.0637193506633493,0.0732500898708259));
#1603=CARTESIAN_POINT('',(-0.00812870674324536,0.0635835386444014,0.0737500312079917));
#1604=CARTESIAN_POINT('',(-0.00745624956890858,0.0639909761993846,0.0722502087081635));
#1605=CARTESIAN_POINT('',(-0.00745624956890854,0.0639909761993845,0.0722502087081634));
#1606=CARTESIAN_POINT('',(-0.00592727860990687,0.061417554137057,0.0722527916182779));
#1607=CARTESIAN_POINT('',(-0.002989454933006,0.0597684803225246,0.0722592465621157));
#1608=CARTESIAN_POINT('',(-6.87684662293848E-16,0.0598015235764628,0.0722660844404752));
#1609=CARTESIAN_POINT('',(-3.28754662653076E-15,0.0598015235735935,0.0722660859315512));
#1610=CARTESIAN_POINT('',(1.65406163879674E-6,0.0590148316494547,0.0737498344635876));
#1611=CARTESIAN_POINT('',(1.10368218823974E-6,0.0592769312580393,0.0732551821886057));
#1612=CARTESIAN_POINT('',(5.53302737682737E-7,0.0595390308666239,0.0727605299136238));
#1613=CARTESIAN_POINT('',(2.92328712574023E-9,0.0598011304752085,0.0722658776386419));
#1614=CARTESIAN_POINT('',(-3.46944695195361E-18,0.0600000000000075,0.07375));
#1615=CARTESIAN_POINT('',(-3.46944695195361E-18,0.0685000000000075,0.07375));
#1616=CARTESIAN_POINT('',(0.0083217152316798,0.0639173877199872,0.07375));
#1617=CARTESIAN_POINT('',(9.43308232666194E-5,0.0590154339024765,0.07375));
#1618=CARTESIAN_POINT('',(0.000190762317048198,0.0590166940584347,0.07375));
#1619=CARTESIAN_POINT('',(0.000190762317048198,0.0590166940584346,0.07375));
#1620=CARTESIAN_POINT('',(0.00184749683677362,0.0590447576831478,0.07375));
#1621=CARTESIAN_POINT('',(0.00513627132501607,0.0599944909503017,0.07375));
#1622=CARTESIAN_POINT('',(0.00752486945599451,0.0624648584114915,0.07375));
#1623=CARTESIAN_POINT('',(0.0083217742302229,0.0639173552305976,0.07375));
#1624=CARTESIAN_POINT('',(-3.46944695195361E-18,0.0685000000000075,0.08575));
#1625=CARTESIAN_POINT('',(0.00542857142857143,0.0762961921631663,0.08575));
#1626=CARTESIAN_POINT('',(0.00542857142857143,0.0762961921631663,0.09075));
#1627=CARTESIAN_POINT('',(0.00542857142857143,0.0762961921631663,0.09675));
#1628=CARTESIAN_POINT('',(-3.46944695195361E-18,0.0685000000000075,0.09675));
#1629=CARTESIAN_POINT('',(0.00904761904761905,0.0713966514407509,0.09675));
#1630=CARTESIAN_POINT('',(0.00904761904761905,0.0713966514407509,0.08575));
#1631=CARTESIAN_POINT('',(0.00904761904761905,0.0713966514407509,0.09075));
#1632=CARTESIAN_POINT('',(-3.46944695195361E-18,0.0685000000000075,0.09075));
#1633=CARTESIAN_POINT('',(-3.46944695195361E-18,0.0685000000000075,0.09775));
#1634=CARTESIAN_POINT('',(0.0095,0.0685000000000075,0.09775));
#1635=CARTESIAN_POINT('',(-3.46944695195361E-18,0.0685000000000075,0.08975));
#1636=CARTESIAN_POINT('',(0.0095,0.0685000000000075,0.08975));
#1637=CARTESIAN_POINT('',(-0.00904761904761905,0.071396651440751,0.08575));
#1638=CARTESIAN_POINT('',(-0.00904761904761905,0.071396651440751,0.09075));
#1639=CARTESIAN_POINT('',(-0.00904761904761905,0.071396651440751,0.09675));
#1640=CARTESIAN_POINT('',(-3.46944695195361E-18,0.0685000000000075,0.09675));
#1641=CARTESIAN_POINT('',(-0.00542857142857144,0.0762961921631663,0.09675));
#1642=CARTESIAN_POINT('',(-0.00542857142857144,0.0762961921631663,0.08575));
#1643=CARTESIAN_POINT('',(-0.00542857142857144,0.0762961921631663,0.09075));
#1644=CARTESIAN_POINT('',(-3.46944695195361E-18,0.0685000000000075,0.09075));
#1645=CARTESIAN_POINT('',(-3.46944695195361E-18,0.0685000000000075,0.08575));
#1646=CARTESIAN_POINT('',(-3.46944695195361E-18,0.0685000000000075,0.09675));
#1647=CARTESIAN_POINT('',(0.00657142857142857,0.0779374957764628,0.09675));
#1648=CARTESIAN_POINT('',(0.010952380952381,0.0720064727966969,0.09675));
#1649=CARTESIAN_POINT('',(0.00657142857142857,0.0779374957764628,0.08575));
#1650=CARTESIAN_POINT('',(0.00657142857142858,0.0779374957764628,0.09075));
#1651=CARTESIAN_POINT('',(-3.46944695195361E-18,0.0685000000000075,0.09075));
#1652=CARTESIAN_POINT('',(0.010952380952381,0.0720064727966969,0.09075));
#1653=CARTESIAN_POINT('',(0.010952380952381,0.0720064727966969,0.08575));
#1654=CARTESIAN_POINT('',(-3.46944695195361E-18,0.0685000000000075,0.08775));
#1655=CARTESIAN_POINT('',(0.0115,0.0685000000000075,0.08775));
#1656=CARTESIAN_POINT('',(-3.46944695195361E-18,0.0685000000000075,0.09775));
#1657=CARTESIAN_POINT('',(0.0115,0.0685000000000075,0.09775));
#1658=CARTESIAN_POINT('',(-3.46944695195361E-18,0.0685000000000075,0.09675));
#1659=CARTESIAN_POINT('',(-0.00657142857142858,0.0779374957764628,0.09675));
#1660=CARTESIAN_POINT('',(-0.010952380952381,0.0720064727966969,0.09675));
#1661=CARTESIAN_POINT('',(-0.010952380952381,0.0720064727966969,0.08575));
#1662=CARTESIAN_POINT('',(-0.010952380952381,0.0720064727966969,0.09075));
#1663=CARTESIAN_POINT('',(-3.46944695195361E-18,0.0685000000000075,0.09075));
#1664=CARTESIAN_POINT('',(-0.00657142857142858,0.0779374957764628,0.09075));
#1665=CARTESIAN_POINT('',(-0.00657142857142858,0.0779374957764628,0.08575));
#1666=CARTESIAN_POINT('',(-3.46944695195361E-18,0.0685000000000075,0.09775));
#1667=CARTESIAN_POINT('',(-3.46944695195361E-18,0.0685000000000075,0.08775));
#1668=CARTESIAN_POINT('',(-3.46944695195361E-18,0.0685000000000075,0.08375));
#1669=CARTESIAN_POINT('',(0.0095,0.0685000000000075,0.08375));
#1670=CARTESIAN_POINT('',(-3.46944695195361E-18,0.0685000000000075,0.08575));
#1671=CARTESIAN_POINT('',(-3.46944695195361E-18,0.0685000000000075,0.07375));
#1672=CARTESIAN_POINT('',(0.00812593260469673,0.0734157637677618,0.07375));
#1673=CARTESIAN_POINT('',(-0.00812621783016437,0.0734152907841207,0.0737500006864625));
#1674=CARTESIAN_POINT('',(-3.46944695195361E-18,0.0685000000000075,0.07375));
#1675=CARTESIAN_POINT('',(-0.0083191437807481,0.0730817813139086,0.0737500020577414));
#1676=CARTESIAN_POINT('',(-3.46944695195361E-18,0.0685000000000075,0.07375));
#1677=CARTESIAN_POINT('',(-0.00832204544332364,0.0639179836444931,0.07375));
#1678=CARTESIAN_POINT('',(-0.00832198490815212,0.0639180171117191,0.0737497493339859));
#1679=CARTESIAN_POINT('',(-0.00825986470209015,0.0638051918502673,0.073749687617656));
#1680=CARTESIAN_POINT('',(-0.00819547684338421,0.0636936762908708,0.0737498660507571));
#1681=CARTESIAN_POINT('',(-0.00812882136834826,0.0635834704148748,0.0737502856556996));
#1682=CARTESIAN_POINT('',(-3.46944695195361E-18,0.0685000000000075,0.07375));
#1683=CARTESIAN_POINT('',(-3.46944695195361E-18,0.0600000000000075,0.07375));
#1684=CARTESIAN_POINT('',(-9.45317208045762E-5,0.0779757429868455,0.07375));
#1685=CARTESIAN_POINT('',(1.44947358457899E-6,0.0779760660382581,0.07375));
#1686=CARTESIAN_POINT('',(-0.000190871603669312,0.0779744567392375,0.07375));
#1687=CARTESIAN_POINT('',(-0.000190871603669219,0.0779744567392376,0.07375));
#1688=CARTESIAN_POINT('',(-0.00177224692688452,0.0779577942485625,0.07375));
#1689=CARTESIAN_POINT('',(-0.00494037141511796,0.0770562544981029,0.07375));
#1690=CARTESIAN_POINT('',(-0.00731218703682912,0.0747743681951884,0.07375));
#1691=CARTESIAN_POINT('',(-0.00812375035916872,0.0734138189454795,0.07375));
#1692=CARTESIAN_POINT('',(0.00812346821644492,0.0734142966481813,0.07375));
#1693=CARTESIAN_POINT('',(0.00729915629612696,0.074798931301836,0.07375));
#1694=CARTESIAN_POINT('',(0.00486339131767371,0.0771179257488115,0.0737500000000001));
#1695=CARTESIAN_POINT('',(0.00161534320910746,0.0779922051947537,0.07375));
#1696=CARTESIAN_POINT('',(1.44932649075331E-6,0.0779760807608726,0.07375));
#1697=CARTESIAN_POINT('',(-3.46944695195361E-18,0.0685000000000075,0.08575));
#1698=CARTESIAN_POINT('',(-3.46944695195361E-18,0.0685000000000075,0.07375));
#1699=CARTESIAN_POINT('',(4.91011688003505E-14,0.0760000079877295,0.07375));
#1700=CARTESIAN_POINT('',(-0.000153130531574522,0.0610015431032107,0.07375));
#1701=CARTESIAN_POINT('',(4.92068829723257E-14,0.0760000079877295,0.07375));
#1702=CARTESIAN_POINT('',(0.00198344203639919,0.0760001812039864,0.07375));
#1703=CARTESIAN_POINT('',(0.00591588396220339,0.0743516434162076,0.07375));
#1704=CARTESIAN_POINT('',(0.00832412928131363,0.068403701249325,0.07375));
#1705=CARTESIAN_POINT('',(0.00578458808287713,0.0625243253873467,0.07375));
#1706=CARTESIAN_POINT('',(0.001827910016873,0.0609612552620013,0.07375));
#1707=CARTESIAN_POINT('',(-0.000153130569063436,0.0610015412597303,0.07375));
#1708=CARTESIAN_POINT('',(-3.46944695195361E-18,0.0685000000000075,0.08975));
#1709=CARTESIAN_POINT('',(0.0075,0.0685000000000075,0.08975));
#1710=CARTESIAN_POINT('',(-3.46944695195361E-18,0.0600000000000075,0.08975));
#1711=CARTESIAN_POINT('',(-0.008,0.0680000000000075,0.09075));
#1712=CARTESIAN_POINT('',(-0.006,0.0771168439698145,0.09075));
#1713=CARTESIAN_POINT('',(-0.01,0.0717015621187239,0.09075));
#1714=CARTESIAN_POINT('',(-0.008,0.0680000000000075,0.09675));
#1715=CARTESIAN_POINT('',(-0.01,0.0717015621187239,0.09675));
#1716=CARTESIAN_POINT('',(-0.006,0.0771168439698145,0.09675));
#1717=CARTESIAN_POINT('',(0.008,0.0680000000000075,0.09675));
#1718=CARTESIAN_POINT('',(0.006,0.0771168439698145,0.09675));
#1719=CARTESIAN_POINT('',(0.01,0.0717015621187239,0.09675));
#1720=CARTESIAN_POINT('',(0.008,0.0680000000000075,0.09075));
#1721=CARTESIAN_POINT('',(0.01,0.0717015621187239,0.09075));
#1722=CARTESIAN_POINT('',(0.006,0.0771168439698145,0.09075));
#1723=CARTESIAN_POINT('',(-0.01,0.0717015621187239,0.08575));
#1724=CARTESIAN_POINT('',(-0.006,0.0771168439698146,0.08575));
#1725=CARTESIAN_POINT('',(0.006,0.0771168439698146,0.08575));
#1726=CARTESIAN_POINT('',(0.01,0.0717015621187239,0.08575));
#1727=CARTESIAN_POINT('',(0.00908399505964533,0.0113891127966375,0.00613831554010012));
#1728=CARTESIAN_POINT('',(0.0176282811708703,0.0109576016671726,-0.00205439575019877));
#1729=CARTESIAN_POINT('',(0.0177719476413662,0.0108139351966767,-0.00205439575019876));
#1730=CARTESIAN_POINT('',(0.018056762993308,0.0105245151900278,-0.0020497457251838));
#1731=CARTESIAN_POINT('',(0.0186465344095917,0.00996237170198615,-0.0020776458752736));
#1732=CARTESIAN_POINT('',(0.0192335896801354,0.00913291142620089,-0.00183285241955315));
#1733=CARTESIAN_POINT('',(0.0194740242327953,0.00815311633008877,-0.00108620685307791));
#1734=CARTESIAN_POINT('',(0.0192039982739464,0.00743540234377698,-8.87345678498256E-5));
#1735=CARTESIAN_POINT('',(0.0184917512495533,0.00716448399075173,0.000904118075778999));
#1736=CARTESIAN_POINT('',(0.0175053214439902,0.00740612682625241,0.00165624353620608));
#1737=CARTESIAN_POINT('',(0.0166809719460543,0.00798872881596899,0.00190037301649412));
#1738=CARTESIAN_POINT('',(0.0161160635700517,0.00858077652920624,0.00187296627156725));
#1739=CARTESIAN_POINT('',(0.0158256936744081,0.00886662320197742,0.00187753406238839));
#1740=CARTESIAN_POINT('',(0.0156814981900416,0.00901081868634393,0.00187753406238839));
#1741=CARTESIAN_POINT('',(0.0176282811708702,0.0109576016671726,-0.00205439575019877));
#1742=CARTESIAN_POINT('',(0.0156814981900416,0.00901081868634391,0.00187753406238839));
#1743=CARTESIAN_POINT('',(0.0189833282166895,0.0123126487129917,-0.00479119277862083));
#1744=CARTESIAN_POINT('',(0.0184176427917402,0.012878334137941,-0.00479119277862083));
#1745=CARTESIAN_POINT('',(0.017062595745921,0.0115232870921218,-0.00205439575019877));
#1746=CARTESIAN_POINT('',(0.0151158127650923,0.00957650411129315,0.00187753406238839));
#1747=CARTESIAN_POINT('',(0.0118300055651406,0.0167558772729023,-0.00205439575019876));
#1748=CARTESIAN_POINT('',(0.0135742022920674,0.0150116805459755,-0.00205439575019875));
#1749=CARTESIAN_POINT('',(0.0153183990189942,0.0132674838190486,-0.00205439575019878));
#1750=CARTESIAN_POINT('',(0.017062595745921,0.0115232870921218,-0.00205439575019877));
#1751=CARTESIAN_POINT('',(0.0118300055651406,0.0167558772729023,-0.00205439575019877));
#1752=CARTESIAN_POINT('',(0.0131739448782364,0.0180998165859982,-0.00476875842108066));
#1753=CARTESIAN_POINT('',(0.00988322258431191,0.0148090942920736,0.00187753406238839));
#1754=CARTESIAN_POINT('',(0.0151158127650924,0.00957650411129317,0.00187753406238839));
#1755=CARTESIAN_POINT('',(0.0133766571208002,0.0113156597555853,0.0018775340623884));
#1756=CARTESIAN_POINT('',(0.0116324897027953,0.0130598271735902,0.00187753406238838));
#1757=CARTESIAN_POINT('',(0.00988322258431191,0.0148090942920736,0.00187753406238839));
#1758=CARTESIAN_POINT('',(0.00931753715936266,0.0153747797170228,0.00187753406238839));
#1759=CARTESIAN_POINT('',(0.00917398242906074,0.0155183344473248,0.00187753406238839));
#1760=CARTESIAN_POINT('',(0.00888930375845165,0.015807620753745,0.00187288102689605));
#1761=CARTESIAN_POINT('',(0.00830050009727557,0.0163687786000542,0.00190079923985013));
#1762=CARTESIAN_POINT('',(0.00771116412461944,0.0172000163711231,0.00165651394912586));
#1763=CARTESIAN_POINT('',(0.00747153340872458,0.0181846684875127,0.000904151748390459));
#1764=CARTESIAN_POINT('',(0.00774434292041735,0.0189000639155843,-9.37901130981902E-5));
#1765=CARTESIAN_POINT('',(0.00846340866767172,0.019169254704966,-0.00109178407984982));
#1766=CARTESIAN_POINT('',(0.00928575908697292,0.0189603213732163,-0.00171124525190804));
#1767=CARTESIAN_POINT('',(0.00994971168074338,0.0185714864001313,-0.00198907364505549));
#1768=CARTESIAN_POINT('',(0.0104190016352984,0.0181812146692231,-0.00206887044633089));
#1769=CARTESIAN_POINT('',(0.0108354621234324,0.0177463254384736,-0.00205026012273244));
#1770=CARTESIAN_POINT('',(0.0111221188333096,0.0174637640047333,-0.00205439575019876));
#1771=CARTESIAN_POINT('',(0.0112643201401914,0.0173215626978515,-0.00205439575019876));
#1772=CARTESIAN_POINT('',(0.00931753715936267,0.0153747797170228,0.00187753406238839));
#1773=CARTESIAN_POINT('',(0.0112643201401913,0.0173215626978515,-0.00205439575019876));
#1774=CARTESIAN_POINT('',(0.0126082594532872,0.0186655020109474,-0.00476875842108066));
#1775=CARTESIAN_POINT('',(0.014932996400738,0.0146262779277192,-0.00303737820334556));
#1776=CARTESIAN_POINT('',(0.0109731984260933,0.0185860759023639,-0.00303737820334556));
#1777=CARTESIAN_POINT('',(0.0188927943753826,0.0106664799530745,-0.00303737820334556));
#1778=CARTESIAN_POINT('',(0.0174327071397611,0.00920639271745305,-8.84308439051876E-5));
#1779=CARTESIAN_POINT('',(0.0199782915520327,0.00666080830518148,-8.84308439051883E-5));
#1780=CARTESIAN_POINT('',(0.0174327071397611,0.00920639271745305,-8.84308439051876E-5));
#1781=CARTESIAN_POINT('',(0.0159726199041396,0.00774630548183155,0.00286051651553518));
#1782=CARTESIAN_POINT('',(0.012012821929495,0.0117061034564762,0.00286051651553518));
#1783=CARTESIAN_POINT('',(0.0080530239548503,0.0156659014311209,0.00286051651553519));
#1784=CARTESIAN_POINT('',(0.0095131111904718,0.0171259886667424,-8.8430843905184E-5));
#1785=CARTESIAN_POINT('',(0.00696752677820023,0.0196715730790139,-8.84308439051859E-5));
#1786=CARTESIAN_POINT('',(0.00951311119047181,0.0171259886667424,-8.84308439051868E-5));
#1787=CARTESIAN_POINT('',(0.00780259184299469,0.0646282848836838,0.0731159193954694));
#1788=CARTESIAN_POINT('',(0.00795797971109181,0.0646492102900888,0.0567512847456974));
#1789=CARTESIAN_POINT('',(0.0176826935160016,0.0658530419869099,0.0324611075311458));
#1790=CARTESIAN_POINT('',(0.0437465824618799,0.0360879550383059,0.00261204441716363));
#1791=CARTESIAN_POINT('',(0.0257871847138885,0.0124697014670373,0.00538344687140726));
#1792=CARTESIAN_POINT('',(0.0200714286891692,0.00675394544231792,-0.000276540504700507));
#1793=CARTESIAN_POINT('',(0.00743634299474116,0.063963059566406,0.0731211817244449));
#1794=CARTESIAN_POINT('',(0.00759491848024741,0.0639872820788206,0.0568924890285063));
#1795=CARTESIAN_POINT('',(0.0175165416524002,0.0653976014255285,0.0328194913901786));
#1796=CARTESIAN_POINT('',(0.0433024218285793,0.0362306340899164,0.00306699559446477));
#1797=CARTESIAN_POINT('',(0.0256119210618199,0.0122944378149686,0.0057853598404353));
#1798=CARTESIAN_POINT('',(0.0198802405593643,0.00656275731251305,0.000109603361768143));
#1799=CARTESIAN_POINT('',(0.00722464193190799,0.0636329553828819,0.0731237176547516));
#1800=CARTESIAN_POINT('',(0.00738497546689854,0.0636586235920725,0.0569605333840086));
#1801=CARTESIAN_POINT('',(0.0174152006880778,0.0651596399261422,0.0329919165181869));
#1802=CARTESIAN_POINT('',(0.0430482823128456,0.0363044667413948,0.00329157208077438));
#1803=CARTESIAN_POINT('',(0.0255054275196732,0.0122221170976592,0.00597982827371855));
#1804=CARTESIAN_POINT('',(0.0197691315600798,0.00648582113806583,0.000299501370942732));
#1805=CARTESIAN_POINT('',(0.00675772443649581,0.0630033027427969,0.0731283474937115));
#1806=CARTESIAN_POINT('',(0.00692187732600364,0.063031402686499,0.0570847544151885));
#1807=CARTESIAN_POINT('',(0.017188069884617,0.0646852906907264,0.0333058378919436));
#1808=CARTESIAN_POINT('',(0.0424985988231897,0.0364536179819671,0.00371537026337481));
#1809=CARTESIAN_POINT('',(0.0252670885063296,0.0121069297883749,0.00634516370662587));
#1810=CARTESIAN_POINT('',(0.0195280264649439,0.0063678677469892,0.000662097710726017));
#1811=CARTESIAN_POINT('',(0.00650251752944054,0.0627037696529314,0.0731304498806592));
#1812=CARTESIAN_POINT('',(0.00666872440016886,0.0627328501316039,0.0571411592993014));
#1813=CARTESIAN_POINT('',(0.0170618313654261,0.0644485723957064,0.0334479971571724));
#1814=CARTESIAN_POINT('',(0.0422037274805492,0.0365289287845276,0.00391428482562469));
#1815=CARTESIAN_POINT('',(0.025135201577088,0.0120640374519929,0.00651609857085692));
#1816=CARTESIAN_POINT('',(0.0193979889110477,0.00632682478595259,0.000834863905941714));
#1817=CARTESIAN_POINT('',(0.00568076097504861,0.061861925014081,0.0731360543817267));
#1818=CARTESIAN_POINT('',(0.00585351682422156,0.0618931310841482,0.0572915222650767));
#1819=CARTESIAN_POINT('',(0.0166513255270847,0.0637437101887242,0.0338270170811509));
#1820=CARTESIAN_POINT('',(0.041269342978166,0.0367563852092308,0.00447295895411471));
#1821=CARTESIAN_POINT('',(0.0247073324949031,0.011974451371004,0.00699564508463062));
#1822=CARTESIAN_POINT('',(0.0189844081784861,0.00625152705458693,0.00132855935786864));
#1823=CARTESIAN_POINT('',(0.00505758652949677,0.0613773679113624,0.0731388669759207));
#1824=CARTESIAN_POINT('',(0.00523524182604605,0.0614088800011802,0.0573669714370834));
#1825=CARTESIAN_POINT('',(0.0163358730007969,0.0632804111133504,0.0340160990319915));
#1826=CARTESIAN_POINT('',(0.0405794035307704,0.0369108536835952,0.00479442114897977));
#1827=CARTESIAN_POINT('',(0.0243798083788654,0.0119655027026825,0.00727213725125145));
#1828=CARTESIAN_POINT('',(0.0186779129653948,0.00626360728921182,0.001625875248367));
#1829=CARTESIAN_POINT('',(0.00405855845834173,0.0607937136785616,0.0731416452137716));
#1830=CARTESIAN_POINT('',(0.00424385756975168,0.0608239043440662,0.0574414811663906));
#1831=CARTESIAN_POINT('',(0.0158169798226333,0.0626162519087577,0.0342008582507212));
#1832=CARTESIAN_POINT('',(0.0394907898324428,0.0371312814314242,0.00520188773944698));
#1833=CARTESIAN_POINT('',(0.0238280082538544,0.0120330822713738,0.00762325505842755));
#1834=CARTESIAN_POINT('',(0.0181719188754456,0.00637699289296503,0.00202235216098402));
#1835=CARTESIAN_POINT('',(0.00371498297396226,0.0606227874358441,0.0731423262487427));
#1836=CARTESIAN_POINT('',(0.00390287053920732,0.0606522379091113,0.0574597436496963));
#1837=CARTESIAN_POINT('',(0.0156359968726193,0.0623995726554443,0.0342459230146789));
#1838=CARTESIAN_POINT('',(0.0391177128237531,0.0372029465323213,0.00532571491877785));
#1839=CARTESIAN_POINT('',(0.0236337586308813,0.0120694609065707,0.0077294900347323));
#1840=CARTESIAN_POINT('',(0.0179953411570574,0.00643104343274684,0.00214608661704783));
#1841=CARTESIAN_POINT('',(0.00301587608649703,0.0603298186856298,0.0731432126678454));
#1842=CARTESIAN_POINT('',(0.00320901469851924,0.0603573495494483,0.0574834972145647));
#1843=CARTESIAN_POINT('',(0.0152667695204303,0.0619873008195065,0.034302672013615));
#1844=CARTESIAN_POINT('',(0.0383705797738242,0.0373347167748293,0.00554766991957095));
#1845=CARTESIAN_POINT('',(0.0232250533489054,0.0121751786361532,0.00791699233959351));
#1846=CARTESIAN_POINT('',(0.0176259955504198,0.00657612083766758,0.00237256456477746));
#1847=CARTESIAN_POINT('',(0.0026603614366547,0.0602077747123009,0.0731434181800304));
#1848=CARTESIAN_POINT('',(0.00285614330018023,0.0602341181573905,0.057488995008112));
#1849=CARTESIAN_POINT('',(0.0150773278537333,0.06179120387109,0.0343147700816336));
#1850=CARTESIAN_POINT('',(0.0379970468384427,0.037394820639583,0.00564576650919917));
#1851=CARTESIAN_POINT('',(0.0230105257467896,0.0122445508974644,0.00799829882640443));
#1852=CARTESIAN_POINT('',(0.0174331557190573,0.00666718086973217,0.00247534721469772));
#1853=CARTESIAN_POINT('',(0.00194661271001216,0.0600120730473098,0.0731433682731942));
#1854=CARTESIAN_POINT('',(0.00214761707631818,0.0600356684199863,0.0574876109004484));
#1855=CARTESIAN_POINT('',(0.01469173333544,0.0614237264461581,0.0343061961751231));
#1856=CARTESIAN_POINT('',(0.0372569511973504,0.0374965757410309,0.00582316109066345));
#1857=CARTESIAN_POINT('',(0.0225636642565218,0.0124236061348892,0.00812847770314152));
#1858=CARTESIAN_POINT('',(0.0170328950501714,0.00689283692853882,0.00265167222846316));
#1859=CARTESIAN_POINT('',(0.0015883940943361,0.0599384096682771,0.0731431167618045));
#1860=CARTESIAN_POINT('',(0.00179197720807372,0.0599604460089824,0.0574808314538927));
#1861=CARTESIAN_POINT('',(0.0144955651551292,0.0612524420984074,0.0342854927480199));
#1862=CARTESIAN_POINT('',(0.0368906808333766,0.0375381867049247,0.005902398416436));
#1863=CARTESIAN_POINT('',(0.0223311735642582,0.0125332964040041,0.00817731434854184));
#1864=CARTESIAN_POINT('',(0.0168253794457246,0.00702750228547048,0.00272524027967381));
#1865=CARTESIAN_POINT('',(0.000878008672678193,0.0598369442431969,0.0731421562897564));
#1866=CARTESIAN_POINT('',(0.0010866079547754,0.0598556126283139,0.0574549709658544));
#1867=CARTESIAN_POINT('',(0.0141004184962002,0.0609398020887257,0.0342096772752909));
#1868=CARTESIAN_POINT('',(0.0361706166644999,0.0375956823918733,0.00605209152459196));
#1869=CARTESIAN_POINT('',(0.021854964567305,0.0128005527158209,0.00822948677164166));
#1870=CARTESIAN_POINT('',(0.0164019418038638,0.00734752995237978,0.00282966916759679));
#1871=CARTESIAN_POINT('',(0.00052585448982998,0.0598091328746068,0.0731414473273031));
#1872=CARTESIAN_POINT('',(0.000736891087150574,0.0598259931763515,0.0574358898306696));
#1873=CARTESIAN_POINT('',(0.0139014459838024,0.0607984897165453,0.0341545595229081));
#1874=CARTESIAN_POINT('',(0.0358168312812205,0.0376114954080822,0.00612256986313871));
#1875=CARTESIAN_POINT('',(0.0216111314359206,0.0129582469423814,0.00823280906056722));
#1876=CARTESIAN_POINT('',(0.0161859049397552,0.00753302044621601,0.00286051651553518));
#1877=CARTESIAN_POINT('',(-0.000236513397523976,0.0597935786380356,0.0731393710389994));
#1878=CARTESIAN_POINT('',(-2.02721127210069E-5,0.0598063199275421,0.0573799939511325));
#1879=CARTESIAN_POINT('',(0.0134661788252488,0.0605241022376396,0.0339912752389318));
#1880=CARTESIAN_POINT('',(0.0350490197810802,0.0376115155591655,0.00628403359572521));
#1881=CARTESIAN_POINT('',(0.0210761575132523,0.0133653773503372,0.00816951098798848));
#1882=CARTESIAN_POINT('',(0.0157148527744432,0.00800407261152799,0.00286051651553518));
#1883=CARTESIAN_POINT('',(-0.000638682199553828,0.0598152200294219,0.0731380514837652));
#1884=CARTESIAN_POINT('',(-0.000419940344079425,0.0598255836722915,0.0573444941078277));
#1885=CARTESIAN_POINT('',(0.01322121865816,0.060396187927674,0.0338903851905557));
#1886=CARTESIAN_POINT('',(0.0346614184124791,0.0375955719976517,0.00634740308769454));
#1887=CARTESIAN_POINT('',(0.0207563507832772,0.0136135888018104,0.00813406262641063));
#1888=CARTESIAN_POINT('',(0.015430843683719,0.0082880817022522,0.00286051651553518));
#1889=CARTESIAN_POINT('',(-0.00141382829723845,0.0599076050621359,0.073135115785683));
#1890=CARTESIAN_POINT('',(-0.00119058210656292,0.0599130900952106,0.0572655704990513));
#1891=CARTESIAN_POINT('',(0.0127293730145153,0.0601814681081397,0.0336726283588772));
#1892=CARTESIAN_POINT('',(0.0339494250375559,0.0375361078834251,0.00643148465063131));
#1893=CARTESIAN_POINT('',(0.0200764464189273,0.0141488662094625,0.00806245471088611));
#1894=CARTESIAN_POINT('',(0.014823252797718,0.0088956725882532,0.00286051651553518));
#1895=CARTESIAN_POINT('',(-0.00178686235592182,0.0599783576738522,0.0731334996456446));
#1896=CARTESIAN_POINT('',(-0.00156163614048566,0.0599813389779769,0.0572221468824458));
#1897=CARTESIAN_POINT('',(0.0124809427975423,0.0600944969486575,0.0335557710509607));
#1898=CARTESIAN_POINT('',(0.0336262648857093,0.0374923474195077,0.00645228915779586));
#1899=CARTESIAN_POINT('',(0.019716444118139,0.0144360274992278,0.0080263895603557));
#1900=CARTESIAN_POINT('',(0.0144996710024412,0.00921925438353,0.00286051651553518));
#1901=CARTESIAN_POINT('',(-0.00286665046455392,0.0602537816186081,0.0731283090743281));
#1902=CARTESIAN_POINT('',(-0.00263617233795448,0.0602490031738483,0.0570827102914949));
#1903=CARTESIAN_POINT('',(0.0117318213956324,0.0598808373200079,0.0331837270017304));
#1904=CARTESIAN_POINT('',(0.0327297714131878,0.0373327020558097,0.00646041676891469));
#1905=CARTESIAN_POINT('',(0.0185958934110218,0.0153369520249202,0.00791764791629741));
#1906=CARTESIAN_POINT('',(0.0134889333860364,0.0102299919999348,0.00286051651553518));
#1907=CARTESIAN_POINT('',(-0.00353455353794813,0.0605199763948327,0.0731243595975794));
#1908=CARTESIAN_POINT('',(-0.00330148934981986,0.0605097083093741,0.0569766762328051));
#1909=CARTESIAN_POINT('',(0.0112269860747384,0.0598007038025934,0.0329082156952482));
#1910=CARTESIAN_POINT('',(0.0322298286587943,0.0371882940319069,0.00639521886266032));
#1911=CARTESIAN_POINT('',(0.0177946219783277,0.015989976695631,0.00784424775735558));
#1912=CARTESIAN_POINT('',(0.0127617853343339,0.0109571400516373,0.00286051651553518));
#1913=CARTESIAN_POINT('',(-0.00479160271102826,0.0612057905298675,0.0731153745648585));
#1914=CARTESIAN_POINT('',(-0.00455446804574686,0.0611832052483609,0.0567355435074297));
#1915=CARTESIAN_POINT('',(0.0102268137543301,0.0597092959520714,0.032292812354095));
#1916=CARTESIAN_POINT('',(0.0313025466644189,0.0369024656402529,0.00612979461471023));
#1917=CARTESIAN_POINT('',(0.0161846579837435,0.0172953173242064,0.00769342217989738));
#1918=CARTESIAN_POINT('',(0.0113041330227542,0.012414792363217,0.00286051651553518));
#1919=CARTESIAN_POINT('',(-0.00538185418419155,0.061626000875661,0.0731103206636955));
#1920=CARTESIAN_POINT('',(-0.00514320282833622,0.0615965741906874,0.0565999558140926));
#1921=CARTESIAN_POINT('',(0.00973239185091236,0.0596977444276041,0.0319520708171043));
#1922=CARTESIAN_POINT('',(0.0308715668024993,0.036762325893091,0.00592811346706945));
#1923=CARTESIAN_POINT('',(0.0153755323935729,0.0179472002537903,0.00761556795815861));
#1924=CARTESIAN_POINT('',(0.0105736287628769,0.0131452966230943,0.00286051651553518));
#1925=CARTESIAN_POINT('',(-0.00648382220323273,0.0626546732538342,0.0730988600675914));
#1926=CARTESIAN_POINT('',(-0.00624247447484446,0.0626093072077685,0.0562926014663263));
#1927=CARTESIAN_POINT('',(0.00880069566597967,0.0597206999121315,0.031193257697172));
#1928=CARTESIAN_POINT('',(0.0300230882320935,0.0365543717046255,0.00535219010687789));
#1929=CARTESIAN_POINT('',(0.013850938754751,0.01914475659078,0.00745364475920813));
#1930=CARTESIAN_POINT('',(0.00921255377497106,0.0145063716110001,0.00286051651553518));
#1931=CARTESIAN_POINT('',(-0.0069967536429867,0.0632641635277663,0.0730924131175611));
#1932=CARTESIAN_POINT('',(-0.0067542608422196,0.0632096450331402,0.0561197524055844));
#1933=CARTESIAN_POINT('',(0.00836001191896053,0.0597528134069234,0.0307721778743355));
#1934=CARTESIAN_POINT('',(0.0295982709041538,0.0364885434229391,0.00497933866165936));
#1935=CARTESIAN_POINT('',(0.0131349971081721,0.0196899564002582,0.00736910680496513));
#1936=CARTESIAN_POINT('',(0.00858198304694256,0.0151369423390286,0.00286051651553519));
#1937=CARTESIAN_POINT('',(-0.00778816888883975,0.0645725567267687,0.0730792052623855));
#1938=CARTESIAN_POINT('',(-0.00754398510702474,0.0644990968956218,0.0557657752884645));
#1939=CARTESIAN_POINT('',(0.00767493396508862,0.0598666321773585,0.0299262928081764));
#1940=CARTESIAN_POINT('',(0.0288251756782428,0.0365030396539037,0.00405310872659173));
#1941=CARTESIAN_POINT('',(0.0120263448896657,0.0204707100519932,0.00720675717522736));
#1942=CARTESIAN_POINT('',(0.00763728011182184,0.0160816452741494,0.00286051651553519));
#1943=CARTESIAN_POINT('',(-0.00809332196927701,0.0652315576122153,0.073072401339964));
#1944=CARTESIAN_POINT('',(-0.00784828452992493,0.0651492168801869,0.0555833282784463));
#1945=CARTESIAN_POINT('',(0.00742322344659022,0.0599654000275643,0.0294784480166727));
#1946=CARTESIAN_POINT('',(0.0284536208658542,0.0365109626934932,0.00361770368353587));
#1947=CARTESIAN_POINT('',(0.0116315838091117,0.020822692096821,0.00701287931505754));
#1948=CARTESIAN_POINT('',(0.0073212839478472,0.0165123922355565,0.00274463506241838));
#1949=CARTESIAN_POINT('',(-0.00842273420022542,0.0663055571748475,0.0730617777888066));
#1950=CARTESIAN_POINT('',(-0.00817685483263502,0.0662099137659006,0.0552984611678165));
#1951=CARTESIAN_POINT('',(0.00714630387982025,0.0601999685075362,0.0287794095323372));
#1952=CARTESIAN_POINT('',(0.0279906673943913,0.0365277832321678,0.00285810480390733));
#1953=CARTESIAN_POINT('',(0.0111696356081447,0.0213101455624445,0.00663035540361631));
#1954=CARTESIAN_POINT('',(0.00697786509969634,0.0171183750539961,0.00247948401254368));
#1955=CARTESIAN_POINT('',(-0.00851095741329649,0.0666776496874836,0.0730581705422667));
#1956=CARTESIAN_POINT('',(-0.00826488016681795,0.0665775828147088,0.0552017343601232));
#1957=CARTESIAN_POINT('',(0.00707035798936888,0.0602928854993208,0.0285420612780242));
#1958=CARTESIAN_POINT('',(0.027852100384046,0.0365343685798986,0.00258527546401214));
#1959=CARTESIAN_POINT('',(0.0110367314846542,0.0214662451214171,0.00648737653474216));
#1960=CARTESIAN_POINT('',(0.00688468087661119,0.017314194513374,0.00237583749688798));
#1961=CARTESIAN_POINT('',(-0.00863875299697519,0.0674390891967686,0.0730509579011602));
#1962=CARTESIAN_POINT('',(-0.00839257009444618,0.0673304102400371,0.0550083400334054));
#1963=CARTESIAN_POINT('',(0.00694890605887069,0.0605106654625029,0.0280686036834681));
#1964=CARTESIAN_POINT('',(0.0276305895679759,0.0365431457392143,0.00200490937325941));
#1965=CARTESIAN_POINT('',(0.0108110816030707,0.0217655095752571,0.00617970376898841));
#1966=CARTESIAN_POINT('',(0.00673655152355245,0.0176909794957389,0.00214492889163048));
#1967=CARTESIAN_POINT('',(-0.00867832536752937,0.0678284361934709,0.0730473525066465));
#1968=CARTESIAN_POINT('',(-0.00843223468509376,0.0677155686193548,0.0549116725171513));
#1969=CARTESIAN_POINT('',(0.00690340019040362,0.0606355286054804,0.0278324945131308));
#1970=CARTESIAN_POINT('',(0.0275476454616953,0.0365453372502435,0.0016973723247786));
#1971=CARTESIAN_POINT('',(0.0107183363297163,0.0219086749548631,0.00601501035211765));
#1972=CARTESIAN_POINT('',(0.00668160639357885,0.0178719450187258,0.00201766680202869));
#1973=CARTESIAN_POINT('',(-0.00870333014936053,0.0686134538402237,0.0730402775493595));
#1974=CARTESIAN_POINT('',(-0.00845783847127684,0.0684926573066848,0.0547219983829148));
#1975=CARTESIAN_POINT('',(0.00684055386640317,0.0609196988294759,0.0273714317606714));
#1976=CARTESIAN_POINT('',(0.0274614898120481,0.0365389639776231,0.00105213073244574));
#1977=CARTESIAN_POINT('',(0.0105710250009646,0.0221819259524949,0.005673154774359));
#1978=CARTESIAN_POINT('',(0.0066056168672578,0.0182165178187881,0.00174643713966122));
#1979=CARTESIAN_POINT('',(-0.00868916375435835,0.0690089088122553,0.0730368008332471));
#1980=CARTESIAN_POINT('',(-0.00844417742454646,0.0688843856543305,0.054628793169862));
#1981=CARTESIAN_POINT('',(0.00682290432807061,0.0610796515774489,0.0271451722071991));
#1982=CARTESIAN_POINT('',(0.027458463620644,0.0365299252002408,0.000715526853657078));
#1983=CARTESIAN_POINT('',(0.0105166373256464,0.0223123759245408,0.00549565302307045));
#1984=CARTESIAN_POINT('',(0.00658468158359831,0.0183804201824926,0.00160206138494603));
#1985=CARTESIAN_POINT('',(-0.00860723902877666,0.0697934940668054,0.0730300802817272));
#1986=CARTESIAN_POINT('',(-0.00836370530145222,0.069662081548358,0.054448631182928));
#1987=CARTESIAN_POINT('',(0.00681353238234836,0.0614286306780767,0.0267084220644382));
#1988=CARTESIAN_POINT('',(0.0275404939522356,0.036492124653024,4.6235617978327E-5));
#1989=CARTESIAN_POINT('',(0.0104471059797425,0.0225630479745834,0.00513351394129999));
#1990=CARTESIAN_POINT('',(0.00657469063402307,0.018690632628864,0.00129888176367935));
#1991=CARTESIAN_POINT('',(-0.00853948538469831,0.0701825898350642,0.0730268294185064));
#1992=CARTESIAN_POINT('',(-0.00829690000676375,0.0700480109057183,0.0543614839605578));
#1993=CARTESIAN_POINT('',(0.00682173496120226,0.0616173903375398,0.0264972281228707));
#1994=CARTESIAN_POINT('',(0.0276250739433461,0.0364629439789968,-0.000283910857855519));
#1995=CARTESIAN_POINT('',(0.0104320962692997,0.0226834408563444,0.00494898023493056));
#1996=CARTESIAN_POINT('',(0.00658563225122907,0.0188369768382738,0.00114004617777732));
#1997=CARTESIAN_POINT('',(-0.00835376807370921,0.070942633553905,0.0730205660792652));
#1998=CARTESIAN_POINT('',(-0.0081134409876375,0.0708023573978986,0.0541935587161511));
#1999=CARTESIAN_POINT('',(0.00686569300779502,0.0620166997363536,0.0260877087014625));
#2000=CARTESIAN_POINT('',(0.0278662947437943,0.036383383171677,-0.00090988060971311));
#2001=CARTESIAN_POINT('',(0.0104418657027939,0.022913751527791,0.0045753488792089));
#2002=CARTESIAN_POINT('',(0.00663898571082732,0.0191108715358244,0.000809573598686784));
#2003=CARTESIAN_POINT('',(-0.00823547340800674,0.0713132754611975,0.0730175475008695));
#2004=CARTESIAN_POINT('',(-0.00799645434059614,0.0711704726292155,0.054112619422822));
#2005=CARTESIAN_POINT('',(0.00690189820603651,0.0622272032775844,0.0258892782270335));
#2006=CARTESIAN_POINT('',(0.0280225780891945,0.0363325886992003,-0.00120406804713186));
#2007=CARTESIAN_POINT('',(0.0104665364552376,0.0230240300539329,0.0043861997813003));
#2008=CARTESIAN_POINT('',(0.00668122159155211,0.0192387151902474,0.000637818246050133));
#2009=CARTESIAN_POINT('',(-0.00795610445218699,0.0720265803663411,0.0730117852177533));
#2010=CARTESIAN_POINT('',(-0.00771991109120417,0.0718793475783621,0.0539580884028804));
#2011=CARTESIAN_POINT('',(0.00700392579318397,0.0626594530859427,0.0255077037819713));
#2012=CARTESIAN_POINT('',(0.028382787007927,0.0362158981538811,-0.00174701177200361));
#2013=CARTESIAN_POINT('',(0.0105565105299706,0.0232300843665742,0.00400379504112607));
#2014=CARTESIAN_POINT('',(0.00679892355667035,0.019472497393274,0.000282870855151808));
#2015=CARTESIAN_POINT('',(-0.00779503016143753,0.0723692433648247,0.0730090415136589));
#2016=CARTESIAN_POINT('',(-0.00756035445577502,0.0722201073292705,0.0538844967090238));
#2017=CARTESIAN_POINT('',(0.00706975021073668,0.062881201381717,0.0253245618201914));
#2018=CARTESIAN_POINT('',(0.0285867090276844,0.0361499985274637,-0.00199577157835917));
#2019=CARTESIAN_POINT('',(0.0106218195834895,0.0233258658843032,0.00381054507417045));
#2020=CARTESIAN_POINT('',(0.0068743896410638,0.0195784359418775,9.9678816890133E-5));
#2021=CARTESIAN_POINT('',(-0.0074287811423186,0.073034468852968,0.0730037414450313));
#2022=CARTESIAN_POINT('',(-0.00719728428473518,0.0728820444807343,0.0537423070387591));
#2023=CARTESIAN_POINT('',(0.00723645035999999,0.0633371902287602,0.0249669871198361));
#2024=CARTESIAN_POINT('',(0.0290299092305288,0.036006359045397,-0.00245171595336132));
#2025=CARTESIAN_POINT('',(0.0107986322243334,0.0235026785251472,0.00341016598042959));
#2026=CARTESIAN_POINT('',(0.00706557777086866,0.0197696240716824,-0.000286465049578518));
#2027=CARTESIAN_POINT('',(-0.00721707998797688,0.0733645731280006,0.0730011884249056));
#2028=CARTESIAN_POINT('',(-0.00698733648338095,0.0732107077554876,0.0536738168310193));
#2029=CARTESIAN_POINT('',(0.00733808496384223,0.0635754453676664,0.0247949734194154));
#2030=CARTESIAN_POINT('',(0.0292835343787389,0.0359320120263951,-0.00267682088568649));
#2031=CARTESIAN_POINT('',(0.0109059553419225,0.0235758288178991,0.00321651902841872));
#2032=CARTESIAN_POINT('',(0.00717668677015311,0.0198465602461296,-0.000476363058753096));
#2033=CARTESIAN_POINT('',(-0.00675016230487501,0.0739942259557753,0.0729965290931171));
#2034=CARTESIAN_POINT('',(-0.00652422852199261,0.0738379384815546,0.0535488271376734));
#2035=CARTESIAN_POINT('',(0.00756581804001525,0.0640503968757945,0.0244818568666324));
#2036=CARTESIAN_POINT('',(0.0298321628689737,0.0357818057864015,-0.00310169676387803));
#2037=CARTESIAN_POINT('',(0.0111459958655115,0.0236927176374287,0.00285286850411623));
#2038=CARTESIAN_POINT('',(0.00741779186528907,0.0199645136372062,-0.000838959398536383));
#2039=CARTESIAN_POINT('',(-0.00649495530163858,0.074293759141822,0.0729944143642965));
#2040=CARTESIAN_POINT('',(-0.00627107056366973,0.0741364960689377,0.0534921010470754));
#2041=CARTESIAN_POINT('',(0.00769236519239847,0.0642874238040066,0.0243400905654439));
#2042=CARTESIAN_POINT('',(0.0301264935797169,0.0357059543519438,-0.00330116050774595));
#2043=CARTESIAN_POINT('',(0.011278754729556,0.0237364819086136,0.0026827970672176));
#2044=CARTESIAN_POINT('',(0.00754782941918523,0.0200055565982429,-0.00101172559375209));
#2045=CARTESIAN_POINT('',(-0.00567319845632587,0.075135604071593,0.0729887820414497));
#2046=CARTESIAN_POINT('',(-0.00545584776586606,0.0749762303382498,0.0533410159135877));
#2047=CARTESIAN_POINT('',(0.0081038045590572,0.0649932195393062,0.0239621924685854));
#2048=CARTESIAN_POINT('',(0.0310592428231643,0.0354768626683048,-0.00386148518589585));
#2049=CARTESIAN_POINT('',(0.0117092611684802,0.0238287053463417,0.00220586217748557));
#2050=CARTESIAN_POINT('',(0.00796141015174691,0.0200808543296085,-0.00150542104567902));
#2051=CARTESIAN_POINT('',(-0.00505002381127632,0.0756201613738095,0.07298596388098));
#2052=CARTESIAN_POINT('',(-0.00483756232936376,0.0754604918595446,0.0532654259094127));
#2053=CARTESIAN_POINT('',(0.00841989724863611,0.0654571587779711,0.0237737849126117));
#2054=CARTESIAN_POINT('',(0.0317480608983182,0.0353212728216987,-0.00418406421864103));
#2055=CARTESIAN_POINT('',(0.0120385938413001,0.0238394625714455,0.00193116092155309));
#2056=CARTESIAN_POINT('',(0.00826790536483819,0.0200687740949836,-0.00180273693617737));
#2057=CARTESIAN_POINT('',(-0.00405099546857725,0.0762038158781542,0.0729831998101092));
#2058=CARTESIAN_POINT('',(-0.00384616386506374,0.0760454817246643,0.0531912947564052));
#2059=CARTESIAN_POINT('',(0.00893966177752619,0.0661221893332904,0.0235897909406946));
#2060=CARTESIAN_POINT('',(0.0328351482540216,0.0350993187312455,-0.00459302681057159));
#2061=CARTESIAN_POINT('',(0.0125928556620821,0.0237743446985252,0.00158248079137496));
#2062=CARTESIAN_POINT('',(0.00877389945478736,0.0199553884912304,-0.00219921384879439));
#2063=CARTESIAN_POINT('',(-0.00370741989968976,0.0763747422053798,0.0729825269221318));
#2064=CARTESIAN_POINT('',(-0.00350517241280331,0.0762171525813353,0.0531732481291739));
#2065=CARTESIAN_POINT('',(0.00912091590321411,0.0663391397622775,0.0235449380803069));
#2066=CARTESIAN_POINT('',(0.0332077502450439,0.0350271786126809,-0.00471731540992416));
#2067=CARTESIAN_POINT('',(0.0127878713967816,0.0237387321750547,0.00147700445184223));
#2068=CARTESIAN_POINT('',(0.00895047717317546,0.0199013379514486,-0.00232294830485821));
#2069=CARTESIAN_POINT('',(-0.00300831286635842,0.0766677111014602,0.0729816617704184));
#2070=CARTESIAN_POINT('',(-0.00281130893995841,0.076512048573155,0.0531500561162989));
#2071=CARTESIAN_POINT('',(0.00949061132147516,0.0667518796642876,0.0234885042403175));
#2072=CARTESIAN_POINT('',(0.0339540633849467,0.0348945884601469,-0.0049400588413416));
#2073=CARTESIAN_POINT('',(0.0131978990352268,0.0236343368019416,0.00129081160121433));
#2074=CARTESIAN_POINT('',(0.00931982277981311,0.0197562605465279,-0.00254942625258782));
#2075=CARTESIAN_POINT('',(-0.00265279815515799,0.0767897551361472,0.0729814693786291));
#2076=CARTESIAN_POINT('',(-0.00245843433117862,0.0766352831756537,0.0531449040186707));
#2077=CARTESIAN_POINT('',(0.00968024987857051,0.0669481735031023,0.0234765094276757));
#2078=CARTESIAN_POINT('',(0.0343272514279697,0.0348341397030347,-0.00503848244157248));
#2079=CARTESIAN_POINT('',(0.0134129828820856,0.0235655207853733,0.00121005593186471));
#2080=CARTESIAN_POINT('',(0.0095126626111756,0.0196652005144633,-0.00265220890250809));
#2081=CARTESIAN_POINT('',(-0.00193904934008588,0.0769854568895678,0.0729815486237264));
#2082=CARTESIAN_POINT('',(-0.001749903480414,0.0768337375399604,0.0531470598699133));
#2083=CARTESIAN_POINT('',(0.0100661281562462,0.0673159346874167,0.023485158905955));
#2084=CARTESIAN_POINT('',(0.0350668500085475,0.0347318875410723,-0.00521633671966949));
#2085=CARTESIAN_POINT('',(0.0138606460349334,0.0233872672105285,0.00108067089588348));
#2086=CARTESIAN_POINT('',(0.00991292328006154,0.0194395444556566,-0.00282853391627354));
#2087=CARTESIAN_POINT('',(-0.00158083069598715,0.0770591202970232,0.0729818165349913));
#2088=CARTESIAN_POINT('',(-0.00139426212500789,0.076908961438126,0.053154270172637));
#2089=CARTESIAN_POINT('',(0.0102623875414343,0.0674873102400447,0.023505837674235));
#2090=CARTESIAN_POINT('',(0.0354329606091935,0.0346901168138507,-0.00529571405170966));
#2091=CARTESIAN_POINT('',(0.0140933943945792,0.0232778346087958,0.00103208940380394));
#2092=CARTESIAN_POINT('',(0.0101204388845083,0.019304879098725,-0.00290210196748418));
#2093=CARTESIAN_POINT('',(-0.000870445256583922,0.0771605857398487,0.0729828117221948));
#2094=CARTESIAN_POINT('',(-0.000688891943220116,0.0770137957472839,0.053181041598201));
#2095=CARTESIAN_POINT('',(0.0106575911429054,0.0678000071922685,0.0235814658630559));
#2096=CARTESIAN_POINT('',(0.0361529250319789,0.0346325213808108,-0.00544546736409991));
#2097=CARTESIAN_POINT('',(0.0145697642627074,0.023010739168154,0.000980076282258511));
#2098=CARTESIAN_POINT('',(0.0105438765263691,0.0189848514318156,-0.00300653085540716));
#2099=CARTESIAN_POINT('',(-0.000518291083216071,0.0771883970989586,0.0729835390011137));
#2100=CARTESIAN_POINT('',(-0.000339175571637126,0.0770434147032045,0.0532006028767625));
#2101=CARTESIAN_POINT('',(0.0108565332339736,0.0679412891431193,0.0236364247938827));
#2102=CARTESIAN_POINT('',(0.0365067637042161,0.0346167616535595,-0.00551587256324414));
#2103=CARTESIAN_POINT('',(0.0148135114492981,0.0228529589967998,0.00097666888710294));
#2104=CARTESIAN_POINT('',(0.0107599133904778,0.0187993609379794,-0.00303737820334556));
#2105=CARTESIAN_POINT('',(0.000244076758129636,0.0772039512895215,0.0729856561763591));
#2106=CARTESIAN_POINT('',(0.000417985220943546,0.077063085544723,0.0532575699146018));
#2107=CARTESIAN_POINT('',(0.0112916527578252,0.068215528987323,0.0237992754267851));
#2108=CARTESIAN_POINT('',(0.0372748338156499,0.0346170001137698,-0.00567703470865509));
#2109=CARTESIAN_POINT('',(0.0153480682819124,0.02244541149879,0.00103955393917657));
#2110=CARTESIAN_POINT('',(0.0112309655557897,0.0183283087726674,-0.00303737820334556));
#2111=CARTESIAN_POINT('',(0.000646245489660207,0.0771823098276358,0.0729869989862352));
#2112=CARTESIAN_POINT('',(0.000817649763565305,0.077043818111237,0.0532936778386772));
#2113=CARTESIAN_POINT('',(0.0115363867015116,0.0683432170738863,0.023899777658286));
#2114=CARTESIAN_POINT('',(0.0376628314591506,0.0346333399501833,-0.00573998586552407));
#2115=CARTESIAN_POINT('',(0.0156672358970328,0.0221965609324621,0.00107436942174525));
#2116=CARTESIAN_POINT('',(0.011514974646514,0.0180442996819433,-0.00303737820334556));
#2117=CARTESIAN_POINT('',(0.00142139137078214,0.0770899245783592,0.0729899819059684));
#2118=CARTESIAN_POINT('',(0.00158828019483318,0.0769563003571022,0.0533738343396703));
#2119=CARTESIAN_POINT('',(0.0120275374226457,0.0685572419709098,0.024116513218114));
#2120=CARTESIAN_POINT('',(0.0383760421278868,0.0346940213582229,-0.0058228092834573));
#2121=CARTESIAN_POINT('',(0.0163451770016375,0.0216593202650647,0.00114403323305577));
#2122=CARTESIAN_POINT('',(0.012122565532515,0.0174367087959423,-0.00303737820334556));
#2123=CARTESIAN_POINT('',(0.00179442528595232,0.0770191718231296,0.0729916220155413));
#2124=CARTESIAN_POINT('',(0.00195932671971015,0.0768880439652901,0.0534178828998535));
#2125=CARTESIAN_POINT('',(0.0122755071237196,0.0686437526144931,0.0242327451744206));
#2126=CARTESIAN_POINT('',(0.0387000089641424,0.0347385885065493,-0.00584278817536126));
#2127=CARTESIAN_POINT('',(0.0167038782763216,0.0213708579491952,0.00117881005159753));
#2128=CARTESIAN_POINT('',(0.0124461473277918,0.0171131270006654,-0.00303737820334556));
#2129=CARTESIAN_POINT('',(0.00287421291529501,0.0767437473990844,0.0729968840321277));
#2130=CARTESIAN_POINT('',(0.00303383783930508,0.0766203546915449,0.0535591809098743));
#2131=CARTESIAN_POINT('',(0.0130230905459745,0.0688558742634876,0.0246027611780088));
#2132=CARTESIAN_POINT('',(0.0395991965113127,0.0349009279448961,-0.00584816805426999));
#2133=CARTESIAN_POINT('',(0.0178200839615126,0.0204655884015766,0.00128324906812147));
#2134=CARTESIAN_POINT('',(0.0134568849441966,0.0161023893842606,-0.00303737820334556));
#2135=CARTESIAN_POINT('',(0.00354211561705236,0.0764775522512229,0.0730008825232458));
#2136=CARTESIAN_POINT('',(0.00369913540600471,0.0763596301108533,0.0536664908713251));
#2137=CARTESIAN_POINT('',(0.0135267333307934,0.068934815244827,0.0248767447861488));
#2138=CARTESIAN_POINT('',(0.0401012282278046,0.0350474249308973,-0.00578084667617983));
#2139=CARTESIAN_POINT('',(0.0186179863019191,0.0198091946385783,0.00135331300701929));
#2140=CARTESIAN_POINT('',(0.014184032995899,0.0153752413325582,-0.00303737820334556));
#2141=CARTESIAN_POINT('',(0.00479916417877427,0.0757917375048299,0.073009962427036));
#2142=CARTESIAN_POINT('',(0.00495208211381666,0.0756861011837515,0.053910095994475));
#2143=CARTESIAN_POINT('',(0.0145249438792266,0.0690242613233739,0.0254895349933934));
#2144=CARTESIAN_POINT('',(0.0410319466526478,0.035336689753019,-0.00551191339868896));
#2145=CARTESIAN_POINT('',(0.0202224079980605,0.0184983117115601,0.00149865036225715));
#2146=CARTESIAN_POINT('',(0.0156416853074787,0.0139175890209784,-0.00303737820334556));
#2147=CARTESIAN_POINT('',(0.00538941541215014,0.0753715269192489,0.0730150624518858));
#2148=CARTESIAN_POINT('',(0.00554080435000171,0.0752727196950206,0.054046887183417));
#2149=CARTESIAN_POINT('',(0.0150185963348564,0.0690350434000532,0.025829189009569));
#2150=CARTESIAN_POINT('',(0.0414642743540998,0.0354781773397132,-0.0053088460289556));
#2151=CARTESIAN_POINT('',(0.0210293597834616,0.0178442549772066,0.00157435198904598));
#2152=CARTESIAN_POINT('',(0.0163721895673561,0.0131870847611011,-0.00303737820334556));
#2153=CARTESIAN_POINT('',(0.00649138311768286,0.0743428542275673,0.0730265934024117));
#2154=CARTESIAN_POINT('',(0.00664005959279724,0.0742599702742268,0.0543560786244272));
#2155=CARTESIAN_POINT('',(0.015949286510407,0.0690110819061436,0.0265865096772714));
#2156=CARTESIAN_POINT('',(0.0423145151483189,0.0356878937519922,-0.00473109909034519));
#2157=CARTESIAN_POINT('',(0.0225511112957253,0.0166438565136587,0.00173346079207567));
#2158=CARTESIAN_POINT('',(0.0177332645552619,0.0118260097731953,-0.00303737820334556));
#2159=CARTESIAN_POINT('',(0.00700431447452154,0.0737333638707199,0.0730330649850898));
#2160=CARTESIAN_POINT('',(0.0071518416217934,0.0736596281104761,0.0545295715862369));
#2161=CARTESIAN_POINT('',(0.0163897041926623,0.0689787023465878,0.0270071524669329));
#2162=CARTESIAN_POINT('',(0.0427397985411595,0.0357541880985794,-0.00435775865555623));
#2163=CARTESIAN_POINT('',(0.0232663012696607,0.0160979050315372,0.00181725440774746));
#2164=CARTESIAN_POINT('',(0.0183638352832904,0.0111954390451668,-0.00303737820334556));
#2165=CARTESIAN_POINT('',(0.00779572964085311,0.072424970592196,0.0730462705474938));
#2166=CARTESIAN_POINT('',(0.00794156172579322,0.0723701720871892,0.0548834865155988));
#2167=CARTESIAN_POINT('',(0.0170745269720336,0.0688646284016523,0.0278528003967786));
#2168=CARTESIAN_POINT('',(0.0435133407555275,0.0357401388560719,-0.00343108855433387));
#2169=CARTESIAN_POINT('',(0.0243742325821418,0.0153164304737767,0.00197889016534216));
#2170=CARTESIAN_POINT('',(0.0193085382184111,0.0102507361100461,-0.00303737820334556));
#2171=CARTESIAN_POINT('',(0.00810088272776626,0.0717659697132253,0.0730530555308284));
#2172=CARTESIAN_POINT('',(0.0082458614875316,0.0717200524414623,0.0550654369750294));
#2173=CARTESIAN_POINT('',(0.0173262582708517,0.0687658813317662,0.0283007988144873));
#2174=CARTESIAN_POINT('',(0.0438848591670883,0.0357321794156545,-0.00299574061610539));
#2175=CARTESIAN_POINT('',(0.0247690523701987,0.0149645071364519,0.00217282616020552));
#2176=CARTESIAN_POINT('',(0.0196245343823858,0.00981998914863895,-0.00292149675022875));
#2177=CARTESIAN_POINT('',(0.00843029498799304,0.0706919701798714,0.0730636229166357));
#2178=CARTESIAN_POINT('',(0.00857443332217468,0.0706593570876815,0.0553488317862006));
#2179=CARTESIAN_POINT('',(0.0176032717882402,0.0685314068024128,0.0290003249690087));
#2180=CARTESIAN_POINT('',(0.0443476480655163,0.035715194303945,-0.00223636716746123));
#2181=CARTESIAN_POINT('',(0.0252312659956763,0.014477319095339,0.00255561290640966));
#2182=CARTESIAN_POINT('',(0.0199679532305366,0.00921400633019927,-0.00265634570035405));
#2183=CARTESIAN_POINT('',(0.00851851821539197,0.0703198776815632,0.0730672068537228));
#2184=CARTESIAN_POINT('',(0.00866245940603541,0.0702916887885512,0.055444947624052));
#2185=CARTESIAN_POINT('',(0.0176792636550463,0.068438535786983,0.0292378825461138));
#2186=CARTESIAN_POINT('',(0.0444861345392099,0.0357085284195626,-0.00196364350417427));
#2187=CARTESIAN_POINT('',(0.0253643000092267,0.0143213494264263,0.00269872039800599));
#2188=CARTESIAN_POINT('',(0.0200611374536217,0.00901818687082137,-0.00255269918469835));
#2189=CARTESIAN_POINT('',(0.00864631384023752,0.0695584382134451,0.0730743670135668));
#2190=CARTESIAN_POINT('',(0.00879015148763782,0.0695388635171971,0.0556369665815758));
#2191=CARTESIAN_POINT('',(0.0178008476848004,0.0682208879230569,0.0297118397976943));
#2192=CARTESIAN_POINT('',(0.0447074139573839,0.0356995198623507,-0.00138356493523823));
#2193=CARTESIAN_POINT('',(0.0255903230909117,0.0140224581726878,0.00300676272254676));
#2194=CARTESIAN_POINT('',(0.0202092668066805,0.00864140188845658,-0.00232179057944086));
#2195=CARTESIAN_POINT('',(0.00868588623773585,0.069169091243687,0.0730779432363748));
#2196=CARTESIAN_POINT('',(0.00882981748808501,0.0691537065476789,0.0557328697039273));
#2197=CARTESIAN_POINT('',(0.0178464400136715,0.0680961112404833,0.0299482396364739));
#2198=CARTESIAN_POINT('',(0.0447902066112173,0.0356971768988743,-0.00107621031740024));
#2199=CARTESIAN_POINT('',(0.0256833126278036,0.0138795370566192,0.0031716980196749));
#2200=CARTESIAN_POINT('',(0.0202642119366541,0.0084604363654697,-0.00219452848983907));
#2201=CARTESIAN_POINT('',(0.00871089109323521,0.0683840736706023,0.0730849573047315));
#2202=CARTESIAN_POINT('',(0.00885542512881057,0.0683766217148915,0.0559209487998335));
#2203=CARTESIAN_POINT('',(0.0179095227296372,0.0678121774084529,0.0304099645916664));
#2204=CARTESIAN_POINT('',(0.0448759481737218,0.0357031360843521,-0.000431446535078796));
#2205=CARTESIAN_POINT('',(0.0258312917991168,0.0136069539015489,0.0035142149238532));
#2206=CARTESIAN_POINT('',(0.0203402014629751,0.00811586356540731,-0.0019232988274716));
#2207=CARTESIAN_POINT('',(0.00869672474538449,0.0679886187457222,0.0730884028343607));
#2208=CARTESIAN_POINT('',(0.00884176654918842,0.067984895834354,0.0560133372993301));
#2209=CARTESIAN_POINT('',(0.0179273235711582,0.0676523759636686,0.0306365933134064));
#2210=CARTESIAN_POINT('',(0.0448787093277548,0.0357119098243633,-9.5139825408011E-5));
#2211=CARTESIAN_POINT('',(0.0258861069285105,0.0134769313835786,0.00369213995854655));
#2212=CARTESIAN_POINT('',(0.0203611367466347,0.00795196120170276,-0.0017789230727564));
#2213=CARTESIAN_POINT('',(0.0086148001369976,0.0672040336083669,0.0730950621398049));
#2214=CARTESIAN_POINT('',(0.00876130055808135,0.0672072060723137,0.056191896005818));
#2215=CARTESIAN_POINT('',(0.0179370715803201,0.0673037729264804,0.0310741467784184));
#2216=CARTESIAN_POINT('',(0.0447960202468907,0.0357490516223075,0.000573430880397341));
#2217=CARTESIAN_POINT('',(0.0259567007097241,0.0132273217688457,0.00405533110944226));
#2218=CARTESIAN_POINT('',(0.0203711276962098,0.00764174875533143,-0.00147574345148972));
#2219=CARTESIAN_POINT('',(0.00854704656271537,0.0668149379099042,0.0730982829485199));
#2220=CARTESIAN_POINT('',(0.00869449891533644,0.0668212803668969,0.0562782567883208));
#2221=CARTESIAN_POINT('',(0.0179290929684147,0.0671152372339657,0.0312857740509648));
#2222=CARTESIAN_POINT('',(0.0447110479335047,0.0357778399740591,0.000903155377469693));
#2223=CARTESIAN_POINT('',(0.0259723431602025,0.0131075616271203,0.00424049138220085));
#2224=CARTESIAN_POINT('',(0.0203601860790039,0.00749540454592164,-0.00131690786558769));
#2225=CARTESIAN_POINT('',(0.00836132940706842,0.0660548943464055,0.0731044899779017));
#2226=CARTESIAN_POINT('',(0.00851104802418238,0.0660669420026888,0.0564447092008553));
#2227=CARTESIAN_POINT('',(0.0178856333953343,0.0667164263086643,0.0316961836100381));
#2228=CARTESIAN_POINT('',(0.0444689539584027,0.0358565276067252,0.0015281977111599));
#2229=CARTESIAN_POINT('',(0.0259639819887316,0.012878659217697,0.00461551725952902));
#2230=CARTESIAN_POINT('',(0.0203068326194056,0.00722150984837097,-0.000986435286497157));
#2231=CARTESIAN_POINT('',(0.00824303482662756,0.0656842525243747,0.0731074823263727));
#2232=CARTESIAN_POINT('',(0.0083940658382872,0.065698831232518,0.0565249627617584));
#2233=CARTESIAN_POINT('',(0.017849701790943,0.0665061963612837,0.0318950698067867));
#2234=CARTESIAN_POINT('',(0.0443121913594223,0.0359068428256217,0.00182188132095037));
#2235=CARTESIAN_POINT('',(0.0259400841797232,0.0127691536349904,0.00480543175926159));
#2236=CARTESIAN_POINT('',(0.0202645967386809,0.00709366619394799,-0.000814679933860506));
#2237=CARTESIAN_POINT('',(0.00796366604497651,0.0649709477933997,0.0731131970355386));
#2238=CARTESIAN_POINT('',(0.00811753170192916,0.0649899653964054,0.0566782505541698));
#2239=CARTESIAN_POINT('',(0.017748233089323,0.0660745054384528,0.0322775329933073));
#2240=CARTESIAN_POINT('',(0.0439510034424786,0.0360225543727297,0.00236380252642972));
#2241=CARTESIAN_POINT('',(0.0258516890399673,0.0125646782573262,0.00518940002873963));
#2242=CARTESIAN_POINT('',(0.0201468947735626,0.00685988399092146,-0.000459732542962181));
#2243=CARTESIAN_POINT('',(0.00780259184299469,0.0646282848836838,0.0731159193954694));
#2244=CARTESIAN_POINT('',(0.00795797971109181,0.0646492102900888,0.0567512847456974));
#2245=CARTESIAN_POINT('',(0.0176826935160016,0.0658530419869099,0.0324611075311458));
#2246=CARTESIAN_POINT('',(0.0437465824618799,0.0360879550383059,0.00261204441716363));
#2247=CARTESIAN_POINT('',(0.0257871847138885,0.0124697014670373,0.00538344687140726));
#2248=CARTESIAN_POINT('',(0.0200714286891692,0.00675394544231792,-0.000276540504700507));
#2249=CARTESIAN_POINT('',(0.00743634299474116,0.063963059566406,0.0731211817244449));
#2250=CARTESIAN_POINT('',(0.00759491848024741,0.0639872820788206,0.0568924890285063));
#2251=CARTESIAN_POINT('',(0.0175165416524002,0.0653976014255285,0.0328194913901786));
#2252=CARTESIAN_POINT('',(0.0433024218285793,0.0362306340899164,0.00306699559446477));
#2253=CARTESIAN_POINT('',(0.0256119210618199,0.0122944378149686,0.0057853598404353));
#2254=CARTESIAN_POINT('',(0.0198802405593643,0.00656275731251305,0.000109603361768143));
#2255=CARTESIAN_POINT('',(0.00763330572100537,0.0642970714616843,0.0722499269422218));
#2256=CARTESIAN_POINT('',(0.00686354954652146,0.0629014589667086,0.0722510310788534));
#2257=CARTESIAN_POINT('',(0.00450286523908179,0.0605480564156382,0.0722583608980801));
#2258=CARTESIAN_POINT('',(0.00152715140490775,0.0598274370533726,0.0722625631773682));
#2259=CARTESIAN_POINT('',(0.000176504716443155,0.0598029403638064,0.0722656787408449));
#2260=CARTESIAN_POINT('',(0.00763330572100535,0.0642970714616843,0.0722499269422218));
#2261=CARTESIAN_POINT('',(0.000176504716443161,0.0598029403638064,0.0722656787408449));
#2262=CARTESIAN_POINT('',(2.91876156913434E-9,0.0598011310926778,0.0722658764732664));
#2263=CARTESIAN_POINT('',(5.88376078563026E-5,0.0598016325648832,0.0722657567175655));
#2264=CARTESIAN_POINT('',(0.000117672296951036,0.0598021340370886,0.0722656369618646));
#2265=CARTESIAN_POINT('',(0.00017650698604577,0.0598026355092941,0.0722655172061637));
#2266=CARTESIAN_POINT('',(2.98535237600473E-15,0.0598015235735935,0.0722660859315512));
#2267=CARTESIAN_POINT('',(-2.60312042816298E-15,0.0598042758678974,0.0708358254318218));
#2268=CARTESIAN_POINT('',(4.67067485882908E-16,0.0598152266534452,0.0679752941402692));
#2269=CARTESIAN_POINT('',(-7.7542997157008E-17,0.059838628289933,0.0636846864645486));
#2270=CARTESIAN_POINT('',(3.13274340398402E-18,0.0598918757172593,0.0593937753441669));
#2271=CARTESIAN_POINT('',(3.37870009734894E-17,0.0600276501842011,0.0551066689359191));
#2272=CARTESIAN_POINT('',(8.03314646197418E-18,0.0602560028565748,0.0515419759897589));
#2273=CARTESIAN_POINT('',(9.35743743783983E-18,0.0605593766677292,0.0486946220821141));
#2274=CARTESIAN_POINT('',(-1.39184250862261E-17,0.060878259555912,0.0465715128370407));
#2275=CARTESIAN_POINT('',(1.37901977324993E-17,0.0613482665836514,0.0444998085916952));
#2276=CARTESIAN_POINT('',(-1.71261108479871E-18,0.0620342358803534,0.0428058664801099));
#2277=CARTESIAN_POINT('',(3.24660406137815E-19,0.062973304116058,0.0416745252400626));
#2278=CARTESIAN_POINT('',(-9.53484124866766E-20,0.0639279089030184,0.0411091480004193));
#2279=CARTESIAN_POINT('',(5.67332438088908E-20,0.0650303860175596,0.0409763147769125));
#2280=CARTESIAN_POINT('',(-1.94357164934812E-19,0.0664667410522877,0.0412911700447435));
#2281=CARTESIAN_POINT('',(1.46554826536886E-18,0.0680383540034659,0.0422397504325642));
#2282=CARTESIAN_POINT('',(1.16935822443313E-18,0.0695966627341207,0.0437429405863039));
#2283=CARTESIAN_POINT('',(-6.14298116310134E-18,0.0709294652864148,0.0454584670037556));
#2284=CARTESIAN_POINT('',(3.32510822916634E-17,0.0724362813722945,0.0478874628505322));
#2285=CARTESIAN_POINT('',(-7.17621405033452E-17,0.0739430852257015,0.051183680086343));
#2286=CARTESIAN_POINT('',(8.18738927527333E-17,0.075228398533075,0.0552608096008032));
#2287=CARTESIAN_POINT('',(-2.15457612507193E-17,0.0761300937005037,0.0594448337267441));
#2288=CARTESIAN_POINT('',(1.29274567504316E-17,0.076923128613143,0.0651403569748116));
#2289=CARTESIAN_POINT('',(0.,0.0771498654556487,0.0694187222143974));
#2290=CARTESIAN_POINT('',(0.,0.0771897527562956,0.0722755362727958));
#2291=CARTESIAN_POINT('',(-2.58341152172557E-15,0.0771897527562956,0.0722755362727958));
#2292=CARTESIAN_POINT('',(-1.4169519507376E-14,0.0771897529412905,0.0722755495225909));
#2293=CARTESIAN_POINT('',(0.000916947225177318,0.0771914219865962,0.0722740139468373));
#2294=CARTESIAN_POINT('',(0.00254842673457602,0.0769158650317203,0.0722717102389137));
#2295=CARTESIAN_POINT('',(0.00518672665678038,0.0757271438012754,0.0722652546803318));
#2296=CARTESIAN_POINT('',(0.00669201988034803,0.0742563285754411,0.0722592687656954));
#2297=CARTESIAN_POINT('',(0.00745139379696181,0.0730060870951443,0.0722562660078716));
#2298=CARTESIAN_POINT('',(0.0074513937969618,0.0730060870951444,0.0722562660078716));
#2299=CARTESIAN_POINT('',(0.00745139379696181,0.0730060870951443,0.0722562660078716));
#2300=CARTESIAN_POINT('',(0.00753553804821754,0.0728675512519885,0.0722559250317732));
#2301=CARTESIAN_POINT('',(0.0077468827905775,0.0725035466286226,0.0722545962216279));
#2302=CARTESIAN_POINT('',(0.00808294525463134,0.0717841576922697,0.0722526160066083));
#2303=CARTESIAN_POINT('',(0.00834814762885548,0.0710193972415928,0.0722514418014113));
#2304=CARTESIAN_POINT('',(0.00852554392902461,0.0703434454726199,0.0722507749957381));
#2305=CARTESIAN_POINT('',(0.00863831874981173,0.0696978210649235,0.0722503771799687));
#2306=CARTESIAN_POINT('',(0.00868774622832006,0.0691956711028791,0.0722500999774503));
#2307=CARTESIAN_POINT('',(0.0087055917343426,0.0689071431395747,0.0722499314135619));
#2308=CARTESIAN_POINT('',(0.00871351970477873,0.0686558134655161,0.0722497652378357));
#2309=CARTESIAN_POINT('',(0.00871456838220548,0.0685102533684282,0.0722496719167325));
#2310=CARTESIAN_POINT('',(0.00871294320303936,0.068281434480324,0.0722495481370175));
#2311=CARTESIAN_POINT('',(0.00869859901906952,0.0679029321168015,0.0722493868499017));
#2312=CARTESIAN_POINT('',(0.00864874650559654,0.0673694234171771,0.0722492309344337));
#2313=CARTESIAN_POINT('',(0.00854714388690207,0.0667641229645414,0.0722491306698245));
#2314=CARTESIAN_POINT('',(0.00841025344856069,0.0661925104393454,0.0722491197628312));
#2315=CARTESIAN_POINT('',(0.00824443426141391,0.0656596505226302,0.072249208125072));
#2316=CARTESIAN_POINT('',(0.00805501766683216,0.0651630144264874,0.0722493758907882));
#2317=CARTESIAN_POINT('',(0.00788777100942792,0.0647894348541697,0.0722495665756959));
#2318=CARTESIAN_POINT('',(0.00773901228675916,0.0644930326500021,0.0722497678704597));
#2319=CARTESIAN_POINT('',(0.00768032240441602,0.0643823152099583,0.0722498537996965));
#2320=CARTESIAN_POINT('',(0.00763330572100531,0.0642970714616842,0.0722499269422218));
#2321=CARTESIAN_POINT('',(-0.00908399505964533,0.0113891127966375,0.00613831554010012));
#2322=CARTESIAN_POINT('',(-0.0126082594532872,0.0186655020109474,-0.00476875842108066));
#2323=CARTESIAN_POINT('',(-0.0112643201401913,0.0173215626978515,-0.00205439575019876));
#2324=CARTESIAN_POINT('',(-0.00931753715936267,0.0153747797170228,0.00187753406238839));
#2325=CARTESIAN_POINT('',(-0.0112643201401914,0.0173215626978515,-0.00205439575019876));
#2326=CARTESIAN_POINT('',(-0.0111211506364514,0.0174647322015915,-0.00205439575019876));
#2327=CARTESIAN_POINT('',(-0.0108326257759996,0.0177486429076834,-0.00204973613192953));
#2328=CARTESIAN_POINT('',(-0.0102730628788702,0.0183358907309719,-0.00207769384154494));
#2329=CARTESIAN_POINT('',(-0.00944246337232985,0.0189256260480343,-0.00183445638346161));
#2330=CARTESIAN_POINT('',(-0.00846132330791483,0.0191679467204817,-0.00108835730051243));
#2331=CARTESIAN_POINT('',(-0.00774241155162006,0.0188979497439467,-8.97047113865875E-5));
#2332=CARTESIAN_POINT('',(-0.00747168940305621,0.0181848415766906,0.000903819422375004));
#2333=CARTESIAN_POINT('',(-0.00771241438287674,0.0171982202946152,0.00165706514540012));
#2334=CARTESIAN_POINT('',(-0.00829745481773166,0.0163721201007134,0.00190050010002672));
#2335=CARTESIAN_POINT('',(-0.00888822379967982,0.0158086414682938,0.00187294085486073));
#2336=CARTESIAN_POINT('',(-0.00917359856208788,0.0155187183142976,0.00187753406238839));
#2337=CARTESIAN_POINT('',(-0.00931753715936267,0.0153747797170228,0.00187753406238839));
#2338=CARTESIAN_POINT('',(-0.00988322258431191,0.0148090942920736,0.00187753406238839));
#2339=CARTESIAN_POINT('',(-0.0116274193112387,0.0130648975651468,0.00187753406238838));
#2340=CARTESIAN_POINT('',(-0.0133716160381655,0.01132070083822,0.0018775340623884));
#2341=CARTESIAN_POINT('',(-0.0151158127650923,0.00957650411129321,0.00187753406238839));
#2342=CARTESIAN_POINT('',(-0.0151158127650923,0.00957650411129315,0.00187753406238839));
#2343=CARTESIAN_POINT('',(-0.00988322258431191,0.0148090942920736,0.00187753406238839));
#2344=CARTESIAN_POINT('',(-0.0131739448782364,0.0180998165859982,-0.00476875842108066));
#2345=CARTESIAN_POINT('',(-0.0118300055651406,0.0167558772729023,-0.00205439575019877));
#2346=CARTESIAN_POINT('',(-0.017062595745921,0.0115232870921218,-0.00205439575019877));
#2347=CARTESIAN_POINT('',(-0.0153183990189942,0.0132674838190486,-0.00205439575019878));
#2348=CARTESIAN_POINT('',(-0.0135742022920674,0.0150116805459755,-0.00205439575019875));
#2349=CARTESIAN_POINT('',(-0.0118300055651406,0.0167558772729023,-0.00205439575019876));
#2350=CARTESIAN_POINT('',(-0.017062595745921,0.0115232870921218,-0.00205439575019877));
#2351=CARTESIAN_POINT('',(-0.0184176427917402,0.012878334137941,-0.00479119277862083));
#2352=CARTESIAN_POINT('',(-0.0174327071397611,0.00920639271745305,-8.84308439051876E-5));
#2353=CARTESIAN_POINT('',(-0.0188932707249293,0.0106660035019647,-0.00303737810078159));
#2354=CARTESIAN_POINT('',(-0.0199780182831494,0.00666053521327563,-8.78790997466559E-5));
#2355=CARTESIAN_POINT('',(-0.0109731984260933,0.0185860759023639,-0.00303737820334557));
#2356=CARTESIAN_POINT('',(-0.0136130637425231,0.0159462105859341,-0.00303737820334556));
#2357=CARTESIAN_POINT('',(-0.0162529290589529,0.0133063452695043,-0.00303737820334556));
#2358=CARTESIAN_POINT('',(-0.0188927943753826,0.0106664799530745,-0.00303737820334555));
#2359=CARTESIAN_POINT('',(-0.0109727245915671,0.0185865496353267,-0.00303737810078138));
#2360=CARTESIAN_POINT('',(-0.00951311119047181,0.0171259886667424,-8.84308439051868E-5));
#2361=CARTESIAN_POINT('',(-0.0069678000473349,0.0196718461711709,-8.89825885711172E-5));
#2362=CARTESIAN_POINT('',(-0.0095131111904718,0.0171259886667424,-8.8430843905184E-5));
#2363=CARTESIAN_POINT('',(-0.0080525476046678,0.0156663778828669,0.00286051641297095));
#2364=CARTESIAN_POINT('',(-0.0159726199041396,0.00774630548183155,0.00286051651553518));
#2365=CARTESIAN_POINT('',(-0.0133327545877099,0.0103861707982613,0.00286051651553518));
#2366=CARTESIAN_POINT('',(-0.0106928892712801,0.0130260361146911,0.00286051651553518));
#2367=CARTESIAN_POINT('',(-0.0080530239548503,0.0156659014311209,0.00286051651553518));
#2368=CARTESIAN_POINT('',(-0.0159730937386843,0.00774583174885035,0.002860516412971));
#2369=CARTESIAN_POINT('',(-0.0174327071397611,0.00920639271745305,-8.84308439051876E-5));
#2370=CARTESIAN_POINT('',(-0.0189833282166895,0.0123126487129917,-0.00479119277862083));
#2371=CARTESIAN_POINT('',(-0.0176282811708702,0.0109576016671726,-0.00205439575019877));
#2372=CARTESIAN_POINT('',(-0.0156814981900416,0.00901081868634391,0.00187753406238839));
#2373=CARTESIAN_POINT('',(-0.0156814981900416,0.00901081868634392,0.00187753406238839));
#2374=CARTESIAN_POINT('',(-0.0158251165881491,0.00886720028823641,0.00187753406238839));
#2375=CARTESIAN_POINT('',(-0.0161144599715107,0.00858246652809156,0.0018728790199083));
#2376=CARTESIAN_POINT('',(-0.0166762940410617,0.00799297471924033,0.00190080927478886));
#2377=CARTESIAN_POINT('',(-0.0175065446381318,0.00740562266253537,0.00165551742107398));
#2378=CARTESIAN_POINT('',(-0.0184858498299797,0.00716455456200444,0.000910006376265366));
#2379=CARTESIAN_POINT('',(-0.0192041996194135,0.00743523287004586,-8.87667536224734E-5));
#2380=CARTESIAN_POINT('',(-0.019474047563832,0.00814864904472148,-0.00108171911184263));
#2381=CARTESIAN_POINT('',(-0.0192330401596759,0.00913494189782832,-0.00183434796274041));
#2382=CARTESIAN_POINT('',(-0.0186476087191315,0.0099610268881994,-0.00207737270571039));
#2383=CARTESIAN_POINT('',(-0.018057300327794,0.0105240319563912,-0.00204980035909644));
#2384=CARTESIAN_POINT('',(-0.0177721185950921,0.0108137642429508,-0.00205439575019877));
#2385=CARTESIAN_POINT('',(-0.0176282811708703,0.0109576016671726,-0.00205439575019877));
#2386=CARTESIAN_POINT('',(-0.00780259184299469,0.0646282848836838,0.0731159193954694));
#2387=CARTESIAN_POINT('',(-0.00795797971109183,0.0646492102900889,0.0567512847456974));
#2388=CARTESIAN_POINT('',(-0.0176826935160016,0.0658530419869099,0.0324611075311458));
#2389=CARTESIAN_POINT('',(-0.0437465824618799,0.0360879550383059,0.00261204441716363));
#2390=CARTESIAN_POINT('',(-0.0257871847138885,0.0124697014670373,0.00538344687140726));
#2391=CARTESIAN_POINT('',(-0.0200714286891692,0.00675394544231792,-0.000276540504700507));
#2392=CARTESIAN_POINT('',(-0.00743634299474116,0.063963059566406,0.0731211817244448));
#2393=CARTESIAN_POINT('',(-0.00759491848024743,0.0639872820788206,0.0568924890285063));
#2394=CARTESIAN_POINT('',(-0.0175165416524002,0.0653976014255285,0.0328194913901785));
#2395=CARTESIAN_POINT('',(-0.0433024218285793,0.0362306340899164,0.00306699559446477));
#2396=CARTESIAN_POINT('',(-0.0256119210618199,0.0122944378149686,0.0057853598404353));
#2397=CARTESIAN_POINT('',(-0.0198802405593643,0.00656275731251305,0.000109603361768143));
#2398=CARTESIAN_POINT('',(-0.00722464193190799,0.0636329553828819,0.0731237176547515));
#2399=CARTESIAN_POINT('',(-0.00738497546689855,0.0636586235920725,0.0569605333840086));
#2400=CARTESIAN_POINT('',(-0.0174152006880778,0.0651596399261422,0.0329919165181869));
#2401=CARTESIAN_POINT('',(-0.0430482823128456,0.0363044667413948,0.00329157208077438));
#2402=CARTESIAN_POINT('',(-0.0255054275196732,0.0122221170976592,0.00597982827371855));
#2403=CARTESIAN_POINT('',(-0.0197691315600798,0.00648582113806583,0.000299501370942732));
#2404=CARTESIAN_POINT('',(-0.00675772443649581,0.0630033027427969,0.0731283474937115));
#2405=CARTESIAN_POINT('',(-0.00692187732600366,0.063031402686499,0.0570847544151885));
#2406=CARTESIAN_POINT('',(-0.017188069884617,0.0646852906907264,0.0333058378919436));
#2407=CARTESIAN_POINT('',(-0.0424985988231897,0.0364536179819671,0.00371537026337481));
#2408=CARTESIAN_POINT('',(-0.0252670885063296,0.0121069297883749,0.00634516370662587));
#2409=CARTESIAN_POINT('',(-0.0195280264649439,0.0063678677469892,0.000662097710726017));
#2410=CARTESIAN_POINT('',(-0.00650251752944054,0.0627037696529314,0.0731304498806592));
#2411=CARTESIAN_POINT('',(-0.00666872440016888,0.0627328501316039,0.0571411592993013));
#2412=CARTESIAN_POINT('',(-0.0170618313654261,0.0644485723957064,0.0334479971571723));
#2413=CARTESIAN_POINT('',(-0.0422037274805492,0.0365289287845276,0.00391428482562469));
#2414=CARTESIAN_POINT('',(-0.025135201577088,0.0120640374519929,0.00651609857085692));
#2415=CARTESIAN_POINT('',(-0.0193979889110477,0.00632682478595259,0.000834863905941714));
#2416=CARTESIAN_POINT('',(-0.00568076097504861,0.061861925014081,0.0731360543817267));
#2417=CARTESIAN_POINT('',(-0.00585351682422157,0.0618931310841482,0.0572915222650767));
#2418=CARTESIAN_POINT('',(-0.0166513255270848,0.0637437101887242,0.0338270170811509));
#2419=CARTESIAN_POINT('',(-0.041269342978166,0.0367563852092308,0.00447295895411471));
#2420=CARTESIAN_POINT('',(-0.0247073324949031,0.011974451371004,0.00699564508463062));
#2421=CARTESIAN_POINT('',(-0.0189844081784861,0.00625152705458693,0.00132855935786864));
#2422=CARTESIAN_POINT('',(-0.00505758652949677,0.0613773679113624,0.0731388669759207));
#2423=CARTESIAN_POINT('',(-0.00523524182604607,0.0614088800011803,0.0573669714370834));
#2424=CARTESIAN_POINT('',(-0.0163358730007969,0.0632804111133504,0.0340160990319915));
#2425=CARTESIAN_POINT('',(-0.0405794035307704,0.0369108536835952,0.00479442114897977));
#2426=CARTESIAN_POINT('',(-0.0243798083788654,0.0119655027026825,0.00727213725125145));
#2427=CARTESIAN_POINT('',(-0.0186779129653948,0.00626360728921182,0.001625875248367));
#2428=CARTESIAN_POINT('',(-0.00405855845834173,0.0607937136785616,0.0731416452137716));
#2429=CARTESIAN_POINT('',(-0.0042438575697517,0.0608239043440662,0.0574414811663906));
#2430=CARTESIAN_POINT('',(-0.0158169798226333,0.0626162519087576,0.0342008582507212));
#2431=CARTESIAN_POINT('',(-0.0394907898324428,0.0371312814314242,0.00520188773944698));
#2432=CARTESIAN_POINT('',(-0.0238280082538544,0.0120330822713738,0.00762325505842755));
#2433=CARTESIAN_POINT('',(-0.0181719188754456,0.00637699289296503,0.00202235216098402));
#2434=CARTESIAN_POINT('',(-0.00371498297396226,0.0606227874358441,0.0731423262487426));
#2435=CARTESIAN_POINT('',(-0.00390287053920734,0.0606522379091113,0.0574597436496962));
#2436=CARTESIAN_POINT('',(-0.0156359968726193,0.0623995726554443,0.0342459230146789));
#2437=CARTESIAN_POINT('',(-0.0391177128237531,0.0372029465323213,0.00532571491877785));
#2438=CARTESIAN_POINT('',(-0.0236337586308813,0.0120694609065707,0.0077294900347323));
#2439=CARTESIAN_POINT('',(-0.0179953411570574,0.00643104343274684,0.00214608661704783));
#2440=CARTESIAN_POINT('',(-0.00301587608649703,0.0603298186856298,0.0731432126678453));
#2441=CARTESIAN_POINT('',(-0.00320901469851926,0.0603573495494483,0.0574834972145646));
#2442=CARTESIAN_POINT('',(-0.0152667695204304,0.0619873008195065,0.034302672013615));
#2443=CARTESIAN_POINT('',(-0.0383705797738242,0.0373347167748293,0.00554766991957095));
#2444=CARTESIAN_POINT('',(-0.0232250533489054,0.0121751786361532,0.00791699233959351));
#2445=CARTESIAN_POINT('',(-0.0176259955504198,0.00657612083766758,0.00237256456477746));
#2446=CARTESIAN_POINT('',(-0.0026603614366547,0.0602077747123009,0.0731434181800303));
#2447=CARTESIAN_POINT('',(-0.00285614330018025,0.0602341181573905,0.057488995008112));
#2448=CARTESIAN_POINT('',(-0.0150773278537333,0.06179120387109,0.0343147700816335));
#2449=CARTESIAN_POINT('',(-0.0379970468384427,0.037394820639583,0.00564576650919917));
#2450=CARTESIAN_POINT('',(-0.0230105257467896,0.0122445508974644,0.00799829882640443));
#2451=CARTESIAN_POINT('',(-0.0174331557190573,0.00666718086973217,0.00247534721469772));
#2452=CARTESIAN_POINT('',(-0.00194661271001216,0.0600120730473098,0.0731433682731942));
#2453=CARTESIAN_POINT('',(-0.0021476170763182,0.0600356684199863,0.0574876109004483));
#2454=CARTESIAN_POINT('',(-0.0146917333354401,0.0614237264461581,0.0343061961751231));
#2455=CARTESIAN_POINT('',(-0.0372569511973504,0.0374965757410309,0.00582316109066345));
#2456=CARTESIAN_POINT('',(-0.0225636642565218,0.0124236061348892,0.00812847770314152));
#2457=CARTESIAN_POINT('',(-0.0170328950501714,0.00689283692853882,0.00265167222846316));
#2458=CARTESIAN_POINT('',(-0.0015883940943361,0.0599384096682771,0.0731431167618044));
#2459=CARTESIAN_POINT('',(-0.00179197720807374,0.0599604460089824,0.0574808314538926));
#2460=CARTESIAN_POINT('',(-0.0144955651551292,0.0612524420984074,0.0342854927480199));
#2461=CARTESIAN_POINT('',(-0.0368906808333766,0.0375381867049247,0.005902398416436));
#2462=CARTESIAN_POINT('',(-0.0223311735642582,0.0125332964040041,0.00817731434854184));
#2463=CARTESIAN_POINT('',(-0.0168253794457246,0.00702750228547048,0.00272524027967381));
#2464=CARTESIAN_POINT('',(-0.000878008672678194,0.059836944243197,0.0731421562897563));
#2465=CARTESIAN_POINT('',(-0.00108660795477542,0.0598556126283139,0.0574549709658543));
#2466=CARTESIAN_POINT('',(-0.0141004184962002,0.0609398020887257,0.0342096772752908));
#2467=CARTESIAN_POINT('',(-0.0361706166644999,0.0375956823918733,0.00605209152459196));
#2468=CARTESIAN_POINT('',(-0.021854964567305,0.0128005527158209,0.00822948677164166));
#2469=CARTESIAN_POINT('',(-0.0164019418038638,0.00734752995237978,0.00282966916759679));
#2470=CARTESIAN_POINT('',(-0.000525854489829981,0.0598091328746068,0.0731414473273031));
#2471=CARTESIAN_POINT('',(-0.000736891087150595,0.0598259931763515,0.0574358898306696));
#2472=CARTESIAN_POINT('',(-0.0139014459838024,0.0607984897165453,0.0341545595229081));
#2473=CARTESIAN_POINT('',(-0.0358168312812205,0.0376114954080822,0.00612256986313871));
#2474=CARTESIAN_POINT('',(-0.0216111314359206,0.0129582469423814,0.00823280906056722));
#2475=CARTESIAN_POINT('',(-0.0161859049397552,0.00753302044621601,0.00286051651553518));
#2476=CARTESIAN_POINT('',(0.000236513397523975,0.0597935786380356,0.0731393710389993));
#2477=CARTESIAN_POINT('',(2.02721127209852E-5,0.0598063199275421,0.0573799939511325));
#2478=CARTESIAN_POINT('',(-0.0134661788252488,0.0605241022376395,0.0339912752389318));
#2479=CARTESIAN_POINT('',(-0.0350490197810802,0.0376115155591655,0.00628403359572521));
#2480=CARTESIAN_POINT('',(-0.0210761575132523,0.0133653773503372,0.00816951098798848));
#2481=CARTESIAN_POINT('',(-0.0157148527744432,0.00800407261152799,0.00286051651553518));
#2482=CARTESIAN_POINT('',(0.000638682199553828,0.0598152200294219,0.0731380514837651));
#2483=CARTESIAN_POINT('',(0.000419940344079403,0.0598255836722915,0.0573444941078276));
#2484=CARTESIAN_POINT('',(-0.01322121865816,0.0603961879276739,0.0338903851905557));
#2485=CARTESIAN_POINT('',(-0.0346614184124791,0.0375955719976517,0.00634740308769454));
#2486=CARTESIAN_POINT('',(-0.0207563507832772,0.0136135888018104,0.00813406262641063));
#2487=CARTESIAN_POINT('',(-0.015430843683719,0.0082880817022522,0.00286051651553518));
#2488=CARTESIAN_POINT('',(0.00141382829723845,0.0599076050621359,0.073135115785683));
#2489=CARTESIAN_POINT('',(0.0011905821065629,0.0599130900952106,0.0572655704990513));
#2490=CARTESIAN_POINT('',(-0.0127293730145153,0.0601814681081397,0.0336726283588772));
#2491=CARTESIAN_POINT('',(-0.0339494250375559,0.0375361078834251,0.00643148465063131));
#2492=CARTESIAN_POINT('',(-0.0200764464189273,0.0141488662094625,0.00806245471088611));
#2493=CARTESIAN_POINT('',(-0.014823252797718,0.0088956725882532,0.00286051651553518));
#2494=CARTESIAN_POINT('',(0.00178686235592182,0.0599783576738522,0.0731334996456446));
#2495=CARTESIAN_POINT('',(0.00156163614048564,0.0599813389779769,0.0572221468824457));
#2496=CARTESIAN_POINT('',(-0.0124809427975423,0.0600944969486575,0.0335557710509606));
#2497=CARTESIAN_POINT('',(-0.0336262648857093,0.0374923474195077,0.00645228915779586));
#2498=CARTESIAN_POINT('',(-0.019716444118139,0.0144360274992278,0.0080263895603557));
#2499=CARTESIAN_POINT('',(-0.0144996710024412,0.00921925438353,0.00286051651553518));
#2500=CARTESIAN_POINT('',(0.00286665046455392,0.0602537816186081,0.073128309074328));
#2501=CARTESIAN_POINT('',(0.00263617233795446,0.0602490031738483,0.0570827102914949));
#2502=CARTESIAN_POINT('',(-0.0117318213956324,0.0598808373200079,0.0331837270017304));
#2503=CARTESIAN_POINT('',(-0.0327297714131878,0.0373327020558097,0.00646041676891469));
#2504=CARTESIAN_POINT('',(-0.0185958934110218,0.0153369520249202,0.00791764791629741));
#2505=CARTESIAN_POINT('',(-0.0134889333860364,0.0102299919999348,0.00286051651553518));
#2506=CARTESIAN_POINT('',(0.00353455353794813,0.0605199763948327,0.0731243595975793));
#2507=CARTESIAN_POINT('',(0.00330148934981983,0.0605097083093741,0.0569766762328051));
#2508=CARTESIAN_POINT('',(-0.0112269860747385,0.0598007038025933,0.0329082156952482));
#2509=CARTESIAN_POINT('',(-0.0322298286587943,0.0371882940319069,0.00639521886266032));
#2510=CARTESIAN_POINT('',(-0.0177946219783277,0.015989976695631,0.00784424775735558));
#2511=CARTESIAN_POINT('',(-0.0127617853343339,0.0109571400516373,0.00286051651553518));
#2512=CARTESIAN_POINT('',(0.00479160271102826,0.0612057905298675,0.0731153745648584));
#2513=CARTESIAN_POINT('',(0.00455446804574684,0.0611832052483609,0.0567355435074297));
#2514=CARTESIAN_POINT('',(-0.0102268137543301,0.0597092959520714,0.032292812354095));
#2515=CARTESIAN_POINT('',(-0.0313025466644189,0.0369024656402529,0.00612979461471023));
#2516=CARTESIAN_POINT('',(-0.0161846579837435,0.0172953173242064,0.00769342217989738));
#2517=CARTESIAN_POINT('',(-0.0113041330227542,0.012414792363217,0.00286051651553518));
#2518=CARTESIAN_POINT('',(0.00538185418419154,0.061626000875661,0.0731103206636954));
#2519=CARTESIAN_POINT('',(0.0051432028283362,0.0615965741906874,0.0565999558140926));
#2520=CARTESIAN_POINT('',(-0.00973239185091237,0.0596977444276041,0.0319520708171043));
#2521=CARTESIAN_POINT('',(-0.0308715668024993,0.036762325893091,0.00592811346706945));
#2522=CARTESIAN_POINT('',(-0.0153755323935729,0.0179472002537903,0.00761556795815861));
#2523=CARTESIAN_POINT('',(-0.0105736287628769,0.0131452966230943,0.00286051651553518));
#2524=CARTESIAN_POINT('',(0.00648382220323273,0.0626546732538342,0.0730988600675913));
#2525=CARTESIAN_POINT('',(0.00624247447484444,0.0626093072077685,0.0562926014663263));
#2526=CARTESIAN_POINT('',(-0.00880069566597968,0.0597206999121315,0.0311932576971719));
#2527=CARTESIAN_POINT('',(-0.0300230882320935,0.0365543717046255,0.00535219010687789));
#2528=CARTESIAN_POINT('',(-0.013850938754751,0.01914475659078,0.00745364475920813));
#2529=CARTESIAN_POINT('',(-0.00921255377497106,0.0145063716110001,0.00286051651553518));
#2530=CARTESIAN_POINT('',(0.0069967536429867,0.0632641635277663,0.073092413117561));
#2531=CARTESIAN_POINT('',(0.00675426084221957,0.0632096450331402,0.0561197524055844));
#2532=CARTESIAN_POINT('',(-0.00836001191896054,0.0597528134069234,0.0307721778743355));
#2533=CARTESIAN_POINT('',(-0.0295982709041538,0.0364885434229391,0.00497933866165936));
#2534=CARTESIAN_POINT('',(-0.0131349971081721,0.0196899564002582,0.00736910680496513));
#2535=CARTESIAN_POINT('',(-0.00858198304694256,0.0151369423390286,0.00286051651553519));
#2536=CARTESIAN_POINT('',(0.00778816888883975,0.0645725567267687,0.0730792052623854));
#2537=CARTESIAN_POINT('',(0.00754398510702472,0.0644990968956218,0.0557657752884645));
#2538=CARTESIAN_POINT('',(-0.00767493396508863,0.0598666321773585,0.0299262928081764));
#2539=CARTESIAN_POINT('',(-0.0288251756782428,0.0365030396539037,0.00405310872659173));
#2540=CARTESIAN_POINT('',(-0.0120263448896657,0.0204707100519932,0.00720675717522736));
#2541=CARTESIAN_POINT('',(-0.00763728011182184,0.0160816452741494,0.00286051651553519));
#2542=CARTESIAN_POINT('',(0.00809332196927701,0.0652315576122153,0.073072401339964));
#2543=CARTESIAN_POINT('',(0.0078482845299249,0.0651492168801868,0.0555833282784463));
#2544=CARTESIAN_POINT('',(-0.00742322344659024,0.0599654000275643,0.0294784480166727));
#2545=CARTESIAN_POINT('',(-0.0284536208658542,0.0365109626934932,0.00361770368353587));
#2546=CARTESIAN_POINT('',(-0.0116315838091117,0.020822692096821,0.00701287931505754));
#2547=CARTESIAN_POINT('',(-0.0073212839478472,0.0165123922355565,0.00274463506241838));
#2548=CARTESIAN_POINT('',(0.00842273420022542,0.0663055571748475,0.0730617777888065));
#2549=CARTESIAN_POINT('',(0.008176854832635,0.0662099137659006,0.0552984611678165));
#2550=CARTESIAN_POINT('',(-0.00714630387982026,0.0601999685075362,0.0287794095323372));
#2551=CARTESIAN_POINT('',(-0.0279906673943913,0.0365277832321678,0.00285810480390733));
#2552=CARTESIAN_POINT('',(-0.0111696356081447,0.0213101455624445,0.00663035540361631));
#2553=CARTESIAN_POINT('',(-0.00697786509969634,0.0171183750539961,0.00247948401254368));
#2554=CARTESIAN_POINT('',(0.00851095741329649,0.0666776496874836,0.0730581705422667));
#2555=CARTESIAN_POINT('',(0.00826488016681792,0.0665775828147088,0.0552017343601231));
#2556=CARTESIAN_POINT('',(-0.00707035798936889,0.0602928854993208,0.0285420612780242));
#2557=CARTESIAN_POINT('',(-0.027852100384046,0.0365343685798986,0.00258527546401214));
#2558=CARTESIAN_POINT('',(-0.0110367314846542,0.0214662451214171,0.00648737653474216));
#2559=CARTESIAN_POINT('',(-0.00688468087661119,0.017314194513374,0.00237583749688798));
#2560=CARTESIAN_POINT('',(0.00863875299697519,0.0674390891967686,0.0730509579011601));
#2561=CARTESIAN_POINT('',(0.00839257009444615,0.0673304102400371,0.0550083400334054));
#2562=CARTESIAN_POINT('',(-0.0069489060588707,0.0605106654625029,0.0280686036834681));
#2563=CARTESIAN_POINT('',(-0.0276305895679759,0.0365431457392143,0.00200490937325941));
#2564=CARTESIAN_POINT('',(-0.0108110816030707,0.0217655095752571,0.00617970376898841));
#2565=CARTESIAN_POINT('',(-0.00673655152355245,0.0176909794957389,0.00214492889163048));
#2566=CARTESIAN_POINT('',(0.00867832536752938,0.0678284361934709,0.0730473525066464));
#2567=CARTESIAN_POINT('',(0.00843223468509373,0.0677155686193548,0.0549116725171512));
#2568=CARTESIAN_POINT('',(-0.00690340019040364,0.0606355286054804,0.0278324945131307));
#2569=CARTESIAN_POINT('',(-0.0275476454616953,0.0365453372502435,0.0016973723247786));
#2570=CARTESIAN_POINT('',(-0.0107183363297163,0.0219086749548631,0.00601501035211765));
#2571=CARTESIAN_POINT('',(-0.00668160639357885,0.0178719450187258,0.00201766680202869));
#2572=CARTESIAN_POINT('',(0.00870333014936053,0.0686134538402237,0.0730402775493594));
#2573=CARTESIAN_POINT('',(0.00845783847127681,0.0684926573066847,0.0547219983829148));
#2574=CARTESIAN_POINT('',(-0.00684055386640318,0.0609196988294759,0.0273714317606714));
#2575=CARTESIAN_POINT('',(-0.0274614898120481,0.0365389639776231,0.00105213073244574));
#2576=CARTESIAN_POINT('',(-0.0105710250009646,0.0221819259524949,0.005673154774359));
#2577=CARTESIAN_POINT('',(-0.0066056168672578,0.0182165178187881,0.00174643713966122));
#2578=CARTESIAN_POINT('',(0.00868916375435835,0.0690089088122553,0.073036800833247));
#2579=CARTESIAN_POINT('',(0.00844417742454644,0.0688843856543305,0.0546287931698619));
#2580=CARTESIAN_POINT('',(-0.00682290432807062,0.0610796515774489,0.0271451722071991));
#2581=CARTESIAN_POINT('',(-0.027458463620644,0.0365299252002408,0.000715526853657078));
#2582=CARTESIAN_POINT('',(-0.0105166373256464,0.0223123759245408,0.00549565302307045));
#2583=CARTESIAN_POINT('',(-0.00658468158359831,0.0183804201824926,0.00160206138494603));
#2584=CARTESIAN_POINT('',(0.00860723902877666,0.0697934940668054,0.0730300802817271));
#2585=CARTESIAN_POINT('',(0.0083637053014522,0.069662081548358,0.054448631182928));
#2586=CARTESIAN_POINT('',(-0.00681353238234837,0.0614286306780766,0.0267084220644382));
#2587=CARTESIAN_POINT('',(-0.0275404939522356,0.036492124653024,4.6235617978327E-5));
#2588=CARTESIAN_POINT('',(-0.0104471059797425,0.0225630479745834,0.00513351394129999));
#2589=CARTESIAN_POINT('',(-0.00657469063402307,0.018690632628864,0.00129888176367935));
#2590=CARTESIAN_POINT('',(0.00853948538469831,0.0701825898350642,0.0730268294185064));
#2591=CARTESIAN_POINT('',(0.00829690000676373,0.0700480109057183,0.0543614839605578));
#2592=CARTESIAN_POINT('',(-0.00682173496120228,0.0616173903375398,0.0264972281228707));
#2593=CARTESIAN_POINT('',(-0.0276250739433461,0.0364629439789968,-0.000283910857855519));
#2594=CARTESIAN_POINT('',(-0.0104320962692997,0.0226834408563444,0.00494898023493056));
#2595=CARTESIAN_POINT('',(-0.00658563225122907,0.0188369768382738,0.00114004617777732));
#2596=CARTESIAN_POINT('',(0.00835376807370921,0.070942633553905,0.0730205660792651));
#2597=CARTESIAN_POINT('',(0.00811344098763747,0.0708023573978986,0.0541935587161511));
#2598=CARTESIAN_POINT('',(-0.00686569300779503,0.0620166997363536,0.0260877087014625));
#2599=CARTESIAN_POINT('',(-0.0278662947437943,0.036383383171677,-0.00090988060971311));
#2600=CARTESIAN_POINT('',(-0.0104418657027939,0.022913751527791,0.0045753488792089));
#2601=CARTESIAN_POINT('',(-0.00663898571082732,0.0191108715358244,0.000809573598686784));
#2602=CARTESIAN_POINT('',(0.00823547340800674,0.0713132754611975,0.0730175475008695));
#2603=CARTESIAN_POINT('',(0.00799645434059612,0.0711704726292155,0.054112619422822));
#2604=CARTESIAN_POINT('',(-0.00690189820603652,0.0622272032775844,0.0258892782270335));
#2605=CARTESIAN_POINT('',(-0.0280225780891945,0.0363325886992003,-0.00120406804713186));
#2606=CARTESIAN_POINT('',(-0.0104665364552376,0.0230240300539329,0.0043861997813003));
#2607=CARTESIAN_POINT('',(-0.00668122159155211,0.0192387151902474,0.000637818246050133));
#2608=CARTESIAN_POINT('',(0.00795610445218699,0.0720265803663411,0.0730117852177533));
#2609=CARTESIAN_POINT('',(0.00771991109120415,0.0718793475783621,0.0539580884028804));
#2610=CARTESIAN_POINT('',(-0.00700392579318398,0.0626594530859427,0.0255077037819713));
#2611=CARTESIAN_POINT('',(-0.028382787007927,0.0362158981538811,-0.00174701177200361));
#2612=CARTESIAN_POINT('',(-0.0105565105299706,0.0232300843665742,0.00400379504112607));
#2613=CARTESIAN_POINT('',(-0.00679892355667035,0.019472497393274,0.000282870855151808));
#2614=CARTESIAN_POINT('',(0.00779503016143753,0.0723692433648247,0.0730090415136588));
#2615=CARTESIAN_POINT('',(0.007560354455775,0.0722201073292705,0.0538844967090238));
#2616=CARTESIAN_POINT('',(-0.00706975021073669,0.062881201381717,0.0253245618201914));
#2617=CARTESIAN_POINT('',(-0.0285867090276844,0.0361499985274637,-0.00199577157835917));
#2618=CARTESIAN_POINT('',(-0.0106218195834895,0.0233258658843032,0.00381054507417045));
#2619=CARTESIAN_POINT('',(-0.0068743896410638,0.0195784359418775,9.9678816890133E-5));
#2620=CARTESIAN_POINT('',(0.0074287811423186,0.073034468852968,0.0730037414450312));
#2621=CARTESIAN_POINT('',(0.00719728428473516,0.0728820444807343,0.0537423070387591));
#2622=CARTESIAN_POINT('',(-0.00723645036000001,0.0633371902287602,0.0249669871198361));
#2623=CARTESIAN_POINT('',(-0.0290299092305288,0.036006359045397,-0.00245171595336132));
#2624=CARTESIAN_POINT('',(-0.0107986322243334,0.0235026785251472,0.00341016598042959));
#2625=CARTESIAN_POINT('',(-0.00706557777086866,0.0197696240716824,-0.000286465049578518));
#2626=CARTESIAN_POINT('',(0.00721707998797688,0.0733645731280006,0.0730011884249055));
#2627=CARTESIAN_POINT('',(0.00698733648338092,0.0732107077554876,0.0536738168310192));
#2628=CARTESIAN_POINT('',(-0.00733808496384225,0.0635754453676664,0.0247949734194154));
#2629=CARTESIAN_POINT('',(-0.0292835343787389,0.0359320120263951,-0.00267682088568649));
#2630=CARTESIAN_POINT('',(-0.0109059553419225,0.0235758288178991,0.00321651902841872));
#2631=CARTESIAN_POINT('',(-0.00717668677015311,0.0198465602461296,-0.000476363058753096));
#2632=CARTESIAN_POINT('',(0.00675016230487501,0.0739942259557753,0.072996529093117));
#2633=CARTESIAN_POINT('',(0.00652422852199259,0.0738379384815546,0.0535488271376734));
#2634=CARTESIAN_POINT('',(-0.00756581804001527,0.0640503968757944,0.0244818568666324));
#2635=CARTESIAN_POINT('',(-0.0298321628689737,0.0357818057864015,-0.00310169676387803));
#2636=CARTESIAN_POINT('',(-0.0111459958655115,0.0236927176374287,0.00285286850411623));
#2637=CARTESIAN_POINT('',(-0.00741779186528907,0.0199645136372062,-0.000838959398536383));
#2638=CARTESIAN_POINT('',(0.00649495530163858,0.0742937591418219,0.0729944143642964));
#2639=CARTESIAN_POINT('',(0.00627107056366971,0.0741364960689377,0.0534921010470754));
#2640=CARTESIAN_POINT('',(-0.00769236519239848,0.0642874238040066,0.0243400905654439));
#2641=CARTESIAN_POINT('',(-0.0301264935797169,0.0357059543519438,-0.00330116050774595));
#2642=CARTESIAN_POINT('',(-0.011278754729556,0.0237364819086136,0.0026827970672176));
#2643=CARTESIAN_POINT('',(-0.00754782941918523,0.0200055565982429,-0.00101172559375209));
#2644=CARTESIAN_POINT('',(0.00567319845632587,0.0751356040715931,0.0729887820414496));
#2645=CARTESIAN_POINT('',(0.00545584776586603,0.0749762303382498,0.0533410159135877));
#2646=CARTESIAN_POINT('',(-0.00810380455905722,0.0649932195393062,0.0239621924685854));
#2647=CARTESIAN_POINT('',(-0.0310592428231643,0.0354768626683048,-0.00386148518589585));
#2648=CARTESIAN_POINT('',(-0.0117092611684802,0.0238287053463417,0.00220586217748557));
#2649=CARTESIAN_POINT('',(-0.00796141015174691,0.0200808543296085,-0.00150542104567902));
#2650=CARTESIAN_POINT('',(0.00505002381127632,0.0756201613738094,0.07298596388098));
#2651=CARTESIAN_POINT('',(0.00483756232936375,0.0754604918595446,0.0532654259094126));
#2652=CARTESIAN_POINT('',(-0.00841989724863612,0.0654571587779711,0.0237737849126116));
#2653=CARTESIAN_POINT('',(-0.0317480608983182,0.0353212728216987,-0.00418406421864103));
#2654=CARTESIAN_POINT('',(-0.0120385938413001,0.0238394625714455,0.00193116092155309));
#2655=CARTESIAN_POINT('',(-0.00826790536483819,0.0200687740949836,-0.00180273693617737));
#2656=CARTESIAN_POINT('',(0.00405099546857725,0.0762038158781542,0.0729831998101091));
#2657=CARTESIAN_POINT('',(0.00384616386506372,0.0760454817246643,0.0531912947564052));
#2658=CARTESIAN_POINT('',(-0.0089396617775262,0.0661221893332904,0.0235897909406946));
#2659=CARTESIAN_POINT('',(-0.0328351482540216,0.0350993187312455,-0.00459302681057159));
#2660=CARTESIAN_POINT('',(-0.0125928556620821,0.0237743446985252,0.00158248079137496));
#2661=CARTESIAN_POINT('',(-0.00877389945478736,0.0199553884912304,-0.00219921384879439));
#2662=CARTESIAN_POINT('',(0.00370741989968976,0.0763747422053798,0.0729825269221317));
#2663=CARTESIAN_POINT('',(0.00350517241280329,0.0762171525813352,0.0531732481291738));
#2664=CARTESIAN_POINT('',(-0.00912091590321412,0.0663391397622774,0.0235449380803069));
#2665=CARTESIAN_POINT('',(-0.0332077502450439,0.0350271786126809,-0.00471731540992416));
#2666=CARTESIAN_POINT('',(-0.0127878713967816,0.0237387321750547,0.00147700445184223));
#2667=CARTESIAN_POINT('',(-0.00895047717317546,0.0199013379514486,-0.00232294830485821));
#2668=CARTESIAN_POINT('',(0.00300831286635842,0.0766677111014602,0.0729816617704184));
#2669=CARTESIAN_POINT('',(0.00281130893995839,0.076512048573155,0.0531500561162989));
#2670=CARTESIAN_POINT('',(-0.00949061132147517,0.0667518796642876,0.0234885042403175));
#2671=CARTESIAN_POINT('',(-0.0339540633849467,0.0348945884601469,-0.0049400588413416));
#2672=CARTESIAN_POINT('',(-0.0131978990352268,0.0236343368019416,0.00129081160121433));
#2673=CARTESIAN_POINT('',(-0.00931982277981311,0.0197562605465279,-0.00254942625258782));
#2674=CARTESIAN_POINT('',(0.00265279815515799,0.0767897551361472,0.072981469378629));
#2675=CARTESIAN_POINT('',(0.0024584343311786,0.0766352831756537,0.0531449040186706));
#2676=CARTESIAN_POINT('',(-0.00968024987857053,0.0669481735031023,0.0234765094276757));
#2677=CARTESIAN_POINT('',(-0.0343272514279697,0.0348341397030347,-0.00503848244157248));
#2678=CARTESIAN_POINT('',(-0.0134129828820856,0.0235655207853733,0.00121005593186471));
#2679=CARTESIAN_POINT('',(-0.0095126626111756,0.0196652005144633,-0.00265220890250809));
#2680=CARTESIAN_POINT('',(0.00193904934008588,0.0769854568895678,0.0729815486237263));
#2681=CARTESIAN_POINT('',(0.00174990348041399,0.0768337375399604,0.0531470598699132));
#2682=CARTESIAN_POINT('',(-0.0100661281562462,0.0673159346874167,0.023485158905955));
#2683=CARTESIAN_POINT('',(-0.0350668500085475,0.0347318875410723,-0.00521633671966949));
#2684=CARTESIAN_POINT('',(-0.0138606460349334,0.0233872672105285,0.00108067089588348));
#2685=CARTESIAN_POINT('',(-0.00991292328006154,0.0194395444556566,-0.00282853391627354));
#2686=CARTESIAN_POINT('',(0.00158083069598715,0.0770591202970232,0.0729818165349912));
#2687=CARTESIAN_POINT('',(0.00139426212500787,0.076908961438126,0.053154270172637));
#2688=CARTESIAN_POINT('',(-0.0102623875414343,0.0674873102400446,0.023505837674235));
#2689=CARTESIAN_POINT('',(-0.0354329606091935,0.0346901168138507,-0.00529571405170966));
#2690=CARTESIAN_POINT('',(-0.0140933943945792,0.0232778346087958,0.00103208940380394));
#2691=CARTESIAN_POINT('',(-0.0101204388845083,0.019304879098725,-0.00290210196748418));
#2692=CARTESIAN_POINT('',(0.000870445256583921,0.0771605857398487,0.0729828117221948));
#2693=CARTESIAN_POINT('',(0.000688891943220098,0.0770137957472839,0.0531810415982009));
#2694=CARTESIAN_POINT('',(-0.0106575911429054,0.0678000071922685,0.0235814658630559));
#2695=CARTESIAN_POINT('',(-0.0361529250319789,0.0346325213808108,-0.00544546736409991));
#2696=CARTESIAN_POINT('',(-0.0145697642627074,0.023010739168154,0.000980076282258511));
#2697=CARTESIAN_POINT('',(-0.0105438765263691,0.0189848514318156,-0.00300653085540716));
#2698=CARTESIAN_POINT('',(0.00051829108321607,0.0771883970989586,0.0729835390011136));
#2699=CARTESIAN_POINT('',(0.000339175571637108,0.0770434147032045,0.0532006028767624));
#2700=CARTESIAN_POINT('',(-0.0108565332339736,0.0679412891431193,0.0236364247938827));
#2701=CARTESIAN_POINT('',(-0.0365067637042161,0.0346167616535595,-0.00551587256324414));
#2702=CARTESIAN_POINT('',(-0.0148135114492981,0.0228529589967998,0.00097666888710294));
#2703=CARTESIAN_POINT('',(-0.0107599133904778,0.0187993609379794,-0.00303737820334556));
#2704=CARTESIAN_POINT('',(-0.000244076758129636,0.0772039512895215,0.072985656176359));
#2705=CARTESIAN_POINT('',(-0.000417985220943564,0.077063085544723,0.0532575699146018));
#2706=CARTESIAN_POINT('',(-0.0112916527578253,0.068215528987323,0.023799275426785));
#2707=CARTESIAN_POINT('',(-0.0372748338156499,0.0346170001137698,-0.00567703470865509));
#2708=CARTESIAN_POINT('',(-0.0153480682819124,0.02244541149879,0.00103955393917657));
#2709=CARTESIAN_POINT('',(-0.0112309655557897,0.0183283087726674,-0.00303737820334556));
#2710=CARTESIAN_POINT('',(-0.000646245489660208,0.0771823098276358,0.0729869989862352));
#2711=CARTESIAN_POINT('',(-0.000817649763565322,0.0770438181112369,0.0532936778386771));
#2712=CARTESIAN_POINT('',(-0.0115363867015116,0.0683432170738862,0.023899777658286));
#2713=CARTESIAN_POINT('',(-0.0376628314591506,0.0346333399501833,-0.00573998586552407));
#2714=CARTESIAN_POINT('',(-0.0156672358970328,0.0221965609324621,0.00107436942174525));
#2715=CARTESIAN_POINT('',(-0.011514974646514,0.0180442996819433,-0.00303737820334556));
#2716=CARTESIAN_POINT('',(-0.00142139137078214,0.0770899245783592,0.0729899819059684));
#2717=CARTESIAN_POINT('',(-0.0015882801948332,0.0769563003571022,0.0533738343396702));
#2718=CARTESIAN_POINT('',(-0.0120275374226457,0.0685572419709098,0.024116513218114));
#2719=CARTESIAN_POINT('',(-0.0383760421278868,0.0346940213582229,-0.0058228092834573));
#2720=CARTESIAN_POINT('',(-0.0163451770016375,0.0216593202650647,0.00114403323305577));
#2721=CARTESIAN_POINT('',(-0.012122565532515,0.0174367087959423,-0.00303737820334556));
#2722=CARTESIAN_POINT('',(-0.00179442528595232,0.0770191718231297,0.0729916220155412));
#2723=CARTESIAN_POINT('',(-0.00195932671971017,0.0768880439652901,0.0534178828998534));
#2724=CARTESIAN_POINT('',(-0.0122755071237196,0.068643752614493,0.0242327451744206));
#2725=CARTESIAN_POINT('',(-0.0387000089641424,0.0347385885065493,-0.00584278817536126));
#2726=CARTESIAN_POINT('',(-0.0167038782763216,0.0213708579491952,0.00117881005159753));
#2727=CARTESIAN_POINT('',(-0.0124461473277918,0.0171131270006654,-0.00303737820334556));
#2728=CARTESIAN_POINT('',(-0.00287421291529501,0.0767437473990845,0.0729968840321276));
#2729=CARTESIAN_POINT('',(-0.00303383783930509,0.0766203546915449,0.0535591809098743));
#2730=CARTESIAN_POINT('',(-0.0130230905459745,0.0688558742634876,0.0246027611780088));
#2731=CARTESIAN_POINT('',(-0.0395991965113127,0.0349009279448961,-0.00584816805426999));
#2732=CARTESIAN_POINT('',(-0.0178200839615126,0.0204655884015766,0.00128324906812147));
#2733=CARTESIAN_POINT('',(-0.0134568849441966,0.0161023893842606,-0.00303737820334556));
#2734=CARTESIAN_POINT('',(-0.00354211561705236,0.0764775522512229,0.0730008825232457));
#2735=CARTESIAN_POINT('',(-0.00369913540600472,0.0763596301108533,0.0536664908713251));
#2736=CARTESIAN_POINT('',(-0.0135267333307935,0.068934815244827,0.0248767447861487));
#2737=CARTESIAN_POINT('',(-0.0401012282278046,0.0350474249308973,-0.00578084667617983));
#2738=CARTESIAN_POINT('',(-0.0186179863019191,0.0198091946385783,0.00135331300701929));
#2739=CARTESIAN_POINT('',(-0.014184032995899,0.0153752413325582,-0.00303737820334556));
#2740=CARTESIAN_POINT('',(-0.00479916417877427,0.0757917375048299,0.0730099624270359));
#2741=CARTESIAN_POINT('',(-0.00495208211381667,0.0756861011837514,0.053910095994475));
#2742=CARTESIAN_POINT('',(-0.0145249438792266,0.0690242613233739,0.0254895349933934));
#2743=CARTESIAN_POINT('',(-0.0410319466526478,0.035336689753019,-0.00551191339868896));
#2744=CARTESIAN_POINT('',(-0.0202224079980605,0.0184983117115601,0.00149865036225715));
#2745=CARTESIAN_POINT('',(-0.0156416853074787,0.0139175890209784,-0.00303737820334556));
#2746=CARTESIAN_POINT('',(-0.00538941541215014,0.0753715269192489,0.0730150624518857));
#2747=CARTESIAN_POINT('',(-0.00554080435000173,0.0752727196950206,0.054046887183417));
#2748=CARTESIAN_POINT('',(-0.0150185963348564,0.0690350434000531,0.025829189009569));
#2749=CARTESIAN_POINT('',(-0.0414642743540998,0.0354781773397132,-0.0053088460289556));
#2750=CARTESIAN_POINT('',(-0.0210293597834616,0.0178442549772066,0.00157435198904598));
#2751=CARTESIAN_POINT('',(-0.0163721895673561,0.0131870847611011,-0.00303737820334556));
#2752=CARTESIAN_POINT('',(-0.00649138311768286,0.0743428542275673,0.0730265934024116));
#2753=CARTESIAN_POINT('',(-0.00664005959279726,0.0742599702742268,0.0543560786244271));
#2754=CARTESIAN_POINT('',(-0.015949286510407,0.0690110819061436,0.0265865096772714));
#2755=CARTESIAN_POINT('',(-0.0423145151483189,0.0356878937519922,-0.00473109909034519));
#2756=CARTESIAN_POINT('',(-0.0225511112957253,0.0166438565136587,0.00173346079207567));
#2757=CARTESIAN_POINT('',(-0.0177332645552619,0.0118260097731953,-0.00303737820334556));
#2758=CARTESIAN_POINT('',(-0.00700431447452154,0.07373336387072,0.0730330649850897));
#2759=CARTESIAN_POINT('',(-0.00715184162179341,0.0736596281104761,0.0545295715862369));
#2760=CARTESIAN_POINT('',(-0.0163897041926623,0.0689787023465878,0.0270071524669329));
#2761=CARTESIAN_POINT('',(-0.0427397985411595,0.0357541880985794,-0.00435775865555623));
#2762=CARTESIAN_POINT('',(-0.0232663012696607,0.0160979050315372,0.00181725440774746));
#2763=CARTESIAN_POINT('',(-0.0183638352832904,0.0111954390451668,-0.00303737820334556));
#2764=CARTESIAN_POINT('',(-0.00779572964085311,0.072424970592196,0.0730462705474937));
#2765=CARTESIAN_POINT('',(-0.00794156172579324,0.0723701720871892,0.0548834865155987));
#2766=CARTESIAN_POINT('',(-0.0170745269720336,0.0688646284016523,0.0278528003967786));
#2767=CARTESIAN_POINT('',(-0.0435133407555275,0.0357401388560719,-0.00343108855433387));
#2768=CARTESIAN_POINT('',(-0.0243742325821418,0.0153164304737767,0.00197889016534216));
#2769=CARTESIAN_POINT('',(-0.0193085382184111,0.0102507361100461,-0.00303737820334556));
#2770=CARTESIAN_POINT('',(-0.00810088272776626,0.0717659697132253,0.0730530555308283));
#2771=CARTESIAN_POINT('',(-0.00824586148753161,0.0717200524414623,0.0550654369750294));
#2772=CARTESIAN_POINT('',(-0.0173262582708517,0.0687658813317662,0.0283007988144873));
#2773=CARTESIAN_POINT('',(-0.0438848591670883,0.0357321794156545,-0.00299574061610539));
#2774=CARTESIAN_POINT('',(-0.0247690523701987,0.0149645071364519,0.00217282616020552));
#2775=CARTESIAN_POINT('',(-0.0196245343823858,0.00981998914863895,-0.00292149675022875));
#2776=CARTESIAN_POINT('',(-0.00843029498799304,0.0706919701798714,0.0730636229166356));
#2777=CARTESIAN_POINT('',(-0.00857443332217469,0.0706593570876815,0.0553488317862005));
#2778=CARTESIAN_POINT('',(-0.0176032717882402,0.0685314068024127,0.0290003249690086));
#2779=CARTESIAN_POINT('',(-0.0443476480655163,0.035715194303945,-0.00223636716746123));
#2780=CARTESIAN_POINT('',(-0.0252312659956763,0.014477319095339,0.00255561290640966));
#2781=CARTESIAN_POINT('',(-0.0199679532305366,0.00921400633019927,-0.00265634570035405));
#2782=CARTESIAN_POINT('',(-0.00851851821539197,0.0703198776815632,0.0730672068537227));
#2783=CARTESIAN_POINT('',(-0.00866245940603542,0.0702916887885512,0.055444947624052));
#2784=CARTESIAN_POINT('',(-0.0176792636550463,0.068438535786983,0.0292378825461138));
#2785=CARTESIAN_POINT('',(-0.0444861345392099,0.0357085284195626,-0.00196364350417427));
#2786=CARTESIAN_POINT('',(-0.0253643000092267,0.0143213494264263,0.00269872039800599));
#2787=CARTESIAN_POINT('',(-0.0200611374536217,0.00901818687082137,-0.00255269918469835));
#2788=CARTESIAN_POINT('',(-0.00864631384023752,0.0695584382134451,0.0730743670135667));
#2789=CARTESIAN_POINT('',(-0.00879015148763784,0.0695388635171971,0.0556369665815758));
#2790=CARTESIAN_POINT('',(-0.0178008476848004,0.0682208879230569,0.0297118397976943));
#2791=CARTESIAN_POINT('',(-0.0447074139573839,0.0356995198623507,-0.00138356493523823));
#2792=CARTESIAN_POINT('',(-0.0255903230909117,0.0140224581726878,0.00300676272254676));
#2793=CARTESIAN_POINT('',(-0.0202092668066805,0.00864140188845658,-0.00232179057944086));
#2794=CARTESIAN_POINT('',(-0.00868588623773586,0.069169091243687,0.0730779432363748));
#2795=CARTESIAN_POINT('',(-0.00882981748808502,0.0691537065476789,0.0557328697039272));
#2796=CARTESIAN_POINT('',(-0.0178464400136715,0.0680961112404833,0.0299482396364739));
#2797=CARTESIAN_POINT('',(-0.0447902066112173,0.0356971768988743,-0.00107621031740024));
#2798=CARTESIAN_POINT('',(-0.0256833126278036,0.0138795370566192,0.0031716980196749));
#2799=CARTESIAN_POINT('',(-0.0202642119366541,0.0084604363654697,-0.00219452848983907));
#2800=CARTESIAN_POINT('',(-0.00871089109323521,0.0683840736706023,0.0730849573047315));
#2801=CARTESIAN_POINT('',(-0.00885542512881058,0.0683766217148915,0.0559209487998334));
#2802=CARTESIAN_POINT('',(-0.0179095227296372,0.0678121774084529,0.0304099645916664));
#2803=CARTESIAN_POINT('',(-0.0448759481737218,0.0357031360843521,-0.000431446535078796));
#2804=CARTESIAN_POINT('',(-0.0258312917991168,0.0136069539015489,0.0035142149238532));
#2805=CARTESIAN_POINT('',(-0.0203402014629751,0.00811586356540731,-0.0019232988274716));
#2806=CARTESIAN_POINT('',(-0.00869672474538449,0.0679886187457222,0.0730884028343607));
#2807=CARTESIAN_POINT('',(-0.00884176654918843,0.067984895834354,0.05601333729933));
#2808=CARTESIAN_POINT('',(-0.0179273235711583,0.0676523759636686,0.0306365933134064));
#2809=CARTESIAN_POINT('',(-0.0448787093277548,0.0357119098243633,-9.5139825408011E-5));
#2810=CARTESIAN_POINT('',(-0.0258861069285105,0.0134769313835786,0.00369213995854655));
#2811=CARTESIAN_POINT('',(-0.0203611367466347,0.00795196120170276,-0.0017789230727564));
#2812=CARTESIAN_POINT('',(-0.0086148001369976,0.0672040336083669,0.0730950621398048));
#2813=CARTESIAN_POINT('',(-0.00876130055808137,0.0672072060723137,0.056191896005818));
#2814=CARTESIAN_POINT('',(-0.0179370715803202,0.0673037729264804,0.0310741467784184));
#2815=CARTESIAN_POINT('',(-0.0447960202468907,0.0357490516223075,0.000573430880397341));
#2816=CARTESIAN_POINT('',(-0.0259567007097241,0.0132273217688457,0.00405533110944226));
#2817=CARTESIAN_POINT('',(-0.0203711276962098,0.00764174875533143,-0.00147574345148972));
#2818=CARTESIAN_POINT('',(-0.00854704656271537,0.0668149379099042,0.0730982829485198));
#2819=CARTESIAN_POINT('',(-0.00869449891533645,0.0668212803668969,0.0562782567883208));
#2820=CARTESIAN_POINT('',(-0.0179290929684147,0.0671152372339657,0.0312857740509648));
#2821=CARTESIAN_POINT('',(-0.0447110479335047,0.0357778399740591,0.000903155377469693));
#2822=CARTESIAN_POINT('',(-0.0259723431602025,0.0131075616271203,0.00424049138220085));
#2823=CARTESIAN_POINT('',(-0.0203601860790039,0.00749540454592164,-0.00131690786558769));
#2824=CARTESIAN_POINT('',(-0.00836132940706842,0.0660548943464055,0.0731044899779017));
#2825=CARTESIAN_POINT('',(-0.0085110480241824,0.0660669420026888,0.0564447092008552));
#2826=CARTESIAN_POINT('',(-0.0178856333953343,0.0667164263086643,0.0316961836100381));
#2827=CARTESIAN_POINT('',(-0.0444689539584027,0.0358565276067252,0.0015281977111599));
#2828=CARTESIAN_POINT('',(-0.0259639819887316,0.012878659217697,0.00461551725952902));
#2829=CARTESIAN_POINT('',(-0.0203068326194056,0.00722150984837097,-0.000986435286497157));
#2830=CARTESIAN_POINT('',(-0.00824303482662756,0.0656842525243748,0.0731074823263727));
#2831=CARTESIAN_POINT('',(-0.00839406583828721,0.065698831232518,0.0565249627617583));
#2832=CARTESIAN_POINT('',(-0.017849701790943,0.0665061963612836,0.0318950698067867));
#2833=CARTESIAN_POINT('',(-0.0443121913594223,0.0359068428256217,0.00182188132095037));
#2834=CARTESIAN_POINT('',(-0.0259400841797232,0.0127691536349904,0.00480543175926159));
#2835=CARTESIAN_POINT('',(-0.0202645967386809,0.00709366619394799,-0.000814679933860506));
#2836=CARTESIAN_POINT('',(-0.00796366604497651,0.0649709477933997,0.0731131970355386));
#2837=CARTESIAN_POINT('',(-0.00811753170192917,0.0649899653964054,0.0566782505541697));
#2838=CARTESIAN_POINT('',(-0.017748233089323,0.0660745054384528,0.0322775329933073));
#2839=CARTESIAN_POINT('',(-0.0439510034424786,0.0360225543727297,0.00236380252642972));
#2840=CARTESIAN_POINT('',(-0.0258516890399673,0.0125646782573262,0.00518940002873963));
#2841=CARTESIAN_POINT('',(-0.0201468947735626,0.00685988399092146,-0.000459732542962181));
#2842=CARTESIAN_POINT('',(-0.00780259184299469,0.0646282848836838,0.0731159193954694));
#2843=CARTESIAN_POINT('',(-0.00795797971109183,0.0646492102900889,0.0567512847456974));
#2844=CARTESIAN_POINT('',(-0.0176826935160016,0.0658530419869099,0.0324611075311458));
#2845=CARTESIAN_POINT('',(-0.0437465824618799,0.0360879550383059,0.00261204441716363));
#2846=CARTESIAN_POINT('',(-0.0257871847138885,0.0124697014670373,0.00538344687140726));
#2847=CARTESIAN_POINT('',(-0.0200714286891692,0.00675394544231792,-0.000276540504700507));
#2848=CARTESIAN_POINT('',(-0.00743634299474116,0.063963059566406,0.0731211817244448));
#2849=CARTESIAN_POINT('',(-0.00759491848024743,0.0639872820788206,0.0568924890285063));
#2850=CARTESIAN_POINT('',(-0.0175165416524002,0.0653976014255285,0.0328194913901785));
#2851=CARTESIAN_POINT('',(-0.0433024218285793,0.0362306340899164,0.00306699559446477));
#2852=CARTESIAN_POINT('',(-0.0256119210618199,0.0122944378149686,0.0057853598404353));
#2853=CARTESIAN_POINT('',(-0.0198802405593643,0.00656275731251305,0.000109603361768143));
#2854=CARTESIAN_POINT('',(-0.0074512579888871,0.0730063106837145,0.0722562665407548));
#2855=CARTESIAN_POINT('',(-0.00670913682082958,0.0742280659935547,0.0722592068495438));
#2856=CARTESIAN_POINT('',(-0.00523941369367533,0.0756814174330838,0.0722649392019122));
#2857=CARTESIAN_POINT('',(-0.00266116996490773,0.0768772480318534,0.0722713199972733));
#2858=CARTESIAN_POINT('',(-0.00107048558720568,0.077171780448029,0.0722736958855454));
#2859=CARTESIAN_POINT('',(-0.00017637668160522,0.0771882860904339,0.072275218578696));
#2860=CARTESIAN_POINT('',(-0.00745125798824209,0.0730063106831117,0.0722562666225859));
#2861=CARTESIAN_POINT('',(-0.000176376681605207,0.0771882860904339,0.072275218578696));
#2862=CARTESIAN_POINT('',(-3.01969168427067E-9,0.0771901356391607,0.0722753454522311));
#2863=CARTESIAN_POINT('',(-5.87950568683853E-5,0.0771896235063631,0.0722752474994827));
#2864=CARTESIAN_POINT('',(-0.000117587094045086,0.0771891113735655,0.0722751495467341));
#2865=CARTESIAN_POINT('',(-0.000176379131221787,0.0771885992407679,0.0722750515939857));
#2866=CARTESIAN_POINT('',(-0.00763360220071468,0.0642976212663703,0.07224992957114));
#2867=CARTESIAN_POINT('',(-0.00757656842054842,0.064194337662043,0.0722500886393516));
#2868=CARTESIAN_POINT('',(-0.00751743171186755,0.0640920843782571,0.0722501819759138));
#2869=CARTESIAN_POINT('',(-0.00745624657490124,0.0639909780117448,0.0722502105429202));
#2870=CARTESIAN_POINT('',(-0.00763360736702962,0.0642976184087365,0.0722499264765676));
#2871=CARTESIAN_POINT('',(-0.0076336074369749,0.0642976185334005,0.0722499264201474));
#2872=CARTESIAN_POINT('',(-0.00767689383489263,0.0643761119463761,0.0722498457482753));
#2873=CARTESIAN_POINT('',(-0.00773434579077271,0.0644841519302251,0.0722497459768034));
#2874=CARTESIAN_POINT('',(-0.00787528483424843,0.0647637583642448,0.0722495249615968));
#2875=CARTESIAN_POINT('',(-0.00803644129338568,0.0651195907239942,0.0722493208088167));
#2876=CARTESIAN_POINT('',(-0.00822049830328864,0.0655927156548125,0.0722491505318604));
#2877=CARTESIAN_POINT('',(-0.00838439307509487,0.0661022755684692,0.0722490667257874));
#2878=CARTESIAN_POINT('',(-0.00852285759738397,0.0666506619703398,0.0722490853367896));
#2879=CARTESIAN_POINT('',(-0.00862942755441251,0.0672337383928161,0.0722491967924275));
#2880=CARTESIAN_POINT('',(-0.00868655718415692,0.0677498485078503,0.0722493657447498));
#2881=CARTESIAN_POINT('',(-0.00870728324631546,0.0681173356123479,0.0722495240615675));
#2882=CARTESIAN_POINT('',(-0.00871316994418538,0.0683398778377039,0.0722496408700678));
#2883=CARTESIAN_POINT('',(-0.00871493669247557,0.0684817447934028,0.0722497270850995));
#2884=CARTESIAN_POINT('',(-0.0087122516420716,0.0687263367556073,0.0722498803287095));
#2885=CARTESIAN_POINT('',(-0.00870073442239449,0.0690117576012589,0.0722500399029945));
#2886=CARTESIAN_POINT('',(-0.0086627710593003,0.0695055828129242,0.0722502924478644));
#2887=CARTESIAN_POINT('',(-0.00856656987599774,0.0701404033180188,0.0722506454168945));
#2888=CARTESIAN_POINT('',(-0.00841028214670605,0.0708023162091785,0.072251246139392));
#2889=CARTESIAN_POINT('',(-0.00817450679838854,0.071547993432376,0.0722523063872843));
#2890=CARTESIAN_POINT('',(-0.00787611215740342,0.0722400682631023,0.0722540783633185));
#2891=CARTESIAN_POINT('',(-0.00769651186583562,0.0725773705397844,0.0722552452375859));
#2892=CARTESIAN_POINT('',(-0.0076285869509198,0.0727003280913632,0.0722555438285433));
#2893=CARTESIAN_POINT('',(-0.00762858695091979,0.0727003280913632,0.0722555438285433));
#2894=CARTESIAN_POINT('',(-0.00745126058818396,0.0730063122628899,0.0722562650210799));
#2895=CARTESIAN_POINT('',(-0.0075120254020357,0.0729060538317512,0.0722560145625709));
#2896=CARTESIAN_POINT('',(-0.00757107921464966,0.072804201272439,0.0722557745853903));
#2897=CARTESIAN_POINT('',(-0.00762857555481495,0.0727003217689445,0.0722555506860945));
#2898=CARTESIAN_POINT('',(0.00693210060004929,0.0656000004320348,0.07375));
#2899=CARTESIAN_POINT('',(0.00693086539177306,0.0656010823614639,0.06528802072662));
#2900=CARTESIAN_POINT('',(0.00908511589069012,0.0657945821038581,0.0535894120718439));
#2901=CARTESIAN_POINT('',(0.0150834031435576,0.062999778626468,0.0396550470637562));
#2902=CARTESIAN_POINT('',(0.0194426823039271,0.0600948899463292,0.0318596662976527));
#2903=CARTESIAN_POINT('',(0.0236448464349931,0.0566191558318467,0.0254501272837125));
#2904=CARTESIAN_POINT('',(0.0278396841427128,0.0525929053507519,0.0197419151956275));
#2905=CARTESIAN_POINT('',(0.0314976016121685,0.0480251901683713,0.0147276583063102));
#2906=CARTESIAN_POINT('',(0.0339393812004971,0.0433967745560323,0.0108682387289858));
#2907=CARTESIAN_POINT('',(0.0350786785031896,0.0392990230520359,0.00830961312365994));
#2908=CARTESIAN_POINT('',(0.0353357978976404,0.0356240447250561,0.00660889375100277));
#2909=CARTESIAN_POINT('',(0.0349419337381334,0.0321229638835983,0.00545941329468682));
#2910=CARTESIAN_POINT('',(0.0338080094662542,0.0284244145018087,0.00476697574077624));
#2911=CARTESIAN_POINT('',(0.0320496595791587,0.0246160892222328,0.00437611038811664));
#2912=CARTESIAN_POINT('',(0.0298303658709778,0.0208103568113457,0.00408897391291947));
#2913=CARTESIAN_POINT('',(0.0272979382750425,0.0170997402911652,0.00370439895823087));
#2914=CARTESIAN_POINT('',(0.0236957379986933,0.0124089307978157,0.00277004475592723));
#2915=CARTESIAN_POINT('',(0.0209356565372201,0.00934249120254156,0.00125188946589188));
#2916=CARTESIAN_POINT('',(0.0192691411174082,0.00767677323790267,-0.000398268428237998));
#2917=CARTESIAN_POINT('',(0.00646536012832677,0.0646333254851719,0.07375));
#2918=CARTESIAN_POINT('',(0.00646460927498449,0.06463497092245,0.0654140625093796));
#2919=CARTESIAN_POINT('',(0.00867383791079556,0.0649170271480826,0.0538812430151346));
#2920=CARTESIAN_POINT('',(0.014726963737102,0.0623637527406652,0.0400911640191603));
#2921=CARTESIAN_POINT('',(0.0191005042650585,0.0596408366628198,0.0323561328327256));
#2922=CARTESIAN_POINT('',(0.0232945376078464,0.0563434226118051,0.0259784949368684));
#2923=CARTESIAN_POINT('',(0.0274683026471073,0.0524945299129173,0.0202840298302028));
#2924=CARTESIAN_POINT('',(0.0311192429737787,0.0480612274717795,0.0152755428088998));
#2925=CARTESIAN_POINT('',(0.0335664137866626,0.0434828043946906,0.011422657089419));
#2926=CARTESIAN_POINT('',(0.034709393515631,0.0393725168841148,0.00886671259244808));
#2927=CARTESIAN_POINT('',(0.0349697247617238,0.0356589376915177,0.00716188377251893));
#2928=CARTESIAN_POINT('',(0.0345814216108814,0.0321026991808645,0.00600059837894617));
#2929=CARTESIAN_POINT('',(0.0334607049215332,0.0283363429746074,0.00528536445542752));
#2930=CARTESIAN_POINT('',(0.0317247986749424,0.0244686504807392,0.0048652135042634));
#2931=CARTESIAN_POINT('',(0.0295309628789788,0.0206116791729432,0.00454475787484522));
#2932=CARTESIAN_POINT('',(0.0270257808708707,0.0168647251800648,0.00412920412986401));
#2933=CARTESIAN_POINT('',(0.0234633875460865,0.0121486791540516,0.00316577741715183));
#2934=CARTESIAN_POINT('',(0.0207397913917068,0.00909079026609885,0.00164928941070652));
#2935=CARTESIAN_POINT('',(0.019091577905029,0.00744305717422718,1.70632401461309E-5));
#2936=CARTESIAN_POINT('',(0.00570040089821964,0.0635385166227252,0.07375));
#2937=CARTESIAN_POINT('',(0.00570005801424166,0.0635398245682614,0.0655548186523627));
#2938=CARTESIAN_POINT('',(0.00799355328780811,0.063905653310807,0.0542095521186385));
#2939=CARTESIAN_POINT('',(0.0141322652903066,0.0616138104960264,0.0405783572694017));
#2940=CARTESIAN_POINT('',(0.0185319576386159,0.059089505472957,0.0329118137466362));
#2941=CARTESIAN_POINT('',(0.0227218381042404,0.0559927459199498,0.026577324127157));
#2942=CARTESIAN_POINT('',(0.0268724681356376,0.0523444050758953,0.0209122714539861));
#2943=CARTESIAN_POINT('',(0.0305011441642814,0.0480570777910348,0.0159248301337808));
#2944=CARTESIAN_POINT('',(0.0329243117038712,0.0435420185757208,0.0120837898984802));
#2945=CARTESIAN_POINT('',(0.0340533644779774,0.0394412438409677,0.00952798731368776));
#2946=CARTESIAN_POINT('',(0.0343160007607345,0.0357095189569383,0.00781408150329373));
#2947=CARTESIAN_POINT('',(0.0339454362626966,0.0321124171345264,0.00663438425676482));
#2948=CARTESIAN_POINT('',(0.0328642555139244,0.0282812677082433,0.00588625131947332));
#2949=CARTESIAN_POINT('',(0.0311828505612915,0.024347632810026,0.00542120444115921));
#2950=CARTESIAN_POINT('',(0.0290438894095904,0.0204310110991793,0.00504804557652138));
#2951=CARTESIAN_POINT('',(0.0265858616968587,0.0166470273270711,0.00458747461236496));
#2952=CARTESIAN_POINT('',(0.0230773559952081,0.0119210960761605,0.0036007478398976));
#2953=CARTESIAN_POINT('',(0.0203958655917229,0.00888812943756694,0.00211550862129566));
#2954=CARTESIAN_POINT('',(0.0187765444868306,0.00726866588152186,0.000511310321297384));
#2955=CARTESIAN_POINT('',(0.00451615913939462,0.0624414675598443,0.07375));
#2956=CARTESIAN_POINT('',(0.00451654011963232,0.062442418345834,0.0656852833387965));
#2957=CARTESIAN_POINT('',(0.00693944236268083,0.0628560220650816,0.054509896422467));
#2958=CARTESIAN_POINT('',(0.0132137126688584,0.0607880670360387,0.0410307995013145));
#2959=CARTESIAN_POINT('',(0.0176581224611137,0.0584535167263318,0.033439883600989));
#2960=CARTESIAN_POINT('',(0.0218463741043681,0.0555620200037113,0.0271649353972787));
#2961=CARTESIAN_POINT('',(0.0259566351022724,0.0521224619573145,0.021550762488611));
#2962=CARTESIAN_POINT('',(0.0295279895545373,0.047998572592709,0.0165949457890992));
#2963=CARTESIAN_POINT('',(0.0319007059574839,0.0435817326269651,0.0127629652240173));
#2964=CARTESIAN_POINT('',(0.0330074428391365,0.0395222193826851,0.010203822273265));
#2965=CARTESIAN_POINT('',(0.0332742109021861,0.0357974296014226,0.00848148222141916));
#2966=CARTESIAN_POINT('',(0.0329308064830763,0.032181509128394,0.00728859913850739));
#2967=CARTESIAN_POINT('',(0.0319093193308037,0.0283072135768483,0.00651981173566507));
#2968=CARTESIAN_POINT('',(0.0303136713965688,0.0243246893241951,0.00602547473135121));
#2969=CARTESIAN_POINT('',(0.0282725669888938,0.0203563375545912,0.0056114004032217));
#2970=CARTESIAN_POINT('',(0.0259119997411756,0.0165326307154409,0.00510151529324774));
#2971=CARTESIAN_POINT('',(0.0225176054688066,0.0117923294548786,0.0040546979765933));
#2972=CARTESIAN_POINT('',(0.0199043382130398,0.00880853336844163,0.00257355774257159));
#2973=CARTESIAN_POINT('',(0.0183244419164078,0.00722832261042859,0.00100860830068431));
#2974=CARTESIAN_POINT('',(0.00337749885928682,0.0617684103378315,0.07375));
#2975=CARTESIAN_POINT('',(0.003378343592754,0.0617687315034558,0.0657585973579737));
#2976=CARTESIAN_POINT('',(0.00592274916399892,0.0621722703228038,0.0546768352597892));
#2977=CARTESIAN_POINT('',(0.012321456406633,0.0602031061094194,0.0412854159347001));
#2978=CARTESIAN_POINT('',(0.0168040182423454,0.0579727339774519,0.0337450095371362));
#2979=CARTESIAN_POINT('',(0.0209843049254637,0.0552081513665243,0.02751794388714));
#2980=CARTESIAN_POINT('',(0.0250433611788441,0.0519088192279719,0.0219483596951814));
#2981=CARTESIAN_POINT('',(0.0285482644441456,0.0479141960390558,0.0170211522943676));
#2982=CARTESIAN_POINT('',(0.0308723976465893,0.043594955386118,0.0132008720275477));
#2983=CARTESIAN_POINT('',(0.0319617692357898,0.0395914637923363,0.010643504450421));
#2984=CARTESIAN_POINT('',(0.0322360285806997,0.035894300321068,0.0089191398530339));
#2985=CARTESIAN_POINT('',(0.0319208881742801,0.0322852569967967,0.00772138209687833));
#2986=CARTESIAN_POINT('',(0.0309562606336292,0.0283995149192354,0.0069438771564798));
#2987=CARTESIAN_POINT('',(0.029440911533537,0.0243985918000918,0.00643565427802367));
#2988=CARTESIAN_POINT('',(0.0274937460748389,0.0204062900318906,0.00600073349774316));
#2989=CARTESIAN_POINT('',(0.0252320734429016,0.0165615801304928,0.00546394296818436));
#2990=CARTESIAN_POINT('',(0.0219630847563385,0.0118108089057586,0.00437876134598949));
#2991=CARTESIAN_POINT('',(0.0194270217224336,0.00886553062792888,0.00289153186918195));
#2992=CARTESIAN_POINT('',(0.0178822360480959,0.00732109776962922,0.00136148199952948));
#2993=CARTESIAN_POINT('',(0.00241945007313693,0.0613872440912135,0.07375));
#2994=CARTESIAN_POINT('',(0.00242049228803578,0.061386859161239,0.0657941107318294));
#2995=CARTESIAN_POINT('',(0.00507240037372871,0.0617597175784135,0.0547582266401786));
#2996=CARTESIAN_POINT('',(0.0115738987064207,0.0598215514796757,0.0414114929684582));
#2997=CARTESIAN_POINT('',(0.0160838482454187,0.0576402034599705,0.0339001702551806));
#2998=CARTESIAN_POINT('',(0.0202512264170728,0.0549463961212499,0.0277054300731209));
#2999=CARTESIAN_POINT('',(0.0242601590244852,0.051734803823231,0.0221684663222658));
#3000=CARTESIAN_POINT('',(0.0277063971068939,0.0478334476177961,0.0172660289915707));
#3001=CARTESIAN_POINT('',(0.0299918303719044,0.0435948067154734,0.013460484317563));
#3002=CARTESIAN_POINT('',(0.0310693078084108,0.0396449183538104,0.0109092119834867));
#3003=CARTESIAN_POINT('',(0.0313509155423677,0.0359810155742836,0.00918674844455099));
#3004=CARTESIAN_POINT('',(0.0310585938182611,0.032390721388422,0.007988226257361));
#3005=CARTESIAN_POINT('',(0.0301377687627697,0.0285125473599018,0.00720740527751451));
#3006=CARTESIAN_POINT('',(0.0286843487122631,0.0245147167455793,0.00669281051128467));
#3007=CARTESIAN_POINT('',(0.0268114426390798,0.0205205240309668,0.00624758893633364));
#3008=CARTESIAN_POINT('',(0.0246311096192772,0.0166724786542354,0.00569687072984832));
#3009=CARTESIAN_POINT('',(0.0214706853661091,0.0119217619389176,0.00459116732576694));
#3010=CARTESIAN_POINT('',(0.019006589541456,0.00900008980411275,0.00309864370735888));
#3011=CARTESIAN_POINT('',(0.017488860295502,0.00748314423962885,0.00159509060195572));
#3012=CARTESIAN_POINT('',(0.00181143586141671,0.0612145653256265,0.07375));
#3013=CARTESIAN_POINT('',(0.00181248519038185,0.0612137176641002,0.0658070499306472));
#3014=CARTESIAN_POINT('',(0.00453321684185845,0.0615587107752035,0.054787511836146));
#3015=CARTESIAN_POINT('',(0.0111003060794436,0.0596217937721311,0.0414585664998321));
#3016=CARTESIAN_POINT('',(0.0156265884018409,0.0574576259171459,0.0339605546512744));
#3017=CARTESIAN_POINT('',(0.0197840539838931,0.0547948164109538,0.0277829030782148));
#3018=CARTESIAN_POINT('',(0.0237591760663077,0.0516260715495493,0.0222646391293469));
#3019=CARTESIAN_POINT('',(0.0271674248023455,0.0477760225711694,0.0173786919356752));
#3020=CARTESIAN_POINT('',(0.0294290846950383,0.0435870196581418,0.0135851191112672));
#3021=CARTESIAN_POINT('',(0.0305002848618384,0.0396741110193382,0.0110398140248378));
#3022=CARTESIAN_POINT('',(0.03078739536457,0.0360362540411114,0.00931960413609249));
#3023=CARTESIAN_POINT('',(0.0305096258190699,0.0324641144319075,0.00812093879103173));
#3024=CARTESIAN_POINT('',(0.0296152503413342,0.0285987812919112,0.00733792994303084));
#3025=CARTESIAN_POINT('',(0.0281987695299396,0.0246116591410665,0.00681940472314955));
#3026=CARTESIAN_POINT('',(0.0263704427306435,0.0206251118806326,0.00636856949180416));
#3027=CARTESIAN_POINT('',(0.0242396509022801,0.0167824835961418,0.0058111714588908));
#3028=CARTESIAN_POINT('',(0.0211466476989743,0.0120381657610063,0.00469710319873193));
#3029=CARTESIAN_POINT('',(0.0187283232457656,0.00912810864869936,0.00320378180474968));
#3030=CARTESIAN_POINT('',(0.0172261603600527,0.00762678374611636,0.00171532415000504));
#3031=CARTESIAN_POINT('',(0.00132476603005392,0.061114850284697,0.07375));
#3032=CARTESIAN_POINT('',(0.00132574626751374,0.0611136483943316,0.0658118299030113));
#3033=CARTESIAN_POINT('',(0.00410196155093069,0.0614317635924379,0.0547976572976567));
#3034=CARTESIAN_POINT('',(0.0107217668886606,0.0594858658305093,0.041477431655764));
#3035=CARTESIAN_POINT('',(0.0152602009249886,0.0573278090508843,0.0339874834524356));
#3036=CARTESIAN_POINT('',(0.0194083055494691,0.0546818862348836,0.0278219084866158));
#3037=CARTESIAN_POINT('',(0.0233547595350466,0.051539677533884,0.0223181161538712));
#3038=CARTESIAN_POINT('',(0.0267315574223661,0.0477253721702943,0.0174465875244262));
#3039=CARTESIAN_POINT('',(0.0289740696334929,0.0435748689111308,0.0136646185696907));
#3040=CARTESIAN_POINT('',(0.030040925648942,0.0396935829166215,0.0111253634239026));
#3041=CARTESIAN_POINT('',(0.0303333633900344,0.0360800452705783,0.00940714582246644));
#3042=CARTESIAN_POINT('',(0.0300680608191576,0.0325267394869573,0.00820771237180299));
#3043=CARTESIAN_POINT('',(0.0291951449627127,0.0286770507633359,0.00742155067318381));
#3044=CARTESIAN_POINT('',(0.0278079552056599,0.0247043377472705,0.00689840202486436));
#3045=CARTESIAN_POINT('',(0.0260147342656858,0.0207298465827818,0.00644209077780178));
#3046=CARTESIAN_POINT('',(0.0239228630743171,0.0168967470493105,0.00587933966713081));
#3047=CARTESIAN_POINT('',(0.0208828200061447,0.0121623823675101,0.00476021635209793));
#3048=CARTESIAN_POINT('',(0.0184998189896912,0.00925998470478472,0.00326824811974028));
#3049=CARTESIAN_POINT('',(0.0170087709863325,0.00776968308495309,0.00179054814563872));
#3050=CARTESIAN_POINT('',(0.000961518096164643,0.0610588984006447,0.07375));
#3051=CARTESIAN_POINT('',(0.000962409410859808,0.0610574427467231,0.0658126852866807));
#3052=CARTESIAN_POINT('',(0.00378016520921876,0.0613533922245887,0.0547986299326036));
#3053=CARTESIAN_POINT('',(0.0104393684817899,0.0593960568012024,0.0414822645014702));
#3054=CARTESIAN_POINT('',(0.0149863144621708,0.0572388887934507,0.0339971494242205));
#3055=CARTESIAN_POINT('',(0.0191265836690925,0.0546016592569174,0.0278399224051948));
#3056=CARTESIAN_POINT('',(0.0230506825133097,0.0514752792481,0.0223469210208457));
#3057=CARTESIAN_POINT('',(0.0264033313000898,0.0476848220005965,0.0174870269415398));
#3058=CARTESIAN_POINT('',(0.0286314053377545,0.0435624114906071,0.0137148603747214));
#3059=CARTESIAN_POINT('',(0.0296953887954742,0.0397058581094817,0.0111807150609628));
#3060=CARTESIAN_POINT('',(0.0299923942174512,0.036112385946743,0.00946390533637986));
#3061=CARTESIAN_POINT('',(0.0297370040851177,0.032575484514205,0.00826329656249361));
#3062=CARTESIAN_POINT('',(0.0288804823131613,0.0287403904589568,0.00747369439432179));
#3063=CARTESIAN_POINT('',(0.0275152003762121,0.0247816484100842,0.00694594760717532));
#3064=CARTESIAN_POINT('',(0.0257479709991965,0.0208194812114775,0.00648469095141973));
#3065=CARTESIAN_POINT('',(0.0236846983545284,0.0169964901641536,0.00591767595517436));
#3066=CARTESIAN_POINT('',(0.0206833254835626,0.0122725150231475,0.00479541472215542));
#3067=CARTESIAN_POINT('',(0.0183254175437985,0.00937532351554019,0.00330557058490836));
#3068=CARTESIAN_POINT('',(0.0168418824472976,0.00789240549028762,0.00183514945444235));
#3069=CARTESIAN_POINT('',(0.000660949394393489,0.0610275140754746,0.07375));
#3070=CARTESIAN_POINT('',(0.000661741545546104,0.0610258676215327,0.0658110269937496));
#3071=CARTESIAN_POINT('',(0.00351387293649913,0.0613018030990814,0.054793574929739));
#3072=CARTESIAN_POINT('',(0.0102058176474011,0.0593311755693855,0.0414783372876554));
#3073=CARTESIAN_POINT('',(0.0147594292394926,0.0571718465741242,0.0339964354195525));
#3074=CARTESIAN_POINT('',(0.0188925637567546,0.0545386515244163,0.0278457620437532));
#3075=CARTESIAN_POINT('',(0.0227973704724026,0.051421992122132,0.0223619321397775));
#3076=CARTESIAN_POINT('',(0.0261293589251136,0.0476487039023226,0.0175126049196423));
#3077=CARTESIAN_POINT('',(0.0283451974875568,0.0435488886315206,0.013749594290956));
#3078=CARTESIAN_POINT('',(0.0294070486376201,0.0397138030891885,0.0112201469399237));
#3079=CARTESIAN_POINT('',(0.0297084063638651,0.0361386824514068,0.00950430403443941));
#3080=CARTESIAN_POINT('',(0.0294619264386981,0.0326174889641938,0.00830198891751588));
#3081=CARTESIAN_POINT('',(0.0286196002311651,0.0287970751107402,0.00750827821113417));
#3082=CARTESIAN_POINT('',(0.027272802444916,0.0248527373713804,0.00697536991136098));
#3083=CARTESIAN_POINT('',(0.0255271402821751,0.0209037151459615,0.0065089072299913));
#3084=CARTESIAN_POINT('',(0.0234872406215176,0.017091791766871,0.00593777173395417));
#3085=CARTESIAN_POINT('',(0.0205170164898675,0.0123791980273709,0.00481300995622903));
#3086=CARTESIAN_POINT('',(0.0181784088861886,0.00948622644314442,0.00332567996386238));
#3087=CARTESIAN_POINT('',(0.0167003871296126,0.00800867832820409,0.00186062045483786));
#3088=CARTESIAN_POINT('',(0.000422501243331301,0.0610112098152405,0.07375));
#3089=CARTESIAN_POINT('',(0.000423200707204481,0.061009426554505,0.0658082815913033));
#3090=CARTESIAN_POINT('',(0.00330268698985912,0.0612685690145246,0.0547859349882163));
#3091=CARTESIAN_POINT('',(0.0100208185878957,0.0592852587634123,0.0414704687676778));
#3092=CARTESIAN_POINT('',(0.0145794463061525,0.0571225745581983,0.0339907402323032));
#3093=CARTESIAN_POINT('',(0.0187063154761981,0.0544906733469355,0.0278451216377416));
#3094=CARTESIAN_POINT('',(0.0225949445231616,0.0513795234982824,0.022368803644502));
#3095=CARTESIAN_POINT('',(0.0259096933965655,0.0476180986314673,0.0175285727427742));
#3096=CARTESIAN_POINT('',(0.0281153866403473,0.0435358051253886,0.0137736010075082));
#3097=CARTESIAN_POINT('',(0.0291757269768587,0.0397185316537658,0.0112481965289732));
#3098=CARTESIAN_POINT('',(0.0294811906031823,0.036159229646936,0.00953289913052176));
#3099=CARTESIAN_POINT('',(0.0292427532286421,0.0326519142745137,0.00832856999095677));
#3100=CARTESIAN_POINT('',(0.0284128872830033,0.0288446664917694,0.00753052294152898));
#3101=CARTESIAN_POINT('',(0.0270818928406038,0.0249132527080434,0.00699240993858407));
#3102=CARTESIAN_POINT('',(0.0253542595833257,0.0209761099846834,0.00652093207491046));
#3103=CARTESIAN_POINT('',(0.0233334382327278,0.0171741975919644,0.00594604076331804));
#3104=CARTESIAN_POINT('',(0.0203879932324374,0.0124717215027325,0.00481924720172847));
#3105=CARTESIAN_POINT('',(0.0180636588316306,0.00958158924083015,0.0033342387869086));
#3106=CARTESIAN_POINT('',(0.0165893591056164,0.00810763165843975,0.0018728141222477));
#3107=CARTESIAN_POINT('',(0.0002744581979844,0.0610046195125814,0.07375));
#3108=CARTESIAN_POINT('',(0.000275100359340634,0.0610027546925201,0.0658059863700401));
#3109=CARTESIAN_POINT('',(0.00317146096016986,0.0612511208477205,0.0547796289082706));
#3110=CARTESIAN_POINT('',(0.00990570342981925,0.0592589231516163,0.0414634006398572));
#3111=CARTESIAN_POINT('',(0.0144673745942211,0.0570934531656947,0.0339849100816775));
#3112=CARTESIAN_POINT('',(0.0185903713881105,0.054461689721599,0.0278425328899435));
#3113=CARTESIAN_POINT('',(0.0224691075283289,0.0513533143027216,0.0223712234249584));
#3114=CARTESIAN_POINT('',(0.0257733859950794,0.0475987626833717,0.0175370527692596));
#3115=CARTESIAN_POINT('',(0.0279729363298242,0.0435271483007064,0.0137872712255754));
#3116=CARTESIAN_POINT('',(0.0290323367601567,0.0397210189925495,0.0112643395405439));
#3117=CARTESIAN_POINT('',(0.0293402045765953,0.036171844370495,0.00954921003305452));
#3118=CARTESIAN_POINT('',(0.0291064712922636,0.0326736789135062,0.00834337254540189));
#3119=CARTESIAN_POINT('',(0.028283809473997,0.0288755224298426,0.00754225296360659));
#3120=CARTESIAN_POINT('',(0.0269618624299631,0.0249533813305454,0.00700045996875568));
#3121=CARTESIAN_POINT('',(0.0252444787842285,0.0210251138117879,0.00652541923613499));
#3122=CARTESIAN_POINT('',(0.0232344378743137,0.0172310548190036,0.00594782290931553));
#3123=CARTESIAN_POINT('',(0.0203029474392715,0.0125370125944763,0.00481945775822068));
#3124=CARTESIAN_POINT('',(0.01798663622789,0.00964988161932959,0.00333597724578293));
#3125=CARTESIAN_POINT('',(0.0165147191375052,0.0081782313649704,0.00187689419309172));
#3126=CARTESIAN_POINT('',(0.000156773248491332,0.0610014660137278,0.07375));
#3127=CARTESIAN_POINT('',(0.000157357127989772,0.0609995450193039,0.0658037886434168));
#3128=CARTESIAN_POINT('',(0.0030674422759135,0.0612391143209436,0.0547737267420549));
#3129=CARTESIAN_POINT('',(0.00981497604883499,0.0592395899346384,0.0414569122539881));
#3130=CARTESIAN_POINT('',(0.0143788863298803,0.0570715603792394,0.0339792831896067));
#3131=CARTESIAN_POINT('',(0.0184980795606857,0.0544391938734163,0.0278392150507406));
#3132=CARTESIAN_POINT('',(0.0223676612020057,0.0513319122417754,0.0223715987839398));
#3133=CARTESIAN_POINT('',(0.0256622093578878,0.0475818652825642,0.017542335993176));
#3134=CARTESIAN_POINT('',(0.027856089706694,0.0435186918039155,0.0137971681252534));
#3135=CARTESIAN_POINT('',(0.0289149432619055,0.0397221175960976,0.0112765693637933));
#3136=CARTESIAN_POINT('',(0.0292257303826137,0.0361817925750487,0.00956157952725774));
#3137=CARTESIAN_POINT('',(0.0289973954201937,0.0326914380944663,0.00835422178341059));
#3138=CARTESIAN_POINT('',(0.0281828480408767,0.0289004344147802,0.00755010448440492));
#3139=CARTESIAN_POINT('',(0.0268708293722978,0.024984960015734,0.00700493286904906));
#3140=CARTESIAN_POINT('',(0.0251643591781926,0.0210625618702636,0.00652685710653361));
#3141=CARTESIAN_POINT('',(0.0231653746213002,0.0172731212300402,0.00594718164164628));
#3142=CARTESIAN_POINT('',(0.0202475023964831,0.0125831547767183,0.00481791441410968));
#3143=CARTESIAN_POINT('',(0.017937831434385,0.00969585220681877,0.00333566955062373));
#3144=CARTESIAN_POINT('',(0.0164669992201061,0.00822520341139302,0.00187764943294572));
#3145=CARTESIAN_POINT('',(3.94244268357598E-5,0.0609997010957449,0.07375));
#3146=CARTESIAN_POINT('',(3.99875005588183E-5,0.0609977073193218,0.0658014069791704));
#3147=CARTESIAN_POINT('',(0.00296268864072973,0.061228462991294,0.0547670205656747));
#3148=CARTESIAN_POINT('',(0.0097218378495998,0.0592203075805904,0.0414483092621086));
#3149=CARTESIAN_POINT('',(0.0142883143063615,0.0570492612167009,0.0339716951021795));
#3150=CARTESIAN_POINT('',(0.0184057007063394,0.0544168996009214,0.0278349357705665));
#3151=CARTESIAN_POINT('',(0.0222699351394953,0.0513124059402841,0.0223725880359774));
#3152=CARTESIAN_POINT('',(0.0255590550692117,0.0475684260627458,0.017548912255793));
#3153=CARTESIAN_POINT('',(0.0277497282442479,0.0435133862929862,0.0138074570762531));
#3154=CARTESIAN_POINT('',(0.028807484882062,0.0397246375277842,0.0112880765394815));
#3155=CARTESIAN_POINT('',(0.0291181603345951,0.0361916233391593,0.00957279425042371));
#3156=CARTESIAN_POINT('',(0.0288901439935197,0.0327087305476089,0.00836418209480503));
#3157=CARTESIAN_POINT('',(0.0280761609362585,0.0289269951635852,0.00755770611457339));
#3158=CARTESIAN_POINT('',(0.0267650608418906,0.0250227244092707,0.00700938409534272));
#3159=CARTESIAN_POINT('',(0.0250599762938648,0.0211126001683024,0.0065278224727889));
#3160=CARTESIAN_POINT('',(0.0230629519243575,0.0173357151048083,0.00594501284671384));
#3161=CARTESIAN_POINT('',(0.0201486171385779,0.0126616609065124,0.00481309392793017));
#3162=CARTESIAN_POINT('',(0.0178429703046995,0.00978397853359821,0.00333205567736374));
#3163=CARTESIAN_POINT('',(0.0163755957463861,0.00831678619588364,0.00187746835540088));
#3164=CARTESIAN_POINT('',(-0.000163841420844152,0.0610002042323831,0.07375));
#3165=CARTESIAN_POINT('',(-0.000163333100277746,0.0609980923570441,0.0657969287212949));
#3166=CARTESIAN_POINT('',(0.00278107671455031,0.0612131151124642,0.054754704452126));
#3167=CARTESIAN_POINT('',(0.00956056768824345,0.0591893696180829,0.0414324934029395));
#3168=CARTESIAN_POINT('',(0.0141313775149549,0.0570124851116393,0.0339571642073471));
#3169=CARTESIAN_POINT('',(0.018245180818453,0.0543791608513156,0.027825419792367));
#3170=CARTESIAN_POINT('',(0.0220992884170412,0.0512781397275416,0.0223713454189022));
#3171=CARTESIAN_POINT('',(0.0253779275658252,0.0475435357966955,0.0175569878448275));
#3172=CARTESIAN_POINT('',(0.0275623770947043,0.0435024886133202,0.0138223510759677));
#3173=CARTESIAN_POINT('',(0.0286183530828719,0.0397280240265202,0.0113056418542323));
#3174=CARTESIAN_POINT('',(0.0289295810041109,0.036208522735938,0.00959021516569894));
#3175=CARTESIAN_POINT('',(0.0287033389168939,0.0327391443125472,0.00837958646767982));
#3176=CARTESIAN_POINT('',(0.0278920836028799,0.0289734363209948,0.007569112141985));
#3177=CARTESIAN_POINT('',(0.026584682020281,0.0250878647883283,0.00701559640780114));
#3178=CARTESIAN_POINT('',(0.0248843383687705,0.0211976714933856,0.00652851583559702));
#3179=CARTESIAN_POINT('',(0.0228930836404262,0.0174405774893604,0.00594102089816878));
#3180=CARTESIAN_POINT('',(0.0199876665110064,0.0127907985903674,0.00480561689514127));
#3181=CARTESIAN_POINT('',(0.0176897418963778,0.0099266444765436,0.00332697027008171));
#3182=CARTESIAN_POINT('',(0.016227606962366,0.00846466377172956,0.00187758065932478));
#3183=CARTESIAN_POINT('',(-0.000562907771353715,0.0610151219775576,0.07375));
#3184=CARTESIAN_POINT('',(-0.000562512480178789,0.0610127815435392,0.0657866319415663));
#3185=CARTESIAN_POINT('',(0.00242248988120574,0.061195343940433,0.0547268617076178));
#3186=CARTESIAN_POINT('',(0.00924036318920008,0.059136934105378,0.0413951359539471));
#3187=CARTESIAN_POINT('',(0.013819895972353,0.0569458807659,0.0339210317347264));
#3188=CARTESIAN_POINT('',(0.0179281649430564,0.054308332873831,0.0277982903602515));
#3189=CARTESIAN_POINT('',(0.0217651535006674,0.0512120994944678,0.022360021286995));
#3190=CARTESIAN_POINT('',(0.0250259651047023,0.0474944112321274,0.0175638128199163));
#3191=CARTESIAN_POINT('',(0.027199578986459,0.0434800379703802,0.0138425330668731));
#3192=CARTESIAN_POINT('',(0.0282516178039777,0.0397334822133112,0.0113312729559951));
#3193=CARTESIAN_POINT('',(0.0285619177796155,0.0362410743441876,0.00961609091782169));
#3194=CARTESIAN_POINT('',(0.0283357164249949,0.0327997007182194,0.00840235517904913));
#3195=CARTESIAN_POINT('',(0.0275245113799577,0.0290685423841421,0.00758517731316006));
#3196=CARTESIAN_POINT('',(0.0262181352748315,0.0252240913784365,0.00702259138850281));
#3197=CARTESIAN_POINT('',(0.0245208745591366,0.0213781325413315,0.00652567575471262));
#3198=CARTESIAN_POINT('',(0.0225354214471487,0.0176651926559315,0.0059298625551812));
#3199=CARTESIAN_POINT('',(0.019641824771187,0.0130697658014553,0.00478868722892503));
#3200=CARTESIAN_POINT('',(0.0173575828640401,0.0102363178595623,0.00331568009579544));
#3201=CARTESIAN_POINT('',(0.0159067412981176,0.00878560875867325,0.00187750055505184));
#3202=CARTESIAN_POINT('',(-0.00111343563720476,0.0610735795396378,0.07375));
#3203=CARTESIAN_POINT('',(-0.00111327096918207,0.0610709709926978,0.065767962442847));
#3204=CARTESIAN_POINT('',(0.00192422255809155,0.0612045355827571,0.0546785261903798));
#3205=CARTESIAN_POINT('',(0.00879375248705752,0.059088667802092,0.0413280826901624));
#3206=CARTESIAN_POINT('',(0.0133861278396309,0.0568711288911447,0.0338519469128254));
#3207=CARTESIAN_POINT('',(0.0174893126521412,0.0542205834916155,0.0277381899055284));
#3208=CARTESIAN_POINT('',(0.0213069318470208,0.0511233847858346,0.0223187900511331));
#3209=CARTESIAN_POINT('',(0.0245468458242182,0.0474230356400916,0.0175464016430198));
#3210=CARTESIAN_POINT('',(0.0267071019999388,0.0434432178221765,0.0138442305516217));
#3211=CARTESIAN_POINT('',(0.0277529246058239,0.0397361244088108,0.0113420769437842));
#3212=CARTESIAN_POINT('',(0.0280588863373405,0.0362838468401468,0.00962911183551763));
#3213=CARTESIAN_POINT('',(0.027827352792882,0.0328853625314336,0.00841324193816712));
#3214=CARTESIAN_POINT('',(0.0270076565843757,0.0292085077286962,0.00758946454928603));
#3215=CARTESIAN_POINT('',(0.0256928434039392,0.0254290469967175,0.00701737994096056));
#3216=CARTESIAN_POINT('',(0.0239904842459346,0.0216526957780425,0.0065102477360615));
#3217=CARTESIAN_POINT('',(0.0220051684680216,0.0180085195811592,0.00590653681171163));
#3218=CARTESIAN_POINT('',(0.0191201483936403,0.0134965440609503,0.00476210088231702));
#3219=CARTESIAN_POINT('',(0.0168525238753476,0.0107087132403399,0.00329952880582714));
#3220=CARTESIAN_POINT('',(0.0154179987060432,0.00927430691721185,0.00187754542639756));
#3221=CARTESIAN_POINT('',(-0.00174113734553277,0.0611958926378334,0.0737500000000001));
#3222=CARTESIAN_POINT('',(-0.00174124434509392,0.0611930431063474,0.0657406846106682));
#3223=CARTESIAN_POINT('',(0.00134756015751479,0.0612653437620203,0.0546086999997823));
#3224=CARTESIAN_POINT('',(0.00827353931417028,0.059068894305092,0.0412275640097287));
#3225=CARTESIAN_POINT('',(0.0128836401484857,0.0568109539999156,0.0337445023460662));
#3226=CARTESIAN_POINT('',(0.016987605450057,0.054135832293343,0.0276372396826262));
#3227=CARTESIAN_POINT('',(0.0207928372053061,0.0510276682028754,0.0222362803915983));
#3228=CARTESIAN_POINT('',(0.0240171588898488,0.0473389422533392,0.017489329855886));
#3229=CARTESIAN_POINT('',(0.0261656065705334,0.0433944777554714,0.0138091018660425));
#3230=CARTESIAN_POINT('',(0.0272025662169354,0.0397323432202936,0.0113188987035352));
#3231=CARTESIAN_POINT('',(0.0274973501944169,0.0363286701666651,0.00961078220086567));
#3232=CARTESIAN_POINT('',(0.0272493750380269,0.0329847957111416,0.00839540019212535));
#3233=CARTESIAN_POINT('',(0.0264046220374579,0.0293800971173,0.0075678391791755));
#3234=CARTESIAN_POINT('',(0.0250631834513029,0.0256881581212632,0.00698928419007776));
#3235=CARTESIAN_POINT('',(0.0233387915368019,0.0220055215136833,0.00647541942282731));
#3236=CARTESIAN_POINT('',(0.0213394698922055,0.0184535028482018,0.00586785935328678));
#3237=CARTESIAN_POINT('',(0.0184495193842379,0.0140525839018422,0.00472626687090449));
#3238=CARTESIAN_POINT('',(0.0161962640780067,0.0113244445490181,0.00327940389373134));
#3239=CARTESIAN_POINT('',(0.0147820059595409,0.00991031386225409,0.00187753108795739));
#3240=CARTESIAN_POINT('',(-0.00254207450842719,0.0614224338455441,0.07375));
#3241=CARTESIAN_POINT('',(-0.00254255274375658,0.0614193634295147,0.0656977976756364));
#3242=CARTESIAN_POINT('',(0.000601342850837141,0.0614064887378845,0.0544996665583697));
#3243=CARTESIAN_POINT('',(0.0075953563025461,0.0590874261315612,0.0410671913618641));
#3244=CARTESIAN_POINT('',(0.0122312547457474,0.0567647505851791,0.0335697966652316));
#3245=CARTESIAN_POINT('',(0.0163438093506714,0.0540462704134543,0.02746678481933));
#3246=CARTESIAN_POINT('',(0.0201446971483873,0.0509126011593185,0.0220862367409593));
#3247=CARTESIAN_POINT('',(0.0233585691275554,0.0472293074112388,0.0173699189035046));
#3248=CARTESIAN_POINT('',(0.0254952909555083,0.0433250109129203,0.0137180088062394));
#3249=CARTESIAN_POINT('',(0.0265182088857903,0.0397199720697683,0.0112451217558619));
#3250=CARTESIAN_POINT('',(0.026791299896608,0.0363815284816944,0.0095460458139216));
#3251=CARTESIAN_POINT('',(0.0265109016571758,0.033113809471227,0.00833468303326602));
#3252=CARTESIAN_POINT('',(0.0256182424383972,0.0296123889171172,0.007506702013109));
#3253=CARTESIAN_POINT('',(0.0242257416923881,0.0260464301446285,0.00692540487093822));
#3254=CARTESIAN_POINT('',(0.0224568513564491,0.0224984752020165,0.00640939448799896));
#3255=CARTESIAN_POINT('',(0.0204250284289943,0.019078510316486,0.00580367015529614));
#3256=CARTESIAN_POINT('',(0.0175132111061999,0.0148360736705254,0.00467415090319619));
#3257=CARTESIAN_POINT('',(0.0152731994725844,0.0121921927927011,0.00325199339895678));
#3258=CARTESIAN_POINT('',(0.013886582099429,0.0108057330904768,0.00187753576548515));
#3259=CARTESIAN_POINT('',(-0.00347054089033951,0.0618155272047046,0.07375));
#3260=CARTESIAN_POINT('',(-0.00347146252105632,0.0618123167422229,0.0656332131266568));
#3261=CARTESIAN_POINT('',(-0.00028101859020264,0.0616870400251474,0.0543375143554559));
#3262=CARTESIAN_POINT('',(0.00678372374437881,0.0591893899248619,0.040822961310973));
#3263=CARTESIAN_POINT('',(0.0114543701259677,0.0567677581031218,0.0332991401827179));
#3264=CARTESIAN_POINT('',(0.015589721709829,0.0539784494622621,0.0271947102270994));
#3265=CARTESIAN_POINT('',(0.0194056723049202,0.0507969368825126,0.0218333151025648));
#3266=CARTESIAN_POINT('',(0.0226245861043204,0.0471052222498881,0.0171492337907569));
#3267=CARTESIAN_POINT('',(0.0247539226416472,0.0432382876657775,0.0135297675555382));
#3268=CARTESIAN_POINT('',(0.0257552254315903,0.0396966531873577,0.0110794964200944));
#3269=CARTESIAN_POINT('',(0.0259890941539233,0.0364368943899611,0.00939492312447159));
#3270=CARTESIAN_POINT('',(0.0256501425105196,0.0332664564017448,0.0081933867751075));
#3271=CARTESIAN_POINT('',(0.0246738876552005,0.0299025043573338,0.00737245391515175));
#3272=CARTESIAN_POINT('',(0.0231928549977008,0.0265065151423101,0.00679808656595028));
#3273=CARTESIAN_POINT('',(0.0213443722543246,0.0231404991215925,0.00629158553124353));
#3274=CARTESIAN_POINT('',(0.0192499378398131,0.019898860983799,0.00570053983392044));
#3275=CARTESIAN_POINT('',(0.0162865207303488,0.0158701138945525,0.00460077867918428));
#3276=CARTESIAN_POINT('',(0.0140540646713183,0.0133392892385186,0.00321632075635504));
#3277=CARTESIAN_POINT('',(0.0127034393387787,0.0119888779888763,0.00187753360667255));
#3278=CARTESIAN_POINT('',(-0.0043305719789497,0.0623515856967,0.07375));
#3279=CARTESIAN_POINT('',(-0.00433178256920306,0.062348302874048,0.0655505315760028));
#3280=CARTESIAN_POINT('',(-0.00110980680564654,0.0620952388908567,0.0541356993406796));
#3281=CARTESIAN_POINT('',(0.00600856503595262,0.0593836530355046,0.0405145140103718));
#3282=CARTESIAN_POINT('',(0.0107117667499291,0.0568405357906846,0.0329529644103263));
#3283=CARTESIAN_POINT('',(0.0148762510521737,0.0539628138552358,0.0268399536029151));
#3284=CARTESIAN_POINT('',(0.0187214794216927,0.050719880016857,0.0214923533140821));
#3285=CARTESIAN_POINT('',(0.0219584615297747,0.0470073884037918,0.0168355932298264));
#3286=CARTESIAN_POINT('',(0.0240838175700386,0.0431651593345993,0.0132459886451859));
#3287=CARTESIAN_POINT('',(0.0250579939799781,0.0396770534288673,0.0108191250047267));
#3288=CARTESIAN_POINT('',(0.025243542439461,0.0364897378750886,0.00915221503407239));
#3289=CARTESIAN_POINT('',(0.0248358488990966,0.0334127983656912,0.00796609489043833));
#3290=CARTESIAN_POINT('',(0.0237649731624659,0.0301849485647717,0.00716221415872914));
#3291=CARTESIAN_POINT('',(0.0221841062960792,0.0269601595134874,0.0066083939284803));
#3292=CARTESIAN_POINT('',(0.0202441777423394,0.0237786329967039,0.0061271253574692));
#3293=CARTESIAN_POINT('',(0.0180757779698282,0.0207188936201191,0.00556665055287267));
#3294=CARTESIAN_POINT('',(0.015048309850791,0.0169094204565833,0.00451565170787128));
#3295=CARTESIAN_POINT('',(0.012819860776944,0.014496453877597,0.00317821937809728));
#3296=CARTESIAN_POINT('',(0.0115077223992504,0.0131845948098065,0.00187753372643914));
#3297=CARTESIAN_POINT('',(-0.00497343319073796,0.0628744808708307,0.07375));
#3298=CARTESIAN_POINT('',(-0.00497489967321151,0.0628712033165802,0.0654730405687642));
#3299=CARTESIAN_POINT('',(-0.00172706070651537,0.0624981371508287,0.0539520788585013));
#3300=CARTESIAN_POINT('',(0.00542857202217255,0.0595939127673472,0.0402325981638646));
#3301=CARTESIAN_POINT('',(0.010153534924322,0.0569421988673323,0.0326318382343266));
#3302=CARTESIAN_POINT('',(0.0143387538277214,0.0539856374503245,0.0265046907854918));
#3303=CARTESIAN_POINT('',(0.0182071396351712,0.0506880267216942,0.0211619592301371));
#3304=CARTESIAN_POINT('',(0.0214594364788941,0.0469533365065435,0.016522782215734));
#3305=CARTESIAN_POINT('',(0.0235818137342351,0.0431240895891761,0.0129556190183025));
#3306=CARTESIAN_POINT('',(0.0245340596568265,0.0396715652305084,0.0105483599075615));
#3307=CARTESIAN_POINT('',(0.0246810292519297,0.0365345782309127,0.00889801370271691));
#3308=CARTESIAN_POINT('',(0.0242184917843046,0.033524013239059,0.00772830179288938));
#3309=CARTESIAN_POINT('',(0.0230719054298744,0.0303960236620094,0.00694466081751583));
#3310=CARTESIAN_POINT('',(0.0214108895911847,0.0273003590373047,0.00641549068570314));
#3311=CARTESIAN_POINT('',(0.0193969856432463,0.0242599097616671,0.00596402127072354));
#3312=CARTESIAN_POINT('',(0.0171687022607356,0.0213408411558343,0.00543814716826225));
#3313=CARTESIAN_POINT('',(0.0140898132223456,0.0177028342210217,0.00443884840658929));
#3314=CARTESIAN_POINT('',(0.01186593797366,0.015384687933194,0.00314576521751452));
#3315=CARTESIAN_POINT('',(0.0105866136333017,0.0141057025540215,0.00187753475824021));
#3316=CARTESIAN_POINT('',(-0.00543736741906083,0.0633202453655602,0.07375));
#3317=CARTESIAN_POINT('',(-0.00543901963026687,0.0633169964548425,0.0654083061397276));
#3318=CARTESIAN_POINT('',(-0.00217107508152602,0.0628430561068294,0.0538005851209849));
#3319=CARTESIAN_POINT('',(0.00501080573936068,0.0597807397052746,0.0399996903877122));
#3320=CARTESIAN_POINT('',(0.00975034200432722,0.0570408501327863,0.0323649501586655));
#3321=CARTESIAN_POINT('',(0.0139495365431577,0.0540209311183828,0.0262236287379249));
#3322=CARTESIAN_POINT('',(0.0178339693289752,0.0506799416770224,0.0208814081406896));
#3323=CARTESIAN_POINT('',(0.0210963050766099,0.0469263244434478,0.0162529871230864));
#3324=CARTESIAN_POINT('',(0.023214682474878,0.0431040081896913,0.0127015739369137));
#3325=CARTESIAN_POINT('',(0.0241496682082388,0.0396751568435113,0.0103095499300125));
#3326=CARTESIAN_POINT('',(0.0242687047030191,0.0365722643470644,0.00867357363652446));
#3327=CARTESIAN_POINT('',(0.0237676482280145,0.0336065936071231,0.00751943452100695));
#3328=CARTESIAN_POINT('',(0.0225683590238662,0.0305467920996898,0.00675565115874834));
#3329=CARTESIAN_POINT('',(0.0208510546215229,0.0275409278528122,0.00624980598290487));
#3330=CARTESIAN_POINT('',(0.0187842906203938,0.0246001122396307,0.00582568088221242));
#3331=CARTESIAN_POINT('',(0.0165129060229077,0.0217818188116778,0.0053308410899143));
#3332=CARTESIAN_POINT('',(0.0133973526623301,0.0182683042333061,0.00437670922597162));
#3333=CARTESIAN_POINT('',(0.0111782554345402,0.0160209630014314,0.00312037811989469));
#3334=CARTESIAN_POINT('',(0.00992461752221644,0.0147677020331807,0.0018775313569801));
#3335=CARTESIAN_POINT('',(-0.00580081031734209,0.0637356588944166,0.07375));
#3336=CARTESIAN_POINT('',(-0.00580265638509983,0.063732516004763,0.0653492359904032));
#3337=CARTESIAN_POINT('',(-0.00251682913651999,0.063163769947741,0.0536640586589753));
#3338=CARTESIAN_POINT('',(0.00468602346783272,0.0599590831724542,0.0397900803038227));
#3339=CARTESIAN_POINT('',(0.00943550701618294,0.0571415133926685,0.0321229677965621));
#3340=CARTESIAN_POINT('',(0.0136437095383579,0.054066568485823,0.0259661680993064));
#3341=CARTESIAN_POINT('',(0.0175388650534715,0.0506885484126783,0.0206209224766559));
#3342=CARTESIAN_POINT('',(0.0208076965937829,0.0469177491819615,0.0159990235407971));
#3343=CARTESIAN_POINT('',(0.0229220843820032,0.0430984875205859,0.0124600007243595));
#3344=CARTESIAN_POINT('',(0.0238435051053279,0.0396854615192061,0.0100814820372138));
#3345=CARTESIAN_POINT('',(0.0239412006485389,0.0366059714882294,0.00845933550027735));
#3346=CARTESIAN_POINT('',(0.0234106454319403,0.033671525558208,0.00732087914737857));
#3347=CARTESIAN_POINT('',(0.0221708011938212,0.0306608338578288,0.00657712375273701));
#3348=CARTESIAN_POINT('',(0.0204097629674795,0.0277219884360253,0.00609397184544051));
#3349=CARTESIAN_POINT('',(0.0183009377966671,0.0248577277494784,0.00569607789260177));
#3350=CARTESIAN_POINT('',(0.015994860610212,0.0221189484012187,0.00523103670549466));
#3351=CARTESIAN_POINT('',(0.0128500573125376,0.0187059090763006,0.00432015830979486));
#3352=CARTESIAN_POINT('',(0.0106360651213548,0.0165179490711146,0.0030980901612528));
#3353=CARTESIAN_POINT('',(0.009405012068112,0.0152872968989554,0.00187754204963811));
#3354=CARTESIAN_POINT('',(-0.00607655049016692,0.064098738053639,0.07375));
#3355=CARTESIAN_POINT('',(-0.00607857063870679,0.0640957607695494,0.0652982373009933));
#3356=CARTESIAN_POINT('',(-0.00277771660030566,0.0634433583011438,0.0535471087274628));
#3357=CARTESIAN_POINT('',(0.00444188155038474,0.0601169059074588,0.03961107357467));
#3358=CARTESIAN_POINT('',(0.0091977788770532,0.057234493244705,0.0319150346293411));
#3359=CARTESIAN_POINT('',(0.013410754419271,0.0541142284086585,0.0257426253353961));
#3360=CARTESIAN_POINT('',(0.0173114803135057,0.050706143078003,0.0203915311817209));
#3361=CARTESIAN_POINT('',(0.0205828428829403,0.0469208378319478,0.0157722646287334));
#3362=CARTESIAN_POINT('',(0.0226926630092969,0.043102575700844,0.0122423616869409));
#3363=CARTESIAN_POINT('',(0.0236036296006517,0.0397000206779766,0.00987561675538728));
#3364=CARTESIAN_POINT('',(0.0236860866074432,0.0366361603220258,0.00826668535307336));
#3365=CARTESIAN_POINT('',(0.0231348480242974,0.0337225382860045,0.00714378317348103));
#3366=CARTESIAN_POINT('',(0.0218668027180131,0.0307451570450968,0.00641973974657558));
#3367=CARTESIAN_POINT('',(0.0200751764155526,0.0278528720682658,0.00595786813250257));
#3368=CARTESIAN_POINT('',(0.017935849499974,0.0250435530736531,0.00558343427898934));
#3369=CARTESIAN_POINT('',(0.0156039092609408,0.0223639369019979,0.00514457337898127));
#3370=CARTESIAN_POINT('',(0.0124372506972486,0.0190280808062357,0.00427163079010864));
#3371=CARTESIAN_POINT('',(0.0102282486359811,0.0168878879220714,0.00307938161473731));
#3372=CARTESIAN_POINT('',(0.00901615034849213,0.0156761802288636,0.00187752022642055));
#3373=CARTESIAN_POINT('',(-0.00624223362512183,0.0643393449811251,0.07375));
#3374=CARTESIAN_POINT('',(-0.00624437413395166,0.06433650936255,0.065264713523631));
#3375=CARTESIAN_POINT('',(-0.00293397527201997,0.0636284863864824,0.0534705446472117));
#3376=CARTESIAN_POINT('',(0.00429579135810158,0.0602224842061842,0.0394937962307732));
#3377=CARTESIAN_POINT('',(0.0090549675381956,0.0572982679979285,0.0317782453252591));
#3378=CARTESIAN_POINT('',(0.0132700132525391,0.0541490127120784,0.0255947733763568));
#3379=CARTESIAN_POINT('',(0.017173217952225,0.0507219028974237,0.0202387991089763));
#3380=CARTESIAN_POINT('',(0.0204453108004605,0.0469271913520818,0.0156203115384216));
#3381=CARTESIAN_POINT('',(0.0225518047473833,0.0431088829994371,0.0120958596466274));
#3382=CARTESIAN_POINT('',(0.0234562575437139,0.0397119082267977,0.00973680927563199));
#3383=CARTESIAN_POINT('',(0.0235296361856631,0.0366565716310198,0.0081368768591047));
#3384=CARTESIAN_POINT('',(0.0229663059038917,0.0337543812078475,0.00702477115153942));
#3385=CARTESIAN_POINT('',(0.0216820861179531,0.0307954902464995,0.00631448537517944));
#3386=CARTESIAN_POINT('',(0.0198729088950312,0.0279294707999441,0.00586719028531503));
#3387=CARTESIAN_POINT('',(0.0177154263361412,0.0251521457999651,0.00550838654544684));
#3388=CARTESIAN_POINT('',(0.0153674773461406,0.0225082814425043,0.00508688533621195));
#3389=CARTESIAN_POINT('',(0.0121868247690937,0.0192205249302752,0.00423940567903833));
#3390=CARTESIAN_POINT('',(0.00998063570904599,0.0171110045769286,0.00306738099390431));
#3391=CARTESIAN_POINT('',(0.00878076733003844,0.0159115082488963,0.00187757576674878));
#3392=CARTESIAN_POINT('',(-0.00635434805619076,0.0645151771838373,0.07375));
#3393=CARTESIAN_POINT('',(-0.00635656258245032,0.0645124622657071,0.0652403666752268));
#3394=CARTESIAN_POINT('',(-0.00303938015795366,0.063763466219505,0.0534150336498614));
#3395=CARTESIAN_POINT('',(0.00419791005833883,0.0602995386806045,0.039409296945078));
#3396=CARTESIAN_POINT('',(0.00895905341812312,0.0573456128605651,0.0316794044672182));
#3397=CARTESIAN_POINT('',(0.0131744962994126,0.0541760687721938,0.0254869588887742));
#3398=CARTESIAN_POINT('',(0.0170778094866399,0.0507358239639053,0.0201258870190734));
#3399=CARTESIAN_POINT('',(0.0203488466440245,0.046934592641051,0.0155065065573109));
#3400=CARTESIAN_POINT('',(0.0224522131457822,0.043116147861579,0.011985333744888));
#3401=CARTESIAN_POINT('',(0.0233523382093434,0.0397226616649417,0.00963212501493576));
#3402=CARTESIAN_POINT('',(0.0234203887504221,0.0366724390402074,0.00803964171512819));
#3403=CARTESIAN_POINT('',(0.0228502238698218,0.0337769109068986,0.00693670755302111));
#3404=CARTESIAN_POINT('',(0.0215570107079752,0.030828790358248,0.0062379867178894));
#3405=CARTESIAN_POINT('',(0.0197382378311948,0.0279781347516648,0.00580252117846488));
#3406=CARTESIAN_POINT('',(0.0175705344543018,0.0252198834960997,0.00545557891931382));
#3407=CARTESIAN_POINT('',(0.0152133407099838,0.0225980961312856,0.00504647454363177));
#3408=CARTESIAN_POINT('',(0.0120247790545945,0.0193411755510508,0.00421665125311791));
#3409=CARTESIAN_POINT('',(0.0098215726438417,0.0172525387404501,0.0030585997617931));
#3410=CARTESIAN_POINT('',(0.00863054060709039,0.016061833752929,0.00187747601236022));
#3411=CARTESIAN_POINT('',(-0.00641751258957425,0.0646182148262264,0.07375));
#3412=CARTESIAN_POINT('',(-0.00641978686310978,0.0646155756801329,0.0652261410716139));
#3413=CARTESIAN_POINT('',(-0.00309882231335564,0.0638428577207346,0.0533826666625093));
#3414=CARTESIAN_POINT('',(0.00414204014191622,0.0603455299558902,0.0393593092700467));
#3415=CARTESIAN_POINT('',(0.00890409797950292,0.0573741187298972,0.0316208212631602));
#3416=CARTESIAN_POINT('',(0.0131201993282216,0.0541924818832939,0.0254235332325033));
#3417=CARTESIAN_POINT('',(0.0170245505364428,0.0507443963273225,0.0200603839237518));
#3418=CARTESIAN_POINT('',(0.0202960069127105,0.0469391642575607,0.0154413451074594));
#3419=CARTESIAN_POINT('',(0.0223980651189669,0.0431202817707449,0.0119224102311142));
#3420=CARTESIAN_POINT('',(0.0232954242259036,0.0397285387093388,0.00957229924739699));
#3421=CARTESIAN_POINT('',(0.0233595818691126,0.0366812667231916,0.00798341586484909));
#3422=CARTESIAN_POINT('',(0.0227843308521598,0.033789869939315,0.00688485828714606));
#3423=CARTESIAN_POINT('',(0.0214846066352734,0.0308485149628737,0.00619190740651543));
#3424=CARTESIAN_POINT('',(0.019658808779531,0.0280076075924302,0.00576263980106532));
#3425=CARTESIAN_POINT('',(0.0174834636109416,0.0252618292242732,0.00542229631113621));
#3426=CARTESIAN_POINT('',(0.0151190147544028,0.0226548084230233,0.00502067173839742));
#3427=CARTESIAN_POINT('',(0.0119234306503531,0.0194186643475465,0.00420231893224129));
#3428=CARTESIAN_POINT('',(0.00972035311612602,0.0173435021258168,0.00305376294973228));
#3429=CARTESIAN_POINT('',(0.00853437457114699,0.0161578414495543,0.00187763591181782));
#3430=CARTESIAN_POINT('',(-0.0064791716503616,0.064721570510628,0.07375));
#3431=CARTESIAN_POINT('',(-0.0064814394390723,0.0647190096701921,0.0652119122780722));
#3432=CARTESIAN_POINT('',(-0.00315633722376141,0.0639213005862702,0.0533501598769304));
#3433=CARTESIAN_POINT('',(0.00409074391576773,0.0603889930675139,0.039311842812702));
#3434=CARTESIAN_POINT('',(0.00885399782556256,0.0574011596642645,0.0315652224878288));
#3435=CARTESIAN_POINT('',(0.013068272493256,0.0542089784389509,0.0253608439615429));
#3436=CARTESIAN_POINT('',(0.0169688686721904,0.0507543045987719,0.0199911792135468));
#3437=CARTESIAN_POINT('',(0.0202358758646638,0.0469460150210688,0.0153682627233429));
#3438=CARTESIAN_POINT('',(0.022334272012283,0.0431277011189095,0.0118498423507802));
#3439=CARTESIAN_POINT('',(0.0232300011109349,0.0397380200191853,0.0095040622821929));
#3440=CARTESIAN_POINT('',(0.0232939696106843,0.03669269136468,0.00792206592229538));
#3441=CARTESIAN_POINT('',(0.0227190247301247,0.0338029864153571,0.0068323372725439));
#3442=CARTESIAN_POINT('',(0.0214195703949621,0.0308641491987789,0.00614992883032877));
#3443=CARTESIAN_POINT('',(0.0195945120461373,0.0280266354442397,0.00573049129540547));
#3444=CARTESIAN_POINT('',(0.0174199043259829,0.0252847194347251,0.00539837141811317));
#3445=CARTESIAN_POINT('',(0.015056463074808,0.0226825252700957,0.00500323522405947));
#3446=CARTESIAN_POINT('',(0.0118635515922563,0.0194543975912251,0.00419182797609322));
#3447=CARTESIAN_POINT('',(0.00966644704071955,0.0173874605343661,0.00304795030235443));
#3448=CARTESIAN_POINT('',(0.00848581687849144,0.0162070476483656,0.00187698101584004));
#3449=CARTESIAN_POINT('',(-0.00655505631211237,0.0648542835678146,0.07375));
#3450=CARTESIAN_POINT('',(-0.00655734010693057,0.0648518277002758,0.0651935117824697));
#3451=CARTESIAN_POINT('',(-0.00322712039000583,0.0640228080542585,0.0533079540598179));
#3452=CARTESIAN_POINT('',(0.00402675721531122,0.0604463183755134,0.0392494036175566));
#3453=CARTESIAN_POINT('',(0.00879125659023638,0.0574371027433508,0.0314923346152964));
#3454=CARTESIAN_POINT('',(0.013003865017242,0.0542308654667028,0.0252799164562482));
#3455=CARTESIAN_POINT('',(0.0169011315599688,0.0507672263281371,0.0199038750949092));
#3456=CARTESIAN_POINT('',(0.020164093721643,0.046954472499035,0.0152778853996965));
#3457=CARTESIAN_POINT('',(0.022258769063926,0.0431362051770622,0.0117609412552344));
#3458=CARTESIAN_POINT('',(0.0231521874537477,0.039748764269841,0.0094201997630324));
#3459=CARTESIAN_POINT('',(0.0232147236743896,0.0367061298907461,0.00784553007804219));
#3460=CARTESIAN_POINT('',(0.0226383331207701,0.0338194729309806,0.00676498348323355));
#3461=CARTESIAN_POINT('',(0.0213369628373897,0.0308855188123947,0.00609364057622245));
#3462=CARTESIAN_POINT('',(0.0195104691221138,0.0280546600541709,0.00568489463909899));
#3463=CARTESIAN_POINT('',(0.0173344886918213,0.0253205900633525,0.00536230652851653));
#3464=CARTESIAN_POINT('',(0.0149702218317302,0.0227276585500436,0.0049754783287923));
#3465=CARTESIAN_POINT('',(0.0117782920982205,0.0195134395631222,0.00417407322169744));
#3466=CARTESIAN_POINT('',(0.0095870744936599,0.0174580984089186,0.00303748045011108));
#3467=CARTESIAN_POINT('',(0.00841292840561044,0.0162840699793286,0.00187280642627519));
#3468=CARTESIAN_POINT('',(-0.00667281959976579,0.0650726114709905,0.07375));
#3469=CARTESIAN_POINT('',(-0.00667511881704687,0.0650703384076281,0.0651631175415586));
#3470=CARTESIAN_POINT('',(-0.0033366127236757,0.0641902243947495,0.0532378817984034));
#3471=CARTESIAN_POINT('',(0.0039284612345041,0.0605411517365157,0.0391464231444722));
#3472=CARTESIAN_POINT('',(0.00869478947470988,0.0574971096610169,0.0313725016988175));
#3473=CARTESIAN_POINT('',(0.0129039782429415,0.0542680807820181,0.0251468805445174));
#3474=CARTESIAN_POINT('',(0.016794703632171,0.0507897976132534,0.0197602118416507));
#3475=CARTESIAN_POINT('',(0.0200501574554393,0.0469694980317386,0.0151290476930537));
#3476=CARTESIAN_POINT('',(0.0221385695849738,0.0431509005934155,0.0116145247323511));
#3477=CARTESIAN_POINT('',(0.0230286498227707,0.0397666752299892,0.0092821364835553));
#3478=CARTESIAN_POINT('',(0.0230896034244931,0.0367280223373368,0.00771952439399213));
#3479=CARTESIAN_POINT('',(0.0225118136408598,0.0338459892168487,0.00665390911183769));
#3480=CARTESIAN_POINT('',(0.021208620444391,0.0309195830381517,0.00600027173241479));
#3481=CARTESIAN_POINT('',(0.0193815605008018,0.0280986756012115,0.005608613854723));
#3482=CARTESIAN_POINT('',(0.0172055908898563,0.0253758624637818,0.00530119937829269));
#3483=CARTESIAN_POINT('',(0.0148424277083529,0.0227958792199103,0.00492729284806038));
#3484=CARTESIAN_POINT('',(0.0116550386692914,0.0196011032387484,0.00414087928349497));
#3485=CARTESIAN_POINT('',(0.00947476919999903,0.0175626572971603,0.00301490760370858));
#3486=CARTESIAN_POINT('',(0.00831085409665847,0.0163986775967348,0.00186014962537679));
#3487=CARTESIAN_POINT('',(-0.00681271076525466,0.0653566673743268,0.07375));
#3488=CARTESIAN_POINT('',(-0.00681503468925146,0.0653546528938947,0.065123412545745));
#3489=CARTESIAN_POINT('',(-0.00346623782294691,0.0644093559064141,0.0531457606089702));
#3490=CARTESIAN_POINT('',(0.00381235976604774,0.0606666236648858,0.0390111516030881));
#3491=CARTESIAN_POINT('',(0.00858062311555838,0.0575774714740609,0.0312157210277533));
#3492=CARTESIAN_POINT('',(0.0127852155755649,0.054318764142785,0.0249738049682948));
#3493=CARTESIAN_POINT('',(0.0166675197534118,0.0508210757489699,0.0195747446983043));
#3494=CARTESIAN_POINT('',(0.0199136852728467,0.046990128539533,0.0149382353976573));
#3495=CARTESIAN_POINT('',(0.0219946568018182,0.0431698450339076,0.0114274978010291));
#3496=CARTESIAN_POINT('',(0.0228807297033502,0.0397887263128453,0.00910561528013294));
#3497=CARTESIAN_POINT('',(0.0229394544630273,0.0367548045196729,0.00755741436511334));
#3498=CARTESIAN_POINT('',(0.0223593790500055,0.0338790896376827,0.00650912182955864));
#3499=CARTESIAN_POINT('',(0.0210534556174216,0.0309633546187374,0.00587561616235802));
#3500=CARTESIAN_POINT('',(0.0192256902453456,0.0281561374395411,0.00550371069473633));
#3501=CARTESIAN_POINT('',(0.0170502797664712,0.0254485008057598,0.00521437542859743));
#3502=CARTESIAN_POINT('',(0.0146894304045237,0.0228853450432589,0.00485631700857188));
#3503=CARTESIAN_POINT('',(0.0115089985231032,0.0197149857355756,0.00408867996648259));
#3504=CARTESIAN_POINT('',(0.00934267484648733,0.0176967611418974,0.00297614230822784));
#3505=CARTESIAN_POINT('',(0.00819112100309792,0.0165449109073065,0.00183338829801458));
#3506=CARTESIAN_POINT('',(-0.00701784738761916,0.0658325702703973,0.07375));
#3507=CARTESIAN_POINT('',(-0.00702019627417187,0.0658310276143632,0.0650570030826816));
#3508=CARTESIAN_POINT('',(-0.00365561425382878,0.0647792155641683,0.0529906144031771));
#3509=CARTESIAN_POINT('',(0.00364394722804815,0.0608807019287591,0.0387837343318316));
#3510=CARTESIAN_POINT('',(0.0084149939353509,0.0577164452069277,0.0309530878515903));
#3511=CARTESIAN_POINT('',(0.0126116313283375,0.0544082016183714,0.024684777572414));
#3512=CARTESIAN_POINT('',(0.0164796173860476,0.0508774397438765,0.019266202116695));
#3513=CARTESIAN_POINT('',(0.0197105613194371,0.0470269930176528,0.0146219209679246));
#3514=CARTESIAN_POINT('',(0.0217799909123419,0.0432013497598982,0.0111180727554056));
#3515=CARTESIAN_POINT('',(0.0226599278810636,0.0398231921366525,0.0088134148713697));
#3516=CARTESIAN_POINT('',(0.02271490476438,0.0367961064923511,0.00728783963737443));
#3517=CARTESIAN_POINT('',(0.0221308353694055,0.0339312402601268,0.00626564902890501));
#3518=CARTESIAN_POINT('',(0.0208207574869151,0.0310341948257628,0.00566128782995951));
#3519=CARTESIAN_POINT('',(0.0189928435881645,0.0282499587431392,0.00531838845664625));
#3520=CARTESIAN_POINT('',(0.0168200644609371,0.0255672012477106,0.00505644695074943));
#3521=CARTESIAN_POINT('',(0.0144651230111475,0.0230307227448518,0.00472310163115536));
#3522=CARTESIAN_POINT('',(0.011298583720218,0.0198979796747673,0.00398529959191961));
#3523=CARTESIAN_POINT('',(0.00915518752968903,0.0179097288231683,0.00289430663754657));
#3524=CARTESIAN_POINT('',(0.00802250692359786,0.016776369524331,0.00176992454445706));
#3525=CARTESIAN_POINT('',(-0.00723284882956108,0.0664610736214496,0.07375));
#3526=CARTESIAN_POINT('',(-0.00723518253879158,0.0664602603283136,0.0649702291470914));
#3527=CARTESIAN_POINT('',(-0.00385288950038751,0.065271669412072,0.0527865340090631));
#3528=CARTESIAN_POINT('',(0.00347186401492404,0.0611684217823248,0.0384853370906494));
#3529=CARTESIAN_POINT('',(0.00824679222266005,0.0579056820034186,0.0306096361827256));
#3530=CARTESIAN_POINT('',(0.0124337644526829,0.0545324501611078,0.0243074569400482));
#3531=CARTESIAN_POINT('',(0.0162839490918239,0.0509569660291494,0.0188642886586163));
#3532=CARTESIAN_POINT('',(0.0194964523904353,0.0470773653114894,0.0142109979248891));
#3533=CARTESIAN_POINT('',(0.0215521724757637,0.0432394303175514,0.0107170023542429));
#3534=CARTESIAN_POINT('',(0.0224237422175801,0.0398608690407511,0.00843479516383327));
#3535=CARTESIAN_POINT('',(0.0224721593068688,0.0368413195783728,0.00693693093421211));
#3536=CARTESIAN_POINT('',(0.0218814295894152,0.0339921258946741,0.00594438642233787));
#3537=CARTESIAN_POINT('',(0.0205660716192464,0.0311214220585096,0.00537063965642079));
#3538=CARTESIAN_POINT('',(0.0187387149833436,0.0283671793033719,0.00505909545716179));
#3539=CARTESIAN_POINT('',(0.0165704076531878,0.0257162909527526,0.00482819180555547));
#3540=CARTESIAN_POINT('',(0.0142240381774729,0.0232133728537876,0.00452395997686149));
#3541=CARTESIAN_POINT('',(0.0110756515050984,0.0201273826531956,0.00382231253680903));
#3542=CARTESIAN_POINT('',(0.00895942370126316,0.0181750776710092,0.00275838902110232));
#3543=CARTESIAN_POINT('',(0.00784879640499497,0.0170633017530397,0.00165558724497858));
#3544=CARTESIAN_POINT('',(-0.00747305803575306,0.0675345330457539,0.07375));
#3545=CARTESIAN_POINT('',(-0.00747513806472865,0.067534795739731,0.0648269591552245));
#3546=CARTESIAN_POINT('',(-0.00407546613748993,0.0661317219195873,0.0524462677652288));
#3547=CARTESIAN_POINT('',(0.00327987821916791,0.0616816387705335,0.037981977289673));
#3548=CARTESIAN_POINT('',(0.0080628350914135,0.0582469714185164,0.0300311358548384));
#3549=CARTESIAN_POINT('',(0.0122390450212653,0.0547600779308003,0.0236707629058408));
#3550=CARTESIAN_POINT('',(0.0160649441320209,0.0511041153921872,0.0181819243995884));
#3551=CARTESIAN_POINT('',(0.0192506516782143,0.0471665901582184,0.0135089102761116));
#3552=CARTESIAN_POINT('',(0.0212848773246337,0.0432967003039572,0.0100298428197064));
#3553=CARTESIAN_POINT('',(0.0221396043823057,0.0399097373611793,0.00778623978115079));
#3554=CARTESIAN_POINT('',(0.0221725560829586,0.0369020321826806,0.00633465737035627));
#3555=CARTESIAN_POINT('',(0.0215688188619182,0.0340839332832348,0.00538727666818462));
#3556=CARTESIAN_POINT('',(0.0202467415266196,0.0312600505721515,0.00485523485744246));
#3557=CARTESIAN_POINT('',(0.0184209492141436,0.028552734606565,0.00458894472640651));
#3558=CARTESIAN_POINT('',(0.016259862323513,0.0259499856403048,0.00440648494671052));
#3559=CARTESIAN_POINT('',(0.0139271272336848,0.0234960333148514,0.00415080517949964));
#3560=CARTESIAN_POINT('',(0.0108071907497561,0.0204764260121897,0.00351150458374292));
#3561=CARTESIAN_POINT('',(0.00873096491049623,0.0185731473475977,0.00249342557768821));
#3562=CARTESIAN_POINT('',(0.00765172308519284,0.0174921071542517,0.00142157187490363));
#3563=CARTESIAN_POINT('',(-0.0075514634804097,0.0689517073316915,0.07375));
#3564=CARTESIAN_POINT('',(-0.00755288203964347,0.0689529675143918,0.0646473261114886));
#3565=CARTESIAN_POINT('',(-0.00415826416245007,0.0673100641490406,0.0520173831027132));
#3566=CARTESIAN_POINT('',(0.003207865639618,0.0624105051992404,0.0373308996749072));
#3567=CARTESIAN_POINT('',(0.00800493164503812,0.0587322301441754,0.029282096280062));
#3568=CARTESIAN_POINT('',(0.012188872560849,0.0550786167763778,0.0228456161997289));
#3569=CARTESIAN_POINT('',(0.0160105760895639,0.0513008152287287,0.0172886921854609));
#3570=CARTESIAN_POINT('',(0.0191804013163072,0.0472652774488113,0.0125788041979878));
#3571=CARTESIAN_POINT('',(0.021187815159752,0.0433274102850835,0.00911665605599326));
#3572=CARTESIAN_POINT('',(0.0220019617176687,0.0399190008041762,0.00692647056010908));
#3573=CARTESIAN_POINT('',(0.0219959456508464,0.0369387789184448,0.00553414916888956));
#3574=CARTESIAN_POINT('',(0.021372084927327,0.0341829446840675,0.0046371852410447));
#3575=CARTESIAN_POINT('',(0.0200494351888716,0.0314287848414075,0.0041450344401198));
#3576=CARTESIAN_POINT('',(0.018222634416354,0.0287766284737182,0.00392661874447489));
#3577=CARTESIAN_POINT('',(0.0160599406956775,0.026228369009631,0.00380075414531433));
#3578=CARTESIAN_POINT('',(0.0137295207908164,0.0238288074885469,0.00360615819564525));
#3579=CARTESIAN_POINT('',(0.0106242114197838,0.0208819632750155,0.00304804224756068));
#3580=CARTESIAN_POINT('',(0.00858224635232824,0.0190292661430037,0.00208925917794655));
#3581=CARTESIAN_POINT('',(0.00753426264964173,0.0179788642735002,0.00104863645924136));
#3582=CARTESIAN_POINT('',(-0.00730531380263728,0.070353119273343,0.07375));
#3583=CARTESIAN_POINT('',(-0.00730590830762213,0.0703543125207585,0.0644799221548954));
#3584=CARTESIAN_POINT('',(-0.00395475327088031,0.0685418600205299,0.0516227694331362));
#3585=CARTESIAN_POINT('',(0.00337397476748233,0.0632349760853642,0.0367096620241791));
#3586=CARTESIAN_POINT('',(0.00817540146241426,0.0592895007578109,0.0285605241554531));
#3587=CARTESIAN_POINT('',(0.0123882951575217,0.055413519834361,0.0220580386831792));
#3588=CARTESIAN_POINT('',(0.0162521936986286,0.0514472723092972,0.0164494916812589));
#3589=CARTESIAN_POINT('',(0.0194388909116537,0.0472626866430765,0.0117087608394146));
#3590=CARTESIAN_POINT('',(0.021410715539933,0.043241975306352,0.00824999452145926));
#3591=CARTESIAN_POINT('',(0.022165624134288,0.0398431863623554,0.00608413473208062));
#3592=CARTESIAN_POINT('',(0.0221206147616269,0.0369316217406372,0.00472466058481394));
#3593=CARTESIAN_POINT('',(0.0214885627699824,0.0342683750964047,0.00386786026207361));
#3594=CARTESIAN_POINT('',(0.0201766446044471,0.0315964640719303,0.00342125255522169));
#3595=CARTESIAN_POINT('',(0.0183420442378907,0.0289955330364563,0.00324704807383682));
#3596=CARTESIAN_POINT('',(0.0161548059706357,0.0264928853913213,0.00316389157122717));
#3597=CARTESIAN_POINT('',(0.0137918706122331,0.0241392912463415,0.00301596205192554));
#3598=CARTESIAN_POINT('',(0.010651390779638,0.0212525855451568,0.00253119700551856));
#3599=CARTESIAN_POINT('',(0.00860347198655884,0.0194257107047623,0.00163440765154563));
#3600=CARTESIAN_POINT('',(0.00756618402842903,0.0183859400236012,0.00060531383013623));
#3601=CARTESIAN_POINT('',(-0.00693220758939539,0.0713997986612073,0.07375));
#3602=CARTESIAN_POINT('',(-0.00693224667854141,0.0714005470931067,0.0643537328054428));
#3603=CARTESIAN_POINT('',(-0.00362988313753806,0.0694864403863596,0.0513284736799061));
#3604=CARTESIAN_POINT('',(0.00364725805204872,0.0639024205308977,0.0362516977503679));
#3605=CARTESIAN_POINT('',(0.00843977348803244,0.0597582375401617,0.0280304498550307));
#3606=CARTESIAN_POINT('',(0.0126665932221196,0.0556971520493942,0.0214847615482199));
#3607=CARTESIAN_POINT('',(0.016559822746165,0.0515541033228201,0.0158507219351512));
#3608=CARTESIAN_POINT('',(0.0197596538937612,0.0472320999507403,0.0110970142993787));
#3609=CARTESIAN_POINT('',(0.0217151688629162,0.0431556756282598,0.00763125131854891));
#3610=CARTESIAN_POINT('',(0.022450142025022,0.0397754370029913,0.00546639862845323));
#3611=CARTESIAN_POINT('',(0.0223943392384407,0.0369145898038472,0.00411933644345847));
#3612=CARTESIAN_POINT('',(0.0217588642677118,0.0343170284117554,0.00328720193946406));
#3613=CARTESIAN_POINT('',(0.0204448424331258,0.031712418308908,0.00287883967339958));
#3614=CARTESIAN_POINT('',(0.0185958062114623,0.0291586162588645,0.00274370839955654));
#3615=CARTESIAN_POINT('',(0.016384033312755,0.0266927202505983,0.00269427755194347));
#3616=CARTESIAN_POINT('',(0.0139880234556638,0.0243699415170475,0.0025748478182298));
#3617=CARTESIAN_POINT('',(0.0108014636117189,0.0215192582276244,0.00212757961239033));
#3618=CARTESIAN_POINT('',(0.00872152208280993,0.0197024689634807,0.00125678773775922));
#3619=CARTESIAN_POINT('',(0.00767679637199992,0.018655716227135,0.000221177261382535));
#3620=CARTESIAN_POINT('',(-0.0065816369121576,0.0721257725562156,0.07375));
#3621=CARTESIAN_POINT('',(-0.00658142258136093,0.0721259397299393,0.0642644972994185));
#3622=CARTESIAN_POINT('',(-0.00331813805506134,0.0701522447612114,0.0511213121384061));
#3623=CARTESIAN_POINT('',(0.00391341856166898,0.064388044803669,0.035933610336764));
#3624=CARTESIAN_POINT('',(0.00869369799702642,0.0601072079060438,0.0276645505971133));
#3625=CARTESIAN_POINT('',(0.0129248475109435,0.0559122030336742,0.0210916682552146));
#3626=CARTESIAN_POINT('',(0.016832835447179,0.0516346350447742,0.0154435463761161));
#3627=CARTESIAN_POINT('',(0.0200384028817628,0.0472073714757736,0.0106831882793826));
#3628=CARTESIAN_POINT('',(0.0219895626571123,0.0430908474706819,0.00721190952595779));
#3629=CARTESIAN_POINT('',(0.0227224562910344,0.0397225259096997,0.00504529602398354));
#3630=CARTESIAN_POINT('',(0.0226673062524127,0.0368947280947004,0.00370239740962055));
#3631=CARTESIAN_POINT('',(0.0220330358327024,0.034341410119569,0.00288086452260089));
#3632=CARTESIAN_POINT('',(0.0207167302617972,0.031785370648328,0.00249082167655092));
#3633=CARTESIAN_POINT('',(0.0188558747813258,0.029268061267614,0.00237502506278045));
#3634=CARTESIAN_POINT('',(0.0166254650576094,0.0268313754123351,0.00234387947409018));
#3635=CARTESIAN_POINT('',(0.0142044786475558,0.0245320751554584,0.00224187268709053));
#3636=CARTESIAN_POINT('',(0.0109803962860416,0.0217051705110076,0.00181868889107837));
#3637=CARTESIAN_POINT('',(0.00886674985883924,0.0198893452737287,0.000958452752763227));
#3638=CARTESIAN_POINT('',(0.00780939484080326,0.0188304826941604,-8.92161842225233E-5));
#3639=CARTESIAN_POINT('',(-0.00616090278333685,0.0728017318542422,0.07375));
#3640=CARTESIAN_POINT('',(-0.00616036639563988,0.0728017009146494,0.0641813533622412));
#3641=CARTESIAN_POINT('',(-0.00294212970504677,0.0707759153643188,0.0509297817723525));
#3642=CARTESIAN_POINT('',(0.00423711656320717,0.0648532242862719,0.0356433427872323));
#3643=CARTESIAN_POINT('',(0.00900185745345339,0.0604514924656933,0.027330229462174));
#3644=CARTESIAN_POINT('',(0.0132351659986838,0.056136242688807,0.0207296960319161));
#3645=CARTESIAN_POINT('',(0.0171578571379056,0.0517376271982605,0.015062690413149));
#3646=CARTESIAN_POINT('',(0.0203765118530059,0.0472160991971167,0.0102881515073643));
#3647=CARTESIAN_POINT('',(0.0223376848864269,0.0430570078807324,0.00680719731404891));
#3648=CARTESIAN_POINT('',(0.0230764798207413,0.0396852001333095,0.00463877377884155));
#3649=CARTESIAN_POINT('',(0.0230208909056635,0.0368738169715914,0.00330167686369978));
#3650=CARTESIAN_POINT('',(0.0223801630575751,0.0343522938976993,0.00249393539982826));
#3651=CARTESIAN_POINT('',(0.0210493796667267,0.0318428364381861,0.00213032177946264));
#3652=CARTESIAN_POINT('',(0.019167531361864,0.0293677815466786,0.00204872540222363));
#3653=CARTESIAN_POINT('',(0.016915658494861,0.0269620121738072,0.0020516677494434));
#3654=CARTESIAN_POINT('',(0.014470723240263,0.0246772105727187,0.00196976119140587));
#3655=CARTESIAN_POINT('',(0.0112067094206602,0.021856130581853,0.00154712951064858));
#3656=CARTESIAN_POINT('',(0.00905657250314568,0.0200364342880339,0.000669339520596512));
#3657=CARTESIAN_POINT('',(0.00798195375853175,0.0189606226457641,-0.000394897587923879));
#3658=CARTESIAN_POINT('',(-0.00550214521931894,0.0736459812237854,0.07375));
#3659=CARTESIAN_POINT('',(-0.00550132631227239,0.0736454592824333,0.064081092675471));
#3660=CARTESIAN_POINT('',(-0.00235227739997081,0.0715646435755185,0.0507030190249489));
#3661=CARTESIAN_POINT('',(0.00474547698930798,0.0654582319213123,0.0352982451694407));
#3662=CARTESIAN_POINT('',(0.00948447502325845,0.0609102051048,0.0269287290048546));
#3663=CARTESIAN_POINT('',(0.0137192285556583,0.0564453721055371,0.0202887612346329));
#3664=CARTESIAN_POINT('',(0.0176647159055497,0.0518939367162007,0.014590054464064));
#3665=CARTESIAN_POINT('',(0.0209098221720563,0.0472500606543282,0.00979088067633876));
#3666=CARTESIAN_POINT('',(0.0228935245599572,0.043027028915129,0.0062967962727693));
#3667=CARTESIAN_POINT('',(0.023644475950313,0.0396398651963793,0.00412751191613483));
#3668=CARTESIAN_POINT('',(0.0235894011904639,0.0368404167488804,0.00279806305269527));
#3669=CARTESIAN_POINT('',(0.022938644910768,0.0343514418800295,0.0020060061858151));
#3670=CARTESIAN_POINT('',(0.0215826445604677,0.0318936920181413,0.00167033902383359));
#3671=CARTESIAN_POINT('',(0.0196621572769294,0.0294666574913125,0.00162509713078682));
#3672=CARTESIAN_POINT('',(0.0173673482730821,0.0270987822078093,0.00166948729383983));
#3673=CARTESIAN_POINT('',(0.0148777012073028,0.0248319846420813,0.00162158306339027));
#3674=CARTESIAN_POINT('',(0.0115497380311946,0.0220102432278472,0.00121764767017565));
#3675=CARTESIAN_POINT('',(0.00934542052899909,0.0201719577810245,0.00032150279004692));
#3676=CARTESIAN_POINT('',(0.00824364188763545,0.0190695483301366,-0.000769163111229338));
#3677=CARTESIAN_POINT('',(-0.00451646587599862,0.0745579564439292,0.07375));
#3678=CARTESIAN_POINT('',(-0.00451550435443961,0.074556762603649,0.0639781016629871));
#3679=CARTESIAN_POINT('',(-0.00146863248607821,0.0724371338195684,0.0504768138872433));
#3680=CARTESIAN_POINT('',(0.00550733821660641,0.0661604500201937,0.034954600761068));
#3681=CARTESIAN_POINT('',(0.0102061347688024,0.0614646486364272,0.0265232017647055));
#3682=CARTESIAN_POINT('',(0.0144420251863,0.0568408365581505,0.0198333524300263));
#3683=CARTESIAN_POINT('',(0.0184258115458225,0.0521223389216688,0.0140878989932215));
#3684=CARTESIAN_POINT('',(0.0217232334226884,0.0473355816924009,0.00925091730193779));
#3685=CARTESIAN_POINT('',(0.023749789300046,0.04301960407751,0.00573768994471399));
#3686=CARTESIAN_POINT('',(0.0245194866308629,0.0395906640165181,0.00356612654917992));
#3687=CARTESIAN_POINT('',(0.0244618318394891,0.0367843044542692,0.00224409648444425));
#3688=CARTESIAN_POINT('',(0.0237906510686603,0.0343164788859808,0.00146743557093939));
#3689=CARTESIAN_POINT('',(0.0223895856851864,0.0319082485967108,0.00115866724801754));
#3690=CARTESIAN_POINT('',(0.0204038840387208,0.0295332770206874,0.00115051529917014));
#3691=CARTESIAN_POINT('',(0.0180358831850853,0.0272110918366823,0.00124291514828293));
#3692=CARTESIAN_POINT('',(0.0154722468824449,0.0249661975747384,0.00124234037832548));
#3693=CARTESIAN_POINT('',(0.0120463699427479,0.0221309446375147,0.000871863173011119));
#3694=CARTESIAN_POINT('',(0.00976570538440396,0.0202482191179195,-5.39488888359068E-5));
#3695=CARTESIAN_POINT('',(0.00862171804111859,0.0191043686396711,-0.00118612790094612));
#3696=CARTESIAN_POINT('',(-0.00337746070190483,0.0752316613148925,0.07375));
#3697=CARTESIAN_POINT('',(-0.00337677927581717,0.0752299419551619,0.0639073630020522));
#3698=CARTESIAN_POINT('',(-0.00044633685778188,0.0731154741839392,0.0503309246753064));
#3699=CARTESIAN_POINT('',(0.00639696182152631,0.0667565399345575,0.0347353492754685));
#3700=CARTESIAN_POINT('',(0.0110541110303955,0.0619656412219121,0.0262564488810536));
#3701=CARTESIAN_POINT('',(0.0152977171059763,0.057223550713634,0.0195202372640704));
#3702=CARTESIAN_POINT('',(0.0193360575646388,0.052367686156581,0.0137262574536281));
#3703=CARTESIAN_POINT('',(0.0227035146574539,0.047447405966362,0.00884847319055363));
#3704=CARTESIAN_POINT('',(0.0247805468103895,0.0430273883698911,0.00531118659504176));
#3705=CARTESIAN_POINT('',(0.0255683631518011,0.0395378639824007,0.00313161977085064));
#3706=CARTESIAN_POINT('',(0.0255043539146992,0.0367047830341856,0.00181088320178462));
#3707=CARTESIAN_POINT('',(0.0248073381623435,0.0342381039752828,0.00104183461393324));
#3708=CARTESIAN_POINT('',(0.0233537327622475,0.0318585913019123,0.000746641324043706));
#3709=CARTESIAN_POINT('',(0.0212925421680174,0.0295174162706095,0.000758297588447027));
#3710=CARTESIAN_POINT('',(0.0188360184994375,0.0272297450135153,0.000881157561415412));
#3711=CARTESIAN_POINT('',(0.0161789071143502,0.0250056463795681,0.000919114450219538));
#3712=CARTESIAN_POINT('',(0.0126303523670859,0.0221568709885747,0.000592086419211208));
#3713=CARTESIAN_POINT('',(0.0102594486962347,0.0202067340834868,-0.000354325244647575));
#3714=CARTESIAN_POINT('',(0.00906353978442733,0.0190112450679059,-0.00153826184442836));
#3715=CARTESIAN_POINT('',(-0.0024194574091038,0.0756127421331737,0.07375));
#3716=CARTESIAN_POINT('',(-0.00241916626216632,0.0756110658484451,0.0638720568534229));
#3717=CARTESIAN_POINT('',(0.000406336653207573,0.0735203960805079,0.0502629440055678));
#3718=CARTESIAN_POINT('',(0.00714156868898764,0.0671423792983977,0.0346359863456691));
#3719=CARTESIAN_POINT('',(0.0117682792498284,0.0623086372465377,0.0261301140094283));
#3720=CARTESIAN_POINT('',(0.0160238504500559,0.0575005545258726,0.0193620932040707));
#3721=CARTESIAN_POINT('',(0.0201134435288299,0.0525584905179128,0.0135318781514018));
#3722=CARTESIAN_POINT('',(0.0235423901176263,0.0475444186514336,0.00862121869826669));
#3723=CARTESIAN_POINT('',(0.0256612732740078,0.0430420163954894,0.00506125038318175));
#3724=CARTESIAN_POINT('',(0.0264627566187201,0.0394971846132562,0.0028712414364846));
#3725=CARTESIAN_POINT('',(0.0263925608340174,0.036632736887364,0.00154809250401342));
#3726=CARTESIAN_POINT('',(0.0256745107348433,0.0341554226223492,0.000781746937429445));
#3727=CARTESIAN_POINT('',(0.0241807104096744,0.0317846536197505,0.000491862612437196));
#3728=CARTESIAN_POINT('',(0.0220622789090534,0.0294545694773341,0.00051172046922819));
#3729=CARTESIAN_POINT('',(0.0195370729539017,0.0271797528314092,0.000649401835156007));
#3730=CARTESIAN_POINT('',(0.0168042988278556,0.0249629424724669,0.000708830243097315));
#3731=CARTESIAN_POINT('',(0.0131519412461307,0.022101755855178,0.000411998593132896));
#3732=CARTESIAN_POINT('',(0.0106995193822058,0.0200918195215656,-0.000541762956129537));
#3733=CARTESIAN_POINT('',(0.00945696620514966,0.0188492445553743,-0.00177196802451652));
#3734=CARTESIAN_POINT('',(-0.00181143495089235,0.0757854363841895,0.07375));
#3735=CARTESIAN_POINT('',(-0.00181133677916731,0.0757839540945412,0.0638588429823707));
#3736=CARTESIAN_POINT('',(0.000945826031236822,0.0737159408175013,0.0502403918383199));
#3737=CARTESIAN_POINT('',(0.00761275331005329,0.0673429624982591,0.0346040578714617));
#3738=CARTESIAN_POINT('',(0.0122213440442328,0.0624953857019068,0.0260858521865035));
#3739=CARTESIAN_POINT('',(0.0164861298680629,0.057658371238495,0.019300418051909));
#3740=CARTESIAN_POINT('',(0.0206097931829686,0.0526741087266274,0.0134489880421329));
#3741=CARTESIAN_POINT('',(0.0240783329184653,0.0476093119136777,0.00851786148237584));
#3742=CARTESIAN_POINT('',(0.0262233291852095,0.0430575032466599,0.00494238994363146));
#3743=CARTESIAN_POINT('',(0.027032613224656,0.0394757365218226,0.0027443786717938));
#3744=CARTESIAN_POINT('',(0.0269578348040672,0.0365872200277564,0.00141880044465057));
#3745=CARTESIAN_POINT('',(0.0262264800020472,0.0340977763978918,0.000653649904235279));
#3746=CARTESIAN_POINT('',(0.0247090547547659,0.0317254429255691,0.000366136423540911));
#3747=CARTESIAN_POINT('',(0.0225577079773766,0.0293939610491167,0.000389469793145696));
#3748=CARTESIAN_POINT('',(0.0199926814484412,0.0271186524663581,0.000533873134945199));
#3749=CARTESIAN_POINT('',(0.0172149216639259,0.024899541013323,0.00060364739122544));
#3750=CARTESIAN_POINT('',(0.0134989573745926,0.0220266872471231,0.000322652213200646));
#3751=CARTESIAN_POINT('',(0.0109927688618321,0.0199791399211243,-0.00063206574585697));
#3752=CARTESIAN_POINT('',(0.00971965695608565,0.0187055967182657,-0.00189218388485242));
#3753=CARTESIAN_POINT('',(-0.00132476620180435,0.0758851493928018,0.07375));
#3754=CARTESIAN_POINT('',(-0.00132474633122626,0.0758839054081633,0.0638536720385336));
#3755=CARTESIAN_POINT('',(0.00137628359775166,0.073838273528089,0.0502345126607861));
#3756=CARTESIAN_POINT('',(0.00798864766733028,0.0674783718380959,0.0345960065754791));
#3757=CARTESIAN_POINT('',(0.0125839507159368,0.0626270832479901,0.0260702611851968));
#3758=CARTESIAN_POINT('',(0.0168577330526023,0.0577743959639964,0.0192720119132148));
#3759=CARTESIAN_POINT('',(0.0210102450564357,0.0527640437815785,0.0134039838830522));
#3760=CARTESIAN_POINT('',(0.0245113677410398,0.0476644223170627,0.00845602361389894));
#3761=CARTESIAN_POINT('',(0.0266773900853458,0.04307507875251,0.0048671716597048));
#3762=CARTESIAN_POINT('',(0.0274923970280452,0.0394625297110604,0.00266208672168267));
#3763=CARTESIAN_POINT('',(0.0274131542366943,0.036551942845318,0.00133456824824351));
#3764=CARTESIAN_POINT('',(0.0266704824150646,0.0340493185401951,0.000570981041975279));
#3765=CARTESIAN_POINT('',(0.025134504032003,0.0316712812015243,0.000286079340244643));
#3766=CARTESIAN_POINT('',(0.0229582925747809,0.0293330476249372,0.000312676922008957));
#3767=CARTESIAN_POINT('',(0.0203633628815422,0.0270510905854282,0.00046246648307232));
#3768=CARTESIAN_POINT('',(0.017551340072275,0.0248245451369458,0.000539962384101536));
#3769=CARTESIAN_POINT('',(0.01378592240015,0.0219381278456233,0.000270398865649843));
#3770=CARTESIAN_POINT('',(0.0112351344473775,0.0198614681353951,-0.000683220562078193));
#3771=CARTESIAN_POINT('',(0.00993704753518703,0.0185626984727448,-0.00196741020183243));
#3772=CARTESIAN_POINT('',(-0.000961518049119014,0.0759411016877134,0.07375));
#3773=CARTESIAN_POINT('',(-0.000961514807554775,0.0759400661687343,0.0638525120394119));
#3774=CARTESIAN_POINT('',(0.0016969184387262,0.0739131541132856,0.0502362620613205));
#3775=CARTESIAN_POINT('',(0.00826865425592217,0.0675672658963616,0.0345985780267996));
#3776=CARTESIAN_POINT('',(0.0128547929797567,0.062716724076634,0.026068219867365));
#3777=CARTESIAN_POINT('',(0.0171362885625545,0.0578560213370119,0.0192607990356365));
#3778=CARTESIAN_POINT('',(0.0213113090607952,0.0528301182587003,0.0133803400593154));
#3779=CARTESIAN_POINT('',(0.0248373255085473,0.0477075344862646,0.00841935227383317));
#3780=CARTESIAN_POINT('',(0.0270191482592074,0.0430912325829984,0.00481994306217714));
#3781=CARTESIAN_POINT('',(0.0278381189324087,0.0394550547487952,0.00260933727118358));
#3782=CARTESIAN_POINT('',(0.0277550255359919,0.036526509112691,0.00128057733134497));
#3783=CARTESIAN_POINT('',(0.0270034113111685,0.0340122298839751,0.000518736475967489));
#3784=CARTESIAN_POINT('',(0.0254536521608015,0.0316274952349772,0.000236458222836962));
#3785=CARTESIAN_POINT('',(0.0232596169653649,0.0292808856947913,0.000266098179212618));
#3786=CARTESIAN_POINT('',(0.0206434102127935,0.0269901157553932,0.000420321834415964));
#3787=CARTESIAN_POINT('',(0.0178067750337946,0.0247544838074933,0.000503654098519114));
#3788=CARTESIAN_POINT('',(0.0140053499438751,0.0218549809411378,0.000242148727205358));
#3789=CARTESIAN_POINT('',(0.0114206895766534,0.019757493836942,-0.000710041209576752));
#3790=CARTESIAN_POINT('',(0.0101039358305385,0.0184399758463823,-0.00201201104134581));
#3791=CARTESIAN_POINT('',(-0.000660949400245683,0.0759724859135509,0.07375));
#3792=CARTESIAN_POINT('',(-0.0006609169532289,0.0759716360070425,0.0638539046507999));
#3793=CARTESIAN_POINT('',(0.00196173946723652,0.0739618967470196,0.050243107773066));
#3794=CARTESIAN_POINT('',(0.00849979966347335,0.0676309572752313,0.0346079160366593));
#3795=CARTESIAN_POINT('',(0.0130789501042616,0.062783790987909,0.0260744166125664));
#3796=CARTESIAN_POINT('',(0.0173676796616609,0.0579194480663445,0.0192595621566628));
#3797=CARTESIAN_POINT('',(0.0215622064098719,0.0528840244238667,0.01336856688532));
#3798=CARTESIAN_POINT('',(0.0251094044436128,0.0477451499790536,0.00839621811710013));
#3799=CARTESIAN_POINT('',(0.0273044904699416,0.0431075381125444,0.00478753179941047));
#3800=CARTESIAN_POINT('',(0.0281265069069139,0.0394512480663065,0.00257222175691482));
#3801=CARTESIAN_POINT('',(0.0280397100890415,0.0365065086584118,0.00124276073276096));
#3802=CARTESIAN_POINT('',(0.0272801004183432,0.0339809584040226,0.000483077716417592));
#3803=CARTESIAN_POINT('',(0.0257187582629847,0.0315885121707353,0.000203858420710271));
#3804=CARTESIAN_POINT('',(0.0235103910085263,0.0292319820076477,0.000236943914213126));
#3805=CARTESIAN_POINT('',(0.0208773081333454,0.0269304302236518,0.000395686589203365));
#3806=CARTESIAN_POINT('',(0.0180210385835214,0.0246839918773614,0.000484413828692431));
#3807=CARTESIAN_POINT('',(0.0141905827914708,0.0217706069173743,0.000229666898875068));
#3808=CARTESIAN_POINT('',(0.0115775689759649,0.0196565456023671,-0.000721026313041823));
#3809=CARTESIAN_POINT('',(0.0102454312071384,0.0183237030619033,-0.00203748215520068));
#3810=CARTESIAN_POINT('',(-0.00042250124220626,0.0759887901868871,0.07375));
#3811=CARTESIAN_POINT('',(-0.000422412671812018,0.0759880889633239,0.063856457325136));
#3812=CARTESIAN_POINT('',(0.00217136269444923,0.0739929371297825,0.0502519117734961));
#3813=CARTESIAN_POINT('',(0.0086825083265581,0.0676756855070525,0.0346196231517914));
#3814=CARTESIAN_POINT('',(0.0132565834536683,0.0628327486163027,0.0260839416188937));
#3815=CARTESIAN_POINT('',(0.0175518659177261,0.0579673292469781,0.0192632040739071));
#3816=CARTESIAN_POINT('',(0.0217628609637724,0.0529265386296857,0.0133635962943388));
#3817=CARTESIAN_POINT('',(0.0253276407854656,0.0477765671224373,0.00838173107673127));
#3818=CARTESIAN_POINT('',(0.0275335732538984,0.0431226620123347,0.00476523997173986));
#3819=CARTESIAN_POINT('',(0.028357798570294,0.0394499236252972,0.00254611015517397));
#3820=CARTESIAN_POINT('',(0.0282674387541388,0.036491360476799,0.00121640734717236));
#3821=CARTESIAN_POINT('',(0.0275005955345991,0.0339558506323964,0.00045910809728628));
#3822=CARTESIAN_POINT('',(0.0259292664931979,0.0315562552851931,0.000183153213457956));
#3823=CARTESIAN_POINT('',(0.0237091423942147,0.0291904402010504,0.000219790314109523));
#3824=CARTESIAN_POINT('',(0.021062559695788,0.0268785888228183,0.000382898457177458));
#3825=CARTESIAN_POINT('',(0.0181906557905629,0.0246219347081004,0.000476529943536158));
#3826=CARTESIAN_POINT('',(0.0143370317736826,0.0216960984421918,0.000227524180024059));
#3827=CARTESIAN_POINT('',(0.0117008563167404,0.0195696827648026,-0.000721792779738576));
#3828=CARTESIAN_POINT('',(0.0103564592233635,0.0182247497246192,-0.00204967580764505));
#3829=CARTESIAN_POINT('',(-0.000274458198123545,0.0759953804871722,0.07375));
#3830=CARTESIAN_POINT('',(-0.000274336300150477,0.0759947689437978,0.0638586376072963));
#3831=CARTESIAN_POINT('',(0.00230161236438094,0.0740090756792459,0.0502588617603742));
#3832=CARTESIAN_POINT('',(0.00879622752610401,0.0677012467158645,0.0346288648857692));
#3833=CARTESIAN_POINT('',(0.0133672281620735,0.0628615716592938,0.0260919000052921));
#3834=CARTESIAN_POINT('',(0.0176665459909774,0.0579960786201516,0.0192673754844107));
#3835=CARTESIAN_POINT('',(0.0218875758418244,0.0529525597134741,0.0133621113164753));
#3836=CARTESIAN_POINT('',(0.0254630128609223,0.047796228910853,0.00837403890589523));
#3837=CARTESIAN_POINT('',(0.0276755222057578,0.0431325298518919,0.00475262286280161));
#3838=CARTESIAN_POINT('',(0.0285011328280324,0.0394496750698509,0.00253125955892871));
#3839=CARTESIAN_POINT('',(0.0284087319426288,0.0364824147838106,0.00120163174823342));
#3840=CARTESIAN_POINT('',(0.0276377416704136,0.0339403397625081,0.000446028629793935));
#3841=CARTESIAN_POINT('',(0.0260608408551583,0.0315351759387585,0.000172320321556236));
#3842=CARTESIAN_POINT('',(0.0238341873857359,0.0291617526977908,0.000211572731117686));
#3843=CARTESIAN_POINT('',(0.0211799930013134,0.0268413853717182,0.000377893508150394));
#3844=CARTESIAN_POINT('',(0.0182991375003027,0.0245763285997154,0.000474935574036706));
#3845=CARTESIAN_POINT('',(0.0144321212494923,0.0216404501678984,0.000229588505383604));
#3846=CARTESIAN_POINT('',(0.0117826056192108,0.0195060686010507,-0.000719235793309202));
#3847=CARTESIAN_POINT('',(0.0104310991928829,0.0181541500193657,-0.00205375588120076));
#3848=CARTESIAN_POINT('',(-0.00015677324846601,0.0759985339863354,0.07375));
#3849=CARTESIAN_POINT('',(-0.000156589075890349,0.0759979963798407,0.0638607695168829));
#3850=CARTESIAN_POINT('',(0.00240445561947341,0.0740200356676355,0.0502651873203656));
#3851=CARTESIAN_POINT('',(0.00888539131851281,0.0677198131670866,0.0346369968744048));
#3852=CARTESIAN_POINT('',(0.0134543341726352,0.062883094445116,0.0260991326114295));
#3853=CARTESIAN_POINT('',(0.0177578459510609,0.0580182770895629,0.019271784458884));
#3854=CARTESIAN_POINT('',(0.0219883449775969,0.0529737483292842,0.0133622267392945));
#3855=CARTESIAN_POINT('',(0.0255736267565976,0.0478133160009366,0.0083691400256565));
#3856=CARTESIAN_POINT('',(0.0277920235812793,0.0431418829825208,0.00474345236367359));
#3857=CARTESIAN_POINT('',(0.0286184755290318,0.0394502836814935,0.0025200117595818));
#3858=CARTESIAN_POINT('',(0.0285234245200028,0.0364752901383059,0.00119044673560425));
#3859=CARTESIAN_POINT('',(0.0277474777882241,0.0339276440534506,0.000436602052900452));
#3860=CARTESIAN_POINT('',(0.0261640580840959,0.0315190273130484,0.000165255437558156));
#3861=CARTESIAN_POINT('',(0.0239303251417649,0.0291413315328716,0.000206830753455997));
#3862=CARTESIAN_POINT('',(0.0212684911939486,0.0268160803855325,0.000375794178499974));
#3863=CARTESIAN_POINT('',(0.0183790318388768,0.0245462184348469,0.000475722929617512));
#3864=CARTESIAN_POINT('',(0.0144993887812713,0.0216048205778665,0.000233700133265023));
#3865=CARTESIAN_POINT('',(0.011836845108868,0.0194654187589099,-0.000714021934748323));
#3866=CARTESIAN_POINT('',(0.0104788191100983,0.0181071779727765,-0.00205451112070109));
#3867=CARTESIAN_POINT('',(-3.94244268502341E-5,0.0760002989042427,0.07375));
#3868=CARTESIAN_POINT('',(-3.92805628765167E-5,0.0759998194217913,0.0638630360438309));
#3869=CARTESIAN_POINT('',(0.00250911824929265,0.0740297858251607,0.0502724148734537));
#3870=CARTESIAN_POINT('',(0.00897826170307498,0.0677386956242107,0.0346470298402249));
#3871=CARTESIAN_POINT('',(0.0135442756108708,0.0629051911439403,0.0261080321494693));
#3872=CARTESIAN_POINT('',(0.0178492481979923,0.0580402276242988,0.0192770187242026));
#3873=CARTESIAN_POINT('',(0.0220847796829743,0.0529927669858683,0.0133619017397759));
#3874=CARTESIAN_POINT('',(0.0256756385905756,0.0478267585077307,0.00836333161865916));
#3875=CARTESIAN_POINT('',(0.0278977966337797,0.0431481507399718,0.00473416788172226));
#3876=CARTESIAN_POINT('',(0.0287258186972161,0.0394499492937927,0.00250980473616729));
#3877=CARTESIAN_POINT('',(0.028631254263613,0.0364692425742115,0.00118083119401281));
#3878=CARTESIAN_POINT('',(0.0278555566212045,0.0339162148278047,0.000428147086511783));
#3879=CARTESIAN_POINT('',(0.026272595666081,0.0314991066728079,0.000158114826314516));
#3880=CARTESIAN_POINT('',(0.0240385310523908,0.0291083348472699,0.000202305770661076));
#3881=CARTESIAN_POINT('',(0.021374992246133,0.0267684795028775,0.000374864797714315));
#3882=CARTESIAN_POINT('',(0.018482573364671,0.0244842462505468,0.000478111128008947));
#3883=CARTESIAN_POINT('',(0.0145978221078176,0.021525559254198,0.000238623912268828));
#3884=CARTESIAN_POINT('',(0.0119312422685904,0.0193768632462399,-0.000710797592831537));
#3885=CARTESIAN_POINT('',(0.0105702225838631,0.0180155951883266,-0.00205433004324258));
#3886=CARTESIAN_POINT('',(0.000163841420854245,0.0759997957676514,0.07375));
#3887=CARTESIAN_POINT('',(0.000163955335900741,0.0759994268714318,0.0638673318969889));
#3888=CARTESIAN_POINT('',(0.00269011152631369,0.0740435211030862,0.0502854832273929));
#3889=CARTESIAN_POINT('',(0.00913857088412185,0.067768722075783,0.0346651982165347));
#3890=CARTESIAN_POINT('',(0.0136998398076346,0.062941448647017,0.0261247220613441));
#3891=CARTESIAN_POINT('',(0.0180080719866113,0.0580772677877318,0.0192880075655061));
#3892=CARTESIAN_POINT('',(0.0222534088235017,0.0530261761511499,0.0133640371240777));
#3893=CARTESIAN_POINT('',(0.0258549719037492,0.0478516345050683,0.00835633964571848));
#3894=CARTESIAN_POINT('',(0.0280841702871582,0.0431606422237694,0.0047208895446981));
#3895=CARTESIAN_POINT('',(0.0289147134037746,0.0394501632428326,0.00249439613491079));
#3896=CARTESIAN_POINT('',(0.028820200720041,0.0364585486394242,0.00116604466800086));
#3897=CARTESIAN_POINT('',(0.0280436917207024,0.0338955990232805,0.000415262574147404));
#3898=CARTESIAN_POINT('',(0.0264600172851654,0.0314645805132698,0.00014751893046023));
#3899=CARTESIAN_POINT('',(0.0242240157944423,0.0290532333436325,0.0001958555408461));
#3900=CARTESIAN_POINT('',(0.021556370082376,0.0266906620864639,0.000373967394133386));
#3901=CARTESIAN_POINT('',(0.0186576541599243,0.0243842379145507,0.000482411464223504));
#3902=CARTESIAN_POINT('',(0.0147622642051453,0.021399071226739,0.000247087116558001));
#3903=CARTESIAN_POINT('',(0.0120857534340298,0.0192354853508394,-0.000704520558595976));
#3904=CARTESIAN_POINT('',(0.0107182113678554,0.0178677176124554,-0.00205444234711294));
#3905=CARTESIAN_POINT('',(0.00056290777134637,0.0759848780224434,0.07375));
#3906=CARTESIAN_POINT('',(0.000562944722464712,0.0759847338140359,0.0638772397734413));
#3907=CARTESIAN_POINT('',(0.00304755644036319,0.0740581855756237,0.0503144125481629));
#3908=CARTESIAN_POINT('',(0.00945714232623519,0.0678191935134733,0.0347064099485761));
#3909=CARTESIAN_POINT('',(0.0140088028839193,0.0630067345010215,0.0261642646684505));
#3910=CARTESIAN_POINT('',(0.0183217762138155,0.0581463271781179,0.0193172188577319));
#3911=CARTESIAN_POINT('',(0.0225834267514533,0.0530901021521239,0.0133765140064391));
#3912=CARTESIAN_POINT('',(0.0262031879446603,0.0479003995945052,0.00835138670936192));
#3913=CARTESIAN_POINT('',(0.028444833050503,0.0431860836733081,0.00470387145054004));
#3914=CARTESIAN_POINT('',(0.0292807584598237,0.039451870911121,0.00247314485346404));
#3915=CARTESIAN_POINT('',(0.0291883671640257,0.0364384412318953,0.00114549002263875));
#3916=CARTESIAN_POINT('',(0.0284138346571682,0.0338542386647728,0.000397261075646799));
#3917=CARTESIAN_POINT('',(0.0268340102116272,0.0313910831272727,0.000132632086772432));
#3918=CARTESIAN_POINT('',(0.0245995700584359,0.028933256471075,0.000188344914914253));
#3919=CARTESIAN_POINT('',(0.0219287629142477,0.0265202639213381,0.000376555785983757));
#3920=CARTESIAN_POINT('',(0.0190221489823684,0.0241649968337736,0.000494050125594084));
#3921=CARTESIAN_POINT('',(0.0151110835092807,0.0211217694704162,0.000265011269571225));
#3922=CARTESIAN_POINT('',(0.0124186436528666,0.0189265867415027,-0.000692517286922459));
#3923=CARTESIAN_POINT('',(0.0110390770321236,0.0175467726255297,-0.00205436224287819));
#3924=CARTESIAN_POINT('',(0.00111343563720721,0.075926420460382,0.07375));
#3925=CARTESIAN_POINT('',(0.00111342699946803,0.075926609456037,0.0638952043620294));
#3926=CARTESIAN_POINT('',(0.00354359632322484,0.0740448655234494,0.0503628568396031));
#3927=CARTESIAN_POINT('',(0.00990125105946621,0.0678640460521444,0.0347767470044248));
#3928=CARTESIAN_POINT('',(0.0144391134009343,0.0630788023009295,0.0262359461538279));
#3929=CARTESIAN_POINT('',(0.0187562577227091,0.0582306930376107,0.0193779965586008));
#3930=CARTESIAN_POINT('',(0.0230361801116735,0.0531750271372941,0.0134174322002586));
#3931=CARTESIAN_POINT('',(0.0266770552500073,0.0479705565178264,0.00837024610096849));
#3932=CARTESIAN_POINT('',(0.0289339527264086,0.0432265715139107,0.00470618379268749));
#3933=CARTESIAN_POINT('',(0.0297778792258803,0.0394588271441815,0.00246837089678246));
#3934=CARTESIAN_POINT('',(0.0296913857935605,0.0364123649393014,0.00113965153325864));
#3935=CARTESIAN_POINT('',(0.0289252103433602,0.0337934992426747,0.000392182317665907));
#3936=CARTESIAN_POINT('',(0.0273594515866386,0.0312768997887007,0.000129216601322937));
#3937=CARTESIAN_POINT('',(0.0251364016619131,0.0287461236222249,0.000192700172779855));
#3938=CARTESIAN_POINT('',(0.022470074117749,0.0262561202242611,0.000391472768787348));
#3939=CARTESIAN_POINT('',(0.0195605910032259,0.0238271482763776,0.000517585033227588));
#3940=CARTESIAN_POINT('',(0.0156365818007013,0.0206970057991532,0.000292423923082938));
#3941=CARTESIAN_POINT('',(0.0129247482622697,0.0184552651711341,-0.000675406019749095));
#3942=CARTESIAN_POINT('',(0.011527819624187,0.0170580744669811,-0.00205440711420252));
#3943=CARTESIAN_POINT('',(0.00174113734553218,0.0758041073621804,0.07375));
#3944=CARTESIAN_POINT('',(0.00174110507075584,0.0758046467755552,0.0639215061183885));
#3945=CARTESIAN_POINT('',(0.00411728838621057,0.0739797691140975,0.0504308192598389));
#3946=CARTESIAN_POINT('',(0.0104185074711464,0.0678792062639021,0.0348776448685644));
#3947=CARTESIAN_POINT('',(0.0149378008816225,0.0631348745382261,0.0263431255145142));
#3948=CARTESIAN_POINT('',(0.0192533069350053,0.0583104771571123,0.019476737403363));
#3949=CARTESIAN_POINT('',(0.0235444165505638,0.0532654219211506,0.0134972793655475));
#3950=CARTESIAN_POINT('',(0.0272007502811336,0.048052450659069,0.00842765051720684));
#3951=CARTESIAN_POINT('',(0.0294710725661777,0.0432789736541445,0.00474539098397972));
#3952=CARTESIAN_POINT('',(0.0303255304826273,0.0394732186673184,0.00249826914199359));
#3953=CARTESIAN_POINT('',(0.0302519443424951,0.0363857987727994,0.00116568351895831));
#3954=CARTESIAN_POINT('',(0.0295060650366977,0.0337194287410624,0.000415329353824445));
#3955=CARTESIAN_POINT('',(0.0279712371106537,0.0311277304398437,0.000151036243513306));
#3956=CARTESIAN_POINT('',(0.0257763726674805,0.0284997569689894,0.000219856399305314));
#3957=CARTESIAN_POINT('',(0.0231300561699885,0.0259088458001658,0.000425595455377084));
#3958=CARTESIAN_POINT('',(0.0202312437324132,0.0233836485358267,0.000555826756791704));
#3959=CARTESIAN_POINT('',(0.0163081383996055,0.0201402955612389,0.000327888219141498));
#3960=CARTESIAN_POINT('',(0.0135807889396611,0.0178393417428497,-0.000655518386107629));
#3961=CARTESIAN_POINT('',(0.0121638123706928,0.0164220675219421,-0.00205439277576919));
#3962=CARTESIAN_POINT('',(0.00254207450842752,0.0755775661544717,0.07375));
#3963=CARTESIAN_POINT('',(0.00254203709758186,0.0755785212691639,0.0639623859355319));
#3964=CARTESIAN_POINT('',(0.00485920683908472,0.0738339902812036,0.0505342356779171));
#3965=CARTESIAN_POINT('',(0.0110928821330329,0.0678542421951382,0.0350338268041172));
#3966=CARTESIAN_POINT('',(0.0155857924312073,0.0631748684995753,0.0265133242459512));
#3967=CARTESIAN_POINT('',(0.0198921087000459,0.0583927843491451,0.0196409327775778));
#3968=CARTESIAN_POINT('',(0.0241863611510505,0.0533730580355212,0.0136414830093253));
#3969=CARTESIAN_POINT('',(0.0278524854639436,0.0481587506482288,0.00854600445570232));
#3970=CARTESIAN_POINT('',(0.0301356431663682,0.043352536974307,0.00484084969339999));
#3971=CARTESIAN_POINT('',(0.031005683452389,0.0394981288429531,0.00257981195478149));
#3972=CARTESIAN_POINT('',(0.0309559396011252,0.0363536332349086,0.00123874642950972));
#3973=CARTESIAN_POINT('',(0.0302474230537162,0.0336162651879428,0.000480749109348665));
#3974=CARTESIAN_POINT('',(0.0287663212131492,0.0309140942882012,0.000211757828870937));
#3975=CARTESIAN_POINT('',(0.0266224716679456,0.0281491902643499,0.000282595461740079));
#3976=CARTESIAN_POINT('',(0.0240174239683769,0.0254168205853053,0.000490441521185732));
#3977=CARTESIAN_POINT('',(0.021147419261601,0.0227563937046645,0.000618672723240434));
#3978=CARTESIAN_POINT('',(0.0172426776642655,0.0193536445571301,0.0003783281735842));
#3979=CARTESIAN_POINT('',(0.0145024422680647,0.0169702090033587,-0.000629481979207293));
#3980=CARTESIAN_POINT('',(0.0130592362308035,0.0155266482937182,-0.0020543974532947));
#3981=CARTESIAN_POINT('',(0.00347054089033939,0.0751844727953101,0.07375));
#3982=CARTESIAN_POINT('',(0.00347050207800431,0.0751858795017838,0.0640232914669468));
#3983=CARTESIAN_POINT('',(0.00573579744284848,0.0735496022835165,0.0506846665628993));
#3984=CARTESIAN_POINT('',(0.0118995941331033,0.067744347435185,0.0352658061517448));
#3985=CARTESIAN_POINT('',(0.0163576277807399,0.0631634157437045,0.0267723290269235));
#3986=CARTESIAN_POINT('',(0.0206412245241951,0.0584510051198826,0.0199007751802767));
#3987=CARTESIAN_POINT('',(0.0249197123673652,0.0534794026078759,0.0138843404908671));
#3988=CARTESIAN_POINT('',(0.0285795234937966,0.0482784600294916,0.00876332990038396));
#3989=CARTESIAN_POINT('',(0.0308700401365018,0.0434430921513951,0.00503242820806505));
#3990=CARTESIAN_POINT('',(0.0317627777906478,0.039533759367018,0.00275223180522793));
#3991=CARTESIAN_POINT('',(0.0317549111581702,0.0363164772029819,0.00139601323390629));
#3992=CARTESIAN_POINT('',(0.0311102406406845,0.0334809683389812,0.000623774100039656));
#3993=CARTESIAN_POINT('',(0.0297158858287151,0.0306291262420574,0.000344442338554399));
#3994=CARTESIAN_POINT('',(0.0276574686635431,0.0276846814867699,0.000408380762540047));
#3995=CARTESIAN_POINT('',(0.0251275945096261,0.024766037808444,0.00060629076787904));
#3996=CARTESIAN_POINT('',(0.0223168261373784,0.0219263130250108,0.000719012926830974));
#3997=CARTESIAN_POINT('',(0.0184619397690875,0.0183113511092529,0.000447804525131421));
#3998=CARTESIAN_POINT('',(0.0157177256995444,0.0158192812016452,-0.000597474052370822));
#3999=CARTESIAN_POINT('',(0.0142423789914544,0.0143435033953193,-0.00205439529448323));
#4000=CARTESIAN_POINT('',(0.0043305719789498,0.0746484143033151,0.07375));
#4001=CARTESIAN_POINT('',(0.00433049407352557,0.0746502868221727,0.0640994354346988));
#4002=CARTESIAN_POINT('',(0.00656056052297172,0.0731402073195508,0.0508682227924274));
#4003=CARTESIAN_POINT('',(0.0126716314871845,0.0675433278002445,0.0355540746328065));
#4004=CARTESIAN_POINT('',(0.0170972074243625,0.0630824938645946,0.0271007055970177));
#4005=CARTESIAN_POINT('',(0.0213521616745174,0.0584577014363744,0.0202399258739689));
#4006=CARTESIAN_POINT('',(0.0256012430932826,0.0535484759463414,0.0142138578214668));
#4007=CARTESIAN_POINT('',(0.0292415863789477,0.0483726595262973,0.00907208711902239));
#4008=CARTESIAN_POINT('',(0.0315354884089902,0.04351823469694,0.00531636767496922));
#4009=CARTESIAN_POINT('',(0.0324565913734858,0.0395585618489544,0.00301382359115126));
#4010=CARTESIAN_POINT('',(0.0324991825192141,0.0362662870177316,0.00163767043390627));
#4011=CARTESIAN_POINT('',(0.0319242442064827,0.0333275989235617,0.000847300596814671));
#4012=CARTESIAN_POINT('',(0.0306207157793351,0.0303280511425657,0.000551503100129547));
#4013=CARTESIAN_POINT('',(0.028656725203388,0.0272098006918593,0.000595820015792895));
#4014=CARTESIAN_POINT('',(0.0262146994730995,0.0241076882801327,0.000768141506492292));
#4015=CARTESIAN_POINT('',(0.023476603360927,0.0210887141643005,0.000849159278410607));
#4016=CARTESIAN_POINT('',(0.0196872134858909,0.0172590888021503,0.000527479221561599));
#4017=CARTESIAN_POINT('',(0.0169459326345088,0.0146561291988085,-0.000565020074484088));
#4018=CARTESIAN_POINT('',(0.0154380959309825,0.0131477865743888,-0.00205439541424942));
#4019=CARTESIAN_POINT('',(0.0049734331907379,0.0741255191291843,0.07375));
#4020=CARTESIAN_POINT('',(0.00497340920416256,0.074127734589744,0.0641704474139612));
#4021=CARTESIAN_POINT('',(0.00717621129561262,0.0727373769522076,0.0510345131781768));
#4022=CARTESIAN_POINT('',(0.0132509271978921,0.0673283400278871,0.0358167323825253));
#4023=CARTESIAN_POINT('',(0.0176545412951099,0.0629748167548349,0.0274052074504578));
#4024=CARTESIAN_POINT('',(0.0218886787502836,0.0584284957515065,0.0205615179190938));
#4025=CARTESIAN_POINT('',(0.0261141561477884,0.053574942201921,0.0145345362309653));
#4026=CARTESIAN_POINT('',(0.0297381401431782,0.0484241746513525,0.0093798619445664));
#4027=CARTESIAN_POINT('',(0.0320352534932238,0.0435592437622919,0.00560441730926187));
#4028=CARTESIAN_POINT('',(0.0329800381847847,0.0395623814208431,0.0032816506718174));
#4029=CARTESIAN_POINT('',(0.0330621191481585,0.0362123523004457,0.00188660747671064));
#4030=CARTESIAN_POINT('',(0.0325396271724416,0.0331952486819182,0.00107893233499877));
#4031=CARTESIAN_POINT('',(0.0313052614409343,0.0300870414795213,0.000765432681164632));
#4032=CARTESIAN_POINT('',(0.0294161737313719,0.026840855439326,0.000786410644156548));
#4033=CARTESIAN_POINT('',(0.0270455420084282,0.0236014486459751,0.00092873582418844));
#4034=CARTESIAN_POINT('',(0.0243671718626818,0.0204463704943964,0.00097402444314509));
#4035=CARTESIAN_POINT('',(0.0206318689537079,0.016451580261258,0.000598806910481849));
#4036=CARTESIAN_POINT('',(0.0178935769859559,0.0137616096308855,-0.000538467114664033));
#4037=CARTESIAN_POINT('',(0.0163592046969314,0.012226678830174,-0.00205439644605069));
#4038=CARTESIAN_POINT('',(0.00543736741906103,0.0736797546344551,0.07375));
#4039=CARTESIAN_POINT('',(0.00543741003437758,0.0736821903307231,0.0642297257730153));
#4040=CARTESIAN_POINT('',(0.00761993258552207,0.0723930838694452,0.0511715363975303));
#4041=CARTESIAN_POINT('',(0.013669422748233,0.0671382744620236,0.0360333026186552));
#4042=CARTESIAN_POINT('',(0.0180583142104686,0.0628717732179699,0.0276582873161901));
#4043=CARTESIAN_POINT('',(0.022278223599729,0.0583886965175989,0.0208318490096229));
#4044=CARTESIAN_POINT('',(0.0264871863922755,0.0535794245931394,0.0148078061435391));
#4045=CARTESIAN_POINT('',(0.0301004670251779,0.0484493845436164,0.00964564462807838));
#4046=CARTESIAN_POINT('',(0.0324020748022765,0.0435783066564822,0.00585586602233624));
#4047=CARTESIAN_POINT('',(0.0333656247477301,0.0395545271267659,0.00351675384130664));
#4048=CARTESIAN_POINT('',(0.0334756930319273,0.0361622705363457,0.00210534599940564));
#4049=CARTESIAN_POINT('',(0.0329880668315878,0.0330891241372714,0.00128190241278683));
#4050=CARTESIAN_POINT('',(0.0317994907787233,0.0299061792260791,0.000951330518152381));
#4051=CARTESIAN_POINT('',(0.029962244236219,0.0265725320384684,0.000950171269284373));
#4052=CARTESIAN_POINT('',(0.0276427076473651,0.023237801935424,0.00106498312170104));
#4053=CARTESIAN_POINT('',(0.0250078381028171,0.0199866747962497,0.00107823934808792));
#4054=CARTESIAN_POINT('',(0.0213120822088471,0.0158735524819453,0.000656221254746846));
#4055=CARTESIAN_POINT('',(0.0185757716926377,0.013119833119134,-0.00051823653922384));
#4056=CARTESIAN_POINT('',(0.0170212008080163,0.0115646793510146,-0.0020543930447901));
#4057=CARTESIAN_POINT('',(0.00580081031734156,0.0732643411055974,0.07375));
#4058=CARTESIAN_POINT('',(0.00580094405454964,0.073266879783531,0.0642841993542232));
#4059=CARTESIAN_POINT('',(0.00796589543529195,0.0720734304191241,0.051295374160457));
#4060=CARTESIAN_POINT('',(0.0139955818734746,0.0669576200038672,0.0362281505288087));
#4061=CARTESIAN_POINT('',(0.0183743097485039,0.0627677493267203,0.0278878648950308));
#4062=CARTESIAN_POINT('',(0.0225847096216481,0.0583397072303737,0.0210799016849485));
#4063=CARTESIAN_POINT('',(0.0267823514250519,0.0535682548432675,0.015061908240104));
#4064=CARTESIAN_POINT('',(0.0303888048074933,0.0484564785017539,0.00989561662402239));
#4065=CARTESIAN_POINT('',(0.0326953376297066,0.043581863062398,0.00609410337945203));
#4066=CARTESIAN_POINT('',(0.0336739137769336,0.0395376597299316,0.00374013252058068));
#4067=CARTESIAN_POINT('',(0.0338047520697871,0.0361131605806642,0.00231320713580569));
#4068=CARTESIAN_POINT('',(0.0333421372918704,0.0329979584049692,0.00147448253981466));
#4069=CARTESIAN_POINT('',(0.0321870180675164,0.029760308574541,0.00112705670376821));
#4070=CARTESIAN_POINT('',(0.0303894244517535,0.0263624004609224,0.00110435394426245));
#4071=CARTESIAN_POINT('',(0.0281104499154846,0.0229558455614249,0.00119266827559861));
#4072=CARTESIAN_POINT('',(0.0255108465964134,0.0196303746948635,0.00117507112887668));
#4073=CARTESIAN_POINT('',(0.0218473375934548,0.015423411247659,0.000708166925615707));
#4074=CARTESIAN_POINT('',(0.0191125840948631,0.0126174495049856,-0.000501000656476813));
#4075=CARTESIAN_POINT('',(0.0175408062621215,0.0110450844852405,-0.00205440373744961));
#4076=CARTESIAN_POINT('',(0.00607655049016783,0.0729012619463777,0.07375));
#4077=CARTESIAN_POINT('',(0.00607677440718191,0.0729037946048931,0.0643315634891256));
#4078=CARTESIAN_POINT('',(0.00822734167151407,0.0717949329786197,0.0514019778844347));
#4079=CARTESIAN_POINT('',(0.0142416520727489,0.0667980876751472,0.0363947316127983));
#4080=CARTESIAN_POINT('',(0.0186138119678061,0.0626721508554679,0.0280853443363181));
#4081=CARTESIAN_POINT('',(0.0228188426933128,0.0582894946591897,0.0212956163454778));
#4082=CARTESIAN_POINT('',(0.0270102648850725,0.053548747786346,0.0152859814480421));
#4083=CARTESIAN_POINT('',(0.030613990869032,0.0484520658140406,0.0101188215774467));
#4084=CARTESIAN_POINT('',(0.0329260065043994,0.0435754238422849,0.00630850872758351));
#4085=CARTESIAN_POINT('',(0.0339161780871938,0.0395160848222615,0.00394153671013602));
#4086=CARTESIAN_POINT('',(0.0340613506267861,0.0360677965414279,0.00250006718442436));
#4087=CARTESIAN_POINT('',(0.033614895938316,0.0329221867896019,0.00164639756746821));
#4088=CARTESIAN_POINT('',(0.0324814088420551,0.0296463684658942,0.00128232039981141));
#4089=CARTESIAN_POINT('',(0.0307109146739888,0.0262040952743333,0.00123938515724756));
#4090=CARTESIAN_POINT('',(0.0284612161202079,0.0227467739159706,0.00130384303143207));
#4091=CARTESIAN_POINT('',(0.025888072318977,0.0193670316587205,0.00125891435794783));
#4092=CARTESIAN_POINT('',(0.0222491999080855,0.0150894146916871,0.000752431042740915));
#4093=CARTESIAN_POINT('',(0.0195154742908005,0.0122425613408208,-0.000486927940097003));
#4094=CARTESIAN_POINT('',(0.0179296679817398,0.0106562011553309,-0.00205438191422897));
#4095=CARTESIAN_POINT('',(0.00624223362511907,0.0726606550188847,0.07375));
#4096=CARTESIAN_POINT('',(0.00624252096531226,0.0726631449170376,0.0643628596723606));
#4097=CARTESIAN_POINT('',(0.00838413875306971,0.0716105087172128,0.0514720513219122));
#4098=CARTESIAN_POINT('',(0.0143893972598081,0.0666914072213351,0.0365040300873426));
#4099=CARTESIAN_POINT('',(0.0187581873047429,0.0626066946866142,0.0282154072402375));
#4100=CARTESIAN_POINT('',(0.0229606596574394,0.0582531206943946,0.0214384617810414));
#4101=CARTESIAN_POINT('',(0.0271490999889624,0.0535318163382403,0.0154352927336166));
#4102=CARTESIAN_POINT('',(0.0307520043484556,0.0484447849150541,0.010268387182557));
#4103=CARTESIAN_POINT('',(0.0330679831301424,0.0435672617755764,0.00645275494207346));
#4104=CARTESIAN_POINT('',(0.0340653297467313,0.0394990482073893,0.00407729816624744));
#4105=CARTESIAN_POINT('',(0.0342187945457249,0.036036791204883,0.0026260414417558));
#4106=CARTESIAN_POINT('',(0.0337812296256617,0.0328735173989598,0.00176207687688785));
#4107=CARTESIAN_POINT('',(0.032659477942577,0.0295760641165568,0.00138635093284027));
#4108=CARTESIAN_POINT('',(0.0309042671253285,0.0261088230915039,0.00132955271860497));
#4109=CARTESIAN_POINT('',(0.0286719204633816,0.0226222228032007,0.00137804444919836));
#4110=CARTESIAN_POINT('',(0.0261151815030864,0.0192100883672947,0.00131489674784063));
#4111=CARTESIAN_POINT('',(0.022492180993142,0.0148889365772935,0.000781796581279405));
#4112=CARTESIAN_POINT('',(0.0197597465656497,0.0120160913816986,-0.000478064620222859));
#4113=CARTESIAN_POINT('',(0.0181650510001976,0.0104208731353019,-0.00205443745456503));
#4114=CARTESIAN_POINT('',(0.00635434805619458,0.0724848228161849,0.07375));
#4115=CARTESIAN_POINT('',(0.00635467308496061,0.0724872548885024,0.0643857071556348));
#4116=CARTESIAN_POINT('',(0.0084899160348991,0.0714761643588003,0.0515230435574089));
#4117=CARTESIAN_POINT('',(0.0144885502550668,0.0666136576455339,0.0365828193468923));
#4118=CARTESIAN_POINT('',(0.0188553847384992,0.0625581842368262,0.0283094175758384));
#4119=CARTESIAN_POINT('',(0.0230571377539275,0.0582249329713394,0.0215426936872958));
#4120=CARTESIAN_POINT('',(0.0272451042134859,0.0535170318859536,0.0155457764115474));
#4121=CARTESIAN_POINT('',(0.030848971189468,0.048436641463909,0.0103804972913498));
#4122=CARTESIAN_POINT('',(0.0331684651894753,0.0435585579338607,0.00656167475485409));
#4123=CARTESIAN_POINT('',(0.0341705511375204,0.0394844783320188,0.0041798144748985));
#4124=CARTESIAN_POINT('',(0.0343287269537306,0.0360131611615225,0.00272055325241738));
#4125=CARTESIAN_POINT('',(0.0338956058207664,0.0328386700351164,0.00184778501559994));
#4126=CARTESIAN_POINT('',(0.0327795605453261,0.0295280073721197,0.00146207187934092));
#4127=CARTESIAN_POINT('',(0.0310323152545114,0.0260460058895415,0.0013940358335684));
#4128=CARTESIAN_POINT('',(0.0288096413957208,0.0225420219436159,0.00143039003004623));
#4129=CARTESIAN_POINT('',(0.026262458072739,0.0191101933355021,0.0013540773838594));
#4130=CARTESIAN_POINT('',(0.0226487424267122,0.0147618100360615,0.000802275502044547));
#4131=CARTESIAN_POINT('',(0.0199162696186454,0.0118720003209671,-0.000471688526760377));
#4132=CARTESIAN_POINT('',(0.0183152777231383,0.0102705476312625,-0.00205433770016239));
#4133=CARTESIAN_POINT('',(0.00641751258956755,0.072381785173776,0.07375));
#4134=CARTESIAN_POINT('',(0.00641786906085077,0.0723841838144407,0.064399064058216));
#4135=CARTESIAN_POINT('',(0.0085497105145246,0.0713969686673941,0.051552830321509));
#4136=CARTESIAN_POINT('',(0.0145453974444238,0.0665671109975481,0.0366295560635264));
#4137=CARTESIAN_POINT('',(0.0189112636690964,0.0625289140127612,0.0283652508721048));
#4138=CARTESIAN_POINT('',(0.0231120645543245,0.0582078503075554,0.0216040802162825));
#4139=CARTESIAN_POINT('',(0.0272987165671661,0.0535079866924634,0.0156098578648546));
#4140=CARTESIAN_POINT('',(0.0309021502512761,0.0484316332025044,0.0104446017601956));
#4141=CARTESIAN_POINT('',(0.0332232542696661,0.0435534537578693,0.00662356534391294));
#4142=CARTESIAN_POINT('',(0.0342283262317183,0.0394761378330045,0.00423830500246635));
#4143=CARTESIAN_POINT('',(0.0343899475242568,0.0359996085174427,0.00277517795509354));
#4144=CARTESIAN_POINT('',(0.0339604678871423,0.032818515056312,0.00189830051620591));
#4145=CARTESIAN_POINT('',(0.0328490423870681,0.0294998866437697,0.00150772898799967));
#4146=CARTESIAN_POINT('',(0.0311078783302822,0.02600865064981,0.00143380337316827));
#4147=CARTESIAN_POINT('',(0.0288924812876577,0.0224933324558343,0.00146338977058278));
#4148=CARTESIAN_POINT('',(0.0263526913979188,0.0190482115160079,0.00137920661103873));
#4149=CARTESIAN_POINT('',(0.0227467945198863,0.0146810220234967,0.000815457575518332));
#4150=CARTESIAN_POINT('',(0.0200160516649186,0.0117796016233917,-0.000468186491691671));
#4151=CARTESIAN_POINT('',(0.0184114437590934,0.0101745399346479,-0.00205449759964257));
#4152=CARTESIAN_POINT('',(0.00647917165039803,0.0722784294894553,0.07375));
#4153=CARTESIAN_POINT('',(0.00647952042335173,0.0722807655556538,0.0644125351542809));
#4154=CARTESIAN_POINT('',(0.00860713537878328,0.0713193841559193,0.0515827969077897));
#4155=CARTESIAN_POINT('',(0.0145970299870534,0.066523642674665,0.0366736131665883));
#4156=CARTESIAN_POINT('',(0.0189619231566203,0.0625014009660187,0.0284179440080809));
#4157=CARTESIAN_POINT('',(0.0231646170755688,0.0581907124713689,0.0216646243443877));
#4158=CARTESIAN_POINT('',(0.0273549385329704,0.0534974753154169,0.015677709971703));
#4159=CARTESIAN_POINT('',(0.0309626477759957,0.0484242667480507,0.0105168786370632));
#4160=CARTESIAN_POINT('',(0.0332873922193903,0.0435453636518133,0.0066954378636621));
#4161=CARTESIAN_POINT('',(0.0342942931006565,0.0394648613936276,0.00430548690627188));
#4162=CARTESIAN_POINT('',(0.0344558767477491,0.0359840477096149,0.00283505073711589));
#4163=CARTESIAN_POINT('',(0.0340247463080485,0.0327982251196655,0.00194944751654131));
#4164=CARTESIAN_POINT('',(0.0329110262553592,0.0294750390192766,0.00154931131036834));
#4165=CARTESIAN_POINT('',(0.0311681723737345,0.0259800294866479,0.00146607043666844));
#4166=CARTESIAN_POINT('',(0.0289518455315707,0.0224611591123037,0.0014872665991894));
#4167=CARTESIAN_POINT('',(0.026411335295268,0.019012323792491,0.00139586355343671));
#4168=CARTESIAN_POINT('',(0.0228035823654127,0.014639799098415,0.000824036875455925));
#4169=CARTESIAN_POINT('',(0.0200682538620055,0.011733897280052,-0.000464062013363956));
#4170=CARTESIAN_POINT('',(0.018460001451701,0.010125333735793,-0.00205384270357232));
#4171=CARTESIAN_POINT('',(0.00655505631181822,0.072145716431648,0.07375));
#4172=CARTESIAN_POINT('',(0.00655540510609722,0.0721479788781626,0.0644299971373982));
#4173=CARTESIAN_POINT('',(0.00867803317161076,0.071218682442875,0.0516218901087711));
#4174=CARTESIAN_POINT('',(0.0146618659899906,0.0664660667181204,0.0367318611459611));
#4175=CARTESIAN_POINT('',(0.0190257121864838,0.0624647005030911,0.0284871968574457));
#4176=CARTESIAN_POINT('',(0.0232300001355044,0.0581679257807432,0.0217427879611552));
#4177=CARTESIAN_POINT('',(0.0274234205205834,0.0534837352279747,0.0157631386511389));
#4178=CARTESIAN_POINT('',(0.0310349539363958,0.0484150725497863,0.0106060012661019));
#4179=CARTESIAN_POINT('',(0.0333634577943038,0.043535811486998,0.00678324318803501));
#4180=CARTESIAN_POINT('',(0.0343728906570633,0.0394516083904159,0.00438791697669748));
#4181=CARTESIAN_POINT('',(0.0345355422212287,0.0359653384998549,0.00290976832948013));
#4182=CARTESIAN_POINT('',(0.0341041705494034,0.0327730346844839,0.002015194697981));
#4183=CARTESIAN_POINT('',(0.0329898651737631,0.0294428045758439,0.00160513682233752));
#4184=CARTESIAN_POINT('',(0.0312471676570485,0.0259409484608918,0.00151177505360268));
#4185=CARTESIAN_POINT('',(0.0290318111508465,0.022414814638658,0.00152328606497727));
#4186=CARTESIAN_POINT('',(0.0264923808161386,0.0189580895137342,0.00142282166751632));
#4187=CARTESIAN_POINT('',(0.0228846625205779,0.0145745524774662,0.000839760724936331));
#4188=CARTESIAN_POINT('',(0.0201455003692162,0.0116610967888653,-0.000455653594416877));
#4189=CARTESIAN_POINT('',(0.0185328899249501,0.0100483114051639,-0.00204966811471646));
#4190=CARTESIAN_POINT('',(0.00667281960129592,0.0719273885318978,0.07375));
#4191=CARTESIAN_POINT('',(0.00667315541847416,0.0719295183474415,0.0644590058770093));
#4192=CARTESIAN_POINT('',(0.00878773131961971,0.0710526079460298,0.0516871457678559));
#4193=CARTESIAN_POINT('',(0.0147617299678362,0.0663708242262077,0.0368281601071582));
#4194=CARTESIAN_POINT('',(0.019124155391226,0.0624034083677975,0.0286011167015426));
#4195=CARTESIAN_POINT('',(0.023331773323705,0.0581291228717524,0.0218712052146268));
#4196=CARTESIAN_POINT('',(0.0275313110164292,0.0534596509076156,0.0159035577762522));
#4197=CARTESIAN_POINT('',(0.0311498778628112,0.0483986552418758,0.0107526106302823));
#4198=CARTESIAN_POINT('',(0.0334845779676452,0.0435193008681548,0.00692778052733587));
#4199=CARTESIAN_POINT('',(0.0344976385593687,0.0394297097190414,0.00452370756404892));
#4200=CARTESIAN_POINT('',(0.0346613034344377,0.0359352422550109,0.00303300371495804));
#4201=CARTESIAN_POINT('',(0.0342286760153523,0.0327330133205518,0.00212384817423034));
#4202=CARTESIAN_POINT('',(0.0331121492767956,0.0293918288368147,0.00169781783158769));
#4203=CARTESIAN_POINT('',(0.0313678426818247,0.0258795576833537,0.00158828668141768));
#4204=CARTESIAN_POINT('',(0.0291517052075732,0.0223428518058695,0.00158444709427443));
#4205=CARTESIAN_POINT('',(0.0266115127658529,0.0188751154243354,0.00146987472560698));
#4206=CARTESIAN_POINT('',(0.02300087989375,0.0144765524932374,0.000869721199955452));
#4207=CARTESIAN_POINT('',(0.020254237762805,0.0115529101958959,-0.000436533462125673));
#4208=CARTESIAN_POINT('',(0.0186349642318703,0.00993370378591488,-0.00203701130990522));
#4209=CARTESIAN_POINT('',(0.00681271075295423,0.0716433326025902,0.07375));
#4210=CARTESIAN_POINT('',(0.00681302112567453,0.0716452775555062,0.0644971926237922));
#4211=CARTESIAN_POINT('',(0.00891779439330677,0.0708349974942755,0.0517736036007958));
#4212=CARTESIAN_POINT('',(0.0148804074889462,0.0662445934075749,0.0369552351070912));
#4213=CARTESIAN_POINT('',(0.0192414997922465,0.062321164233846,0.0287504194590859));
#4214=CARTESIAN_POINT('',(0.0234535343501434,0.0580761476986794,0.022038201883013));
#4215=CARTESIAN_POINT('',(0.0276607983827745,0.0534261400260167,0.0160844915217744));
#4216=CARTESIAN_POINT('',(0.0312878989035713,0.0483759013792453,0.0109401149354692));
#4217=CARTESIAN_POINT('',(0.0336298435566735,0.0434976721704894,0.00711207624442905));
#4218=CARTESIAN_POINT('',(0.0346471474315814,0.0394023947857217,0.00469730995941124));
#4219=CARTESIAN_POINT('',(0.0348122357903763,0.0358983351970332,0.00319186835164097));
#4220=CARTESIAN_POINT('',(0.0343785877291887,0.0326837794260262,0.00226590491525817));
#4221=CARTESIAN_POINT('',(0.0332597193282358,0.0293281455539494,0.00182166789453558));
#4222=CARTESIAN_POINT('',(0.0315131942154443,0.0258017108421487,0.00169342407922982));
#4223=CARTESIAN_POINT('',(0.0292952506804828,0.022250602814236,0.00167138065433182));
#4224=CARTESIAN_POINT('',(0.0267529917591602,0.0187681631382225,0.00153965328648583));
#4225=CARTESIAN_POINT('',(0.023137420528601,0.0143500312959691,0.000918182465159922));
#4226=CARTESIAN_POINT('',(0.0203817027384802,0.0114141253530862,-0.000402195544465021));
#4227=CARTESIAN_POINT('',(0.0187546973408346,0.0097874704893148,-0.00201025001220785));
#4228=CARTESIAN_POINT('',(0.00701784745159327,0.0711674298497496,0.07375));
#4229=CARTESIAN_POINT('',(0.00701808765097924,0.0711690368655461,0.0645617319815669));
#4230=CARTESIAN_POINT('',(0.00910798367221836,0.0704674586158962,0.0519206001012053));
#4231=CARTESIAN_POINT('',(0.0150538208829527,0.0660288855472957,0.0371699820988199));
#4232=CARTESIAN_POINT('',(0.0194134506354198,0.0621786018643663,0.0290010563317472));
#4233=CARTESIAN_POINT('',(0.0236332212330158,0.057982364263945,0.0223170451223097));
#4234=CARTESIAN_POINT('',(0.0278534841221088,0.0533654656751441,0.0163849880024914));
#4235=CARTESIAN_POINT('',(0.0314942771140225,0.0483348334641243,0.0112502389850395));
#4236=CARTESIAN_POINT('',(0.0338471652068225,0.0434610208949705,0.00741648759046124));
#4237=CARTESIAN_POINT('',(0.0348706783057324,0.0393589011279271,0.00498478041295178));
#4238=CARTESIAN_POINT('',(0.0350379679343793,0.0358409860514298,0.00345673747694744));
#4239=CARTESIAN_POINT('',(0.034602968078693,0.0326071551573868,0.00250554868045715));
#4240=CARTESIAN_POINT('',(0.0334801402100475,0.0292276819478057,0.00203463916251295));
#4241=CARTESIAN_POINT('',(0.0317288353132012,0.0256776598804995,0.00187873757843885));
#4242=CARTESIAN_POINT('',(0.0295058635227601,0.0221027508114628,0.0018291584756857));
#4243=CARTESIAN_POINT('',(0.026957809891407,0.0185965541708727,0.00167089293941318));
#4244=CARTESIAN_POINT('',(0.023331541297846,0.0141475314522232,0.00101579667126714));
#4245=CARTESIAN_POINT('',(0.0205615586478623,0.0111935060023278,-0.000327583816312439));
#4246=CARTESIAN_POINT('',(0.0189233113353841,0.00955601179523765,-0.00194678609505078));
#4247=CARTESIAN_POINT('',(0.00723284831529618,0.0705389254128684,0.07375));
#4248=CARTESIAN_POINT('',(0.00723294562336775,0.0705399899090861,0.0646475817612653));
#4249=CARTESIAN_POINT('',(0.0093060999490388,0.0699779295518261,0.0521169312296824));
#4250=CARTESIAN_POINT('',(0.0152331690276376,0.0657385921871739,0.0374538476486845));
#4251=CARTESIAN_POINT('',(0.0195914719680303,0.0619838389605346,0.0293297890006161));
#4252=CARTESIAN_POINT('',(0.0238211094639058,0.057851336662974,0.0226810903123334));
#4253=CARTESIAN_POINT('',(0.0280574396198244,0.0532791028233592,0.0167756452390082));
#4254=CARTESIAN_POINT('',(0.0317143652860859,0.0482775707349002,0.0116519150713878));
#4255=CARTESIAN_POINT('',(0.0340797436668706,0.0434144848008725,0.00781016315747609));
#4256=CARTESIAN_POINT('',(0.0351109001122253,0.0393080423806728,0.00535742339316519));
#4257=CARTESIAN_POINT('',(0.0352819310286719,0.0357751887396907,0.00380266242241877));
#4258=CARTESIAN_POINT('',(0.0348465838994529,0.0325175635923034,0.00282282776817828));
#4259=CARTESIAN_POINT('',(0.0337190398105686,0.0291071005886334,0.00232302335824731));
#4260=CARTESIAN_POINT('',(0.0319608489892,0.0255267084168926,0.00213676519232907));
#4261=CARTESIAN_POINT('',(0.0297299834156345,0.0219211762529675,0.002055980875534));
#4262=CARTESIAN_POINT('',(0.0271731906952494,0.0183844832016763,0.0018667925443654));
#4263=CARTESIAN_POINT('',(0.0235328122588624,0.0138956975032706,0.00117155428744668));
#4264=CARTESIAN_POINT('',(0.020747695663284,0.0109186367415497,-0.000200693460048364));
#4265=CARTESIAN_POINT('',(0.0190970224979995,0.00926908015066708,-0.00183245003582418));
#4266=CARTESIAN_POINT('',(0.0074730607104249,0.0694654719768143,0.07375));
#4267=CARTESIAN_POINT('',(0.00747274228741676,0.0694657880607535,0.0647918796631839));
#4268=CARTESIAN_POINT('',(0.00952939609667929,0.0691230676891747,0.052449210432037));
#4269=CARTESIAN_POINT('',(0.0154372445199337,0.0652199126848622,0.0379370847129947));
#4270=CARTESIAN_POINT('',(0.0197935761496465,0.0616306518274331,0.0298866665703766));
#4271=CARTESIAN_POINT('',(0.0240360381254055,0.0576089585480847,0.0232975394790992));
#4272=CARTESIAN_POINT('',(0.0282943635789278,0.0531171398456836,0.0174400371284232));
#4273=CARTESIAN_POINT('',(0.0319737202156101,0.0481735245675964,0.0123384872734285));
#4274=CARTESIAN_POINT('',(0.0343573673459545,0.0433396006894046,0.00848510102264867));
#4275=CARTESIAN_POINT('',(0.0354020997419236,0.0392347111827131,0.005997680619844));
#4276=CARTESIAN_POINT('',(0.0355821066951062,0.035681583137577,0.00439950742971067));
#4277=CARTESIAN_POINT('',(0.0351486231274297,0.0323851589879777,0.0033747423936308));
#4278=CARTESIAN_POINT('',(0.0340133349461096,0.0289233391569989,0.00283191095499452));
#4279=CARTESIAN_POINT('',(0.0322437103751532,0.0252955246537697,0.00259985312023005));
#4280=CARTESIAN_POINT('',(0.0299995899873738,0.0216433109229084,0.00246991938391961));
#4281=CARTESIAN_POINT('',(0.0274282028194944,0.0180613683744399,0.00223033461918309));
#4282=CARTESIAN_POINT('',(0.0237655402621538,0.0135149066586952,0.00146885984751105));
#4283=CARTESIAN_POINT('',(0.0209609127392246,0.0105057176649273,4.99968768677157E-5));
#4284=CARTESIAN_POINT('',(0.0192940922661296,0.00884027152798503,-0.00159842782587041));
#4285=CARTESIAN_POINT('',(0.00755144197968749,0.0680482522938296,0.07375));
#4286=CARTESIAN_POINT('',(0.007550400036309,0.0680480962562634,0.0649778844155763));
#4287=CARTESIAN_POINT('',(0.00961153360330063,0.0679526569150121,0.052878129615761));
#4288=CARTESIAN_POINT('',(0.0155207131382905,0.064484554541693,0.0385714989233495));
#4289=CARTESIAN_POINT('',(0.0198723734816507,0.061126474448488,0.030614288613178));
#4290=CARTESIAN_POINT('',(0.0241146947886259,0.0572627219559695,0.024102048976446));
#4291=CARTESIAN_POINT('',(0.028378984887229,0.052891081047454,0.0183153787353389));
#4292=CARTESIAN_POINT('',(0.0320696418327591,0.0480459422444397,0.0132527258133892));
#4293=CARTESIAN_POINT('',(0.0344729645799756,0.0432755220255057,0.00938707615234937));
#4294=CARTESIAN_POINT('',(0.0355465810241308,0.0391865330516698,0.00685321958128274));
#4295=CARTESIAN_POINT('',(0.0357527016883675,0.0356063937424815,0.00519887490202843));
#4296=CARTESIAN_POINT('',(0.0353301936313725,0.0322499949656867,0.00411810127331573));
#4297=CARTESIAN_POINT('',(0.034184908998442,0.0287149891944974,0.0035234812565067));
#4298=CARTESIAN_POINT('',(0.032404698627885,0.0250297965086234,0.00323783945297599));
#4299=CARTESIAN_POINT('',(0.0301533305802718,0.0213238994272704,0.00305015830102262));
#4300=CARTESIAN_POINT('',(0.027576916149696,0.0176907131176435,0.00275060275412133));
#4301=CARTESIAN_POINT('',(0.0239060873525984,0.0130788452725703,0.00191016908448188));
#4302=CARTESIAN_POINT('',(0.0210921867300874,0.0100328753746745,0.000437511774388292));
#4303=CARTESIAN_POINT('',(0.0194115796269786,0.00835353883076596,-0.00122554426346783));
#4304=CARTESIAN_POINT('',(0.00730537563013203,0.0666469968276008,0.07375));
#4305=CARTESIAN_POINT('',(0.00730398564643919,0.0666474800014418,0.0651547903559861));
#4306=CARTESIAN_POINT('',(0.00940813296271361,0.0667311692210852,0.053283005806636));
#4307=CARTESIAN_POINT('',(0.0153575912320433,0.0636611704455829,0.0391905158975092));
#4308=CARTESIAN_POINT('',(0.0197084633847472,0.0605600763468212,0.0313270138404997));
#4309=CARTESIAN_POINT('',(0.0239258961058001,0.0569038862881672,0.0248783075276124));
#4310=CARTESIAN_POINT('',(0.0281514910812638,0.0527078437747821,0.0191468756130495));
#4311=CARTESIAN_POINT('',(0.031823485437171,0.048007929260337,0.0141193742895197));
#4312=CARTESIAN_POINT('',(0.0342517801929762,0.0433221716785671,0.0102529536026626));
#4313=CARTESIAN_POINT('',(0.0353721067477178,0.0392350007556416,0.00769567425337079));
#4314=CARTESIAN_POINT('',(0.0356147401053344,0.0356024511519152,0.00600680597922545));
#4315=CARTESIAN_POINT('',(0.0352095358437583,0.0321625580666985,0.00488072202389714));
#4316=CARTESIAN_POINT('',(0.0340630428013181,0.0285361254134523,0.00422736513117537));
#4317=CARTESIAN_POINT('',(0.0322858978592855,0.0247863557053897,0.00388197264234473));
#4318=CARTESIAN_POINT('',(0.0300456664636337,0.0210282602197746,0.00363958649029474));
#4319=CARTESIAN_POINT('',(0.0274893689538804,0.0173514111496279,0.00329160070677712));
#4320=CARTESIAN_POINT('',(0.0238504447475022,0.0126890538108704,0.00239094068454518));
#4321=CARTESIAN_POINT('',(0.0210584591070512,0.00962419647941377,0.000879979727346391));
#4322=CARTESIAN_POINT('',(0.0193795654415524,0.00794637890234064,-0.00078204290554193));
#4323=CARTESIAN_POINT('',(0.00693210060004929,0.0656000004320348,0.07375));
#4324=CARTESIAN_POINT('',(0.00693086539177306,0.0656010823614639,0.06528802072662));
#4325=CARTESIAN_POINT('',(0.00908511589069012,0.0657945821038581,0.0535894120718439));
#4326=CARTESIAN_POINT('',(0.0150834031435576,0.062999778626468,0.0396550470637562));
#4327=CARTESIAN_POINT('',(0.0194426823039271,0.0600948899463292,0.0318596662976527));
#4328=CARTESIAN_POINT('',(0.0236448464349931,0.0566191558318467,0.0254501272837125));
#4329=CARTESIAN_POINT('',(0.0278396841427128,0.0525929053507519,0.0197419151956275));
#4330=CARTESIAN_POINT('',(0.0314976016121685,0.0480251901683713,0.0147276583063102));
#4331=CARTESIAN_POINT('',(0.0339393812004971,0.0433967745560323,0.0108682387289858));
#4332=CARTESIAN_POINT('',(0.0350786785031896,0.0392990230520359,0.00830961312365994));
#4333=CARTESIAN_POINT('',(0.0353357978976404,0.0356240447250561,0.00660889375100277));
#4334=CARTESIAN_POINT('',(0.0349419337381334,0.0321229638835983,0.00545941329468682));
#4335=CARTESIAN_POINT('',(0.0338080094662542,0.0284244145018087,0.00476697574077624));
#4336=CARTESIAN_POINT('',(0.0320496595791587,0.0246160892222328,0.00437611038811664));
#4337=CARTESIAN_POINT('',(0.0298303658709778,0.0208103568113457,0.00408897391291947));
#4338=CARTESIAN_POINT('',(0.0272979382750425,0.0170997402911652,0.00370439895823087));
#4339=CARTESIAN_POINT('',(0.0236957379986933,0.0124089307978157,0.00277004475592723));
#4340=CARTESIAN_POINT('',(0.0209356565372201,0.00934249120254156,0.00125188946589188));
#4341=CARTESIAN_POINT('',(0.0192691411174082,0.00767677323790267,-0.000398268428237998));
#4342=CARTESIAN_POINT('',(0.00646536012832677,0.0646333254851719,0.07375));
#4343=CARTESIAN_POINT('',(0.00646460927498449,0.06463497092245,0.0654140625093796));
#4344=CARTESIAN_POINT('',(0.00867383791079556,0.0649170271480826,0.0538812430151346));
#4345=CARTESIAN_POINT('',(0.014726963737102,0.0623637527406652,0.0400911640191603));
#4346=CARTESIAN_POINT('',(0.0191005042650585,0.0596408366628198,0.0323561328327256));
#4347=CARTESIAN_POINT('',(0.0232945376078464,0.0563434226118051,0.0259784949368684));
#4348=CARTESIAN_POINT('',(0.0274683026471073,0.0524945299129173,0.0202840298302028));
#4349=CARTESIAN_POINT('',(0.0311192429737787,0.0480612274717795,0.0152755428088998));
#4350=CARTESIAN_POINT('',(0.0335664137866626,0.0434828043946906,0.011422657089419));
#4351=CARTESIAN_POINT('',(0.034709393515631,0.0393725168841148,0.00886671259244808));
#4352=CARTESIAN_POINT('',(0.0349697247617238,0.0356589376915177,0.00716188377251893));
#4353=CARTESIAN_POINT('',(0.0345814216108814,0.0321026991808645,0.00600059837894617));
#4354=CARTESIAN_POINT('',(0.0334607049215332,0.0283363429746074,0.00528536445542752));
#4355=CARTESIAN_POINT('',(0.0317247986749424,0.0244686504807392,0.0048652135042634));
#4356=CARTESIAN_POINT('',(0.0295309628789788,0.0206116791729432,0.00454475787484522));
#4357=CARTESIAN_POINT('',(0.0270257808708707,0.0168647251800648,0.00412920412986401));
#4358=CARTESIAN_POINT('',(0.0234633875460865,0.0121486791540516,0.00316577741715183));
#4359=CARTESIAN_POINT('',(0.0207397913917068,0.00909079026609885,0.00164928941070652));
#4360=CARTESIAN_POINT('',(0.019091577905029,0.00744305717422718,1.70632401461309E-5));
#4361=CARTESIAN_POINT('',(0.00570040089821964,0.0635385166227252,0.07375));
#4362=CARTESIAN_POINT('',(0.00570005801424166,0.0635398245682614,0.0655548186523627));
#4363=CARTESIAN_POINT('',(0.00799355328780811,0.063905653310807,0.0542095521186385));
#4364=CARTESIAN_POINT('',(0.0141322652903066,0.0616138104960264,0.0405783572694017));
#4365=CARTESIAN_POINT('',(0.0185319576386159,0.059089505472957,0.0329118137466362));
#4366=CARTESIAN_POINT('',(0.0227218381042404,0.0559927459199498,0.026577324127157));
#4367=CARTESIAN_POINT('',(0.0268724681356376,0.0523444050758953,0.0209122714539861));
#4368=CARTESIAN_POINT('',(0.0305011441642814,0.0480570777910348,0.0159248301337808));
#4369=CARTESIAN_POINT('',(0.0329243117038712,0.0435420185757208,0.0120837898984802));
#4370=CARTESIAN_POINT('',(0.0340533644779774,0.0394412438409677,0.00952798731368776));
#4371=CARTESIAN_POINT('',(0.0343160007607345,0.0357095189569383,0.00781408150329373));
#4372=CARTESIAN_POINT('',(0.0339454362626966,0.0321124171345264,0.00663438425676482));
#4373=CARTESIAN_POINT('',(0.0328642555139244,0.0282812677082433,0.00588625131947332));
#4374=CARTESIAN_POINT('',(0.0311828505612915,0.024347632810026,0.00542120444115921));
#4375=CARTESIAN_POINT('',(0.0290438894095904,0.0204310110991793,0.00504804557652138));
#4376=CARTESIAN_POINT('',(0.0265858616968587,0.0166470273270711,0.00458747461236496));
#4377=CARTESIAN_POINT('',(0.0230773559952081,0.0119210960761605,0.0036007478398976));
#4378=CARTESIAN_POINT('',(0.0203958655917229,0.00888812943756694,0.00211550862129566));
#4379=CARTESIAN_POINT('',(0.0187765444868306,0.00726866588152186,0.000511310321297384));
#4380=CARTESIAN_POINT('',(0.018899419047766,0.0122078086126675,-0.000998888434871996));
#4381=CARTESIAN_POINT('',(0.0187796872751306,0.0121021629309304,-0.00107824258520124));
#4382=CARTESIAN_POINT('',(0.0186645003921854,0.0119938208884877,-0.00116041577189524));
#4383=CARTESIAN_POINT('',(0.0185537319526082,0.0118830524489105,-0.00124558619467463));
#4384=CARTESIAN_POINT('',(0.018899419047766,0.0122078086126675,-0.000998888434871996));
#4385=CARTESIAN_POINT('',(0.0185537319526082,0.0118830524489105,-0.00124558619467463));
#4386=CARTESIAN_POINT('',(0.0185537319526082,0.0118830524489106,-0.00124558619467462));
#4387=CARTESIAN_POINT('',(0.0182346480827555,0.0115639685790578,-0.00149093142298322));
#4388=CARTESIAN_POINT('',(0.0179258241900219,0.0112551446863243,-0.00175975585917397));
#4389=CARTESIAN_POINT('',(0.0176282811708702,0.0109576016671726,-0.00205439575019877));
#4390=CARTESIAN_POINT('',(0.0156814981900416,0.00901081868634391,0.00187753406238839));
#4391=CARTESIAN_POINT('',(0.0165753379507361,0.00990465844703837,0.002762652625867));
#4392=CARTESIAN_POINT('',(0.0175408702112983,0.0108701907076007,0.00345572737764078));
#4393=CARTESIAN_POINT('',(0.0185537319526082,0.0118830524489106,0.00402201991501913));
#4394=CARTESIAN_POINT('',(0.0185537319526082,0.0118830524489105,0.00402201991501912));
#4395=CARTESIAN_POINT('',(0.0185537319526082,0.0118830524489106,0.00402201991501912));
#4396=CARTESIAN_POINT('',(0.018665131486782,0.0119944519830844,0.00408430356371185));
#4397=CARTESIAN_POINT('',(0.0187803412246355,0.0121027399451994,0.0041449012445645));
#4398=CARTESIAN_POINT('',(0.0188994190477659,0.0122078086126675,0.00420389529226989));
#4399=CARTESIAN_POINT('',(0.018899419047766,0.0122078086126675,0.00420389529226989));
#4400=CARTESIAN_POINT('',(0.0188994190477658,0.0122078086126676,0.00420389529226988));
#4401=CARTESIAN_POINT('',(0.0196262203870788,0.0128491039120615,0.00456397034030643));
#4402=CARTESIAN_POINT('',(0.0203666387031115,0.0135024141909135,0.00486556169566328));
#4403=CARTESIAN_POINT('',(0.021117475828878,0.0141649175371781,0.00512240519845914));
#4404=CARTESIAN_POINT('',(0.021117475828878,0.0141649175371782,0.00512240519845914));
#4405=CARTESIAN_POINT('',(0.021117475828878,0.0141649175371782,0.00512240519845914));
#4406=CARTESIAN_POINT('',(0.0213271184078171,0.0143498962833008,0.00519411893298563));
#4407=CARTESIAN_POINT('',(0.0214289865561811,0.0146428505453953,0.00526349573004375));
#4408=CARTESIAN_POINT('',(0.0213723300792156,0.0149232375956527,0.00530340450998641));
#4409=CARTESIAN_POINT('',(0.0213723300792156,0.0149232375956527,0.00530340450998641));
#4410=CARTESIAN_POINT('',(0.0213723300792157,0.0149232375956527,0.00530340450998642));
#4411=CARTESIAN_POINT('',(0.021101081144417,0.0150143982383924,0.00527552844505687));
#4412=CARTESIAN_POINT('',(0.0207967147859925,0.0149487904098091,0.00521169192171443));
#4413=CARTESIAN_POINT('',(0.0205881785192086,0.0147647878214702,0.00513961880149025));
#4414=CARTESIAN_POINT('',(0.0205881785192085,0.0147647878214702,0.00513961880149025));
#4415=CARTESIAN_POINT('',(0.0183701217380965,0.0128076788969596,0.00422077693072438));
#4416=CARTESIAN_POINT('',(0.0190973362013598,0.013449338717486,0.00457916946923493));
#4417=CARTESIAN_POINT('',(0.0198378863599206,0.0141027653279808,0.00488030708639356));
#4418=CARTESIAN_POINT('',(0.0205881785192085,0.0147647878214702,0.00513961880149025));
#4419=CARTESIAN_POINT('',(0.0183701217380965,0.0128076788969596,0.00422077693072438));
#4420=CARTESIAN_POINT('',(0.017988046527659,0.0124487378738598,0.00402032404840493));
#4421=CARTESIAN_POINT('',(0.0181111340758461,0.0125718254220469,0.00408912137704631));
#4422=CARTESIAN_POINT('',(0.0182384723735445,0.0126915176929431,0.00415589627675145));
#4423=CARTESIAN_POINT('',(0.0183701217380965,0.0128076788969596,0.00422077693072438));
#4424=CARTESIAN_POINT('',(0.017988046527659,0.0124487378738598,0.00402032404840493));
#4425=CARTESIAN_POINT('',(0.0151158127650924,0.00957650411129315,0.00187753406238839));
#4426=CARTESIAN_POINT('',(0.0160095352533208,0.0104702265995216,0.00276253649762876));
#4427=CARTESIAN_POINT('',(0.0169753419471782,0.011436033293379,0.00345429303335804));
#4428=CARTESIAN_POINT('',(0.017988046527659,0.0124487378738598,0.00402032404840493));
#4429=CARTESIAN_POINT('',(0.00988322258431191,0.0148090942920736,0.00187753406238839));
#4430=CARTESIAN_POINT('',(0.0105657398684687,0.0154916115762304,0.00255339202336431));
#4431=CARTESIAN_POINT('',(0.0112996758972306,0.0162255476049923,0.00309429445001812));
#4432=CARTESIAN_POINT('',(0.0120687629976056,0.0169946347053673,0.003542938077124));
#4433=CARTESIAN_POINT('',(0.0120687629976056,0.0169946347053673,0.003542938077124));
#4434=CARTESIAN_POINT('',(0.0120687629976056,0.0169946347053673,0.003542938077124));
#4435=CARTESIAN_POINT('',(0.0126046541294224,0.0175305258371841,0.00385554784654408));
#4436=CARTESIAN_POINT('',(0.0132205366878483,0.0179884841907612,0.00411630072765545));
#4437=CARTESIAN_POINT('',(0.0139163213751271,0.0183529428364787,0.00435155011240288));
#4438=CARTESIAN_POINT('',(0.0139163213751271,0.0183529428364787,0.00435155011240288));
#4439=CARTESIAN_POINT('',(0.0139163213751271,0.0183529428364787,0.00435155011240288));
#4440=CARTESIAN_POINT('',(0.0145523998123308,0.0186861267797759,0.004566612420814));
#4441=CARTESIAN_POINT('',(0.0151937258342578,0.0190220594579281,0.00475978260461853));
#4442=CARTESIAN_POINT('',(0.0158384662034364,0.0193597806036883,0.00493870865146799));
#4443=CARTESIAN_POINT('',(0.0158384662034364,0.0193597806036883,0.00493870865146799));
#4444=CARTESIAN_POINT('',(0.0158384662034364,0.0193597806036883,0.00493870865146799));
#4445=CARTESIAN_POINT('',(0.0160860264580723,0.0194894550227833,0.00500741069005058));
#4446=CARTESIAN_POINT('',(0.0162548330711627,0.0197496995347175,0.00507361438886525));
#4447=CARTESIAN_POINT('',(0.0162665854959889,0.020035586693735,0.00510634620444));
#4448=CARTESIAN_POINT('',(0.0162665854959889,0.020035586693735,0.00510634620444001));
#4449=CARTESIAN_POINT('',(0.0162665854959889,0.020035586693735,0.00510634620444001));
#4450=CARTESIAN_POINT('',(0.0160252286332862,0.0201884848857384,0.00507349083811261));
#4451=CARTESIAN_POINT('',(0.0157150332690092,0.0201982315116458,0.00501036341329252));
#4452=CARTESIAN_POINT('',(0.0154672606076999,0.0200684458319124,0.00494423673394599));
#4453=CARTESIAN_POINT('',(0.0154672606076999,0.0200684458319124,0.00494423673394599));
#4454=CARTESIAN_POINT('',(0.0135451157793907,0.0190616080647028,0.00438299815884381));
#4455=CARTESIAN_POINT('',(0.0141817745378167,0.0193950959857831,0.00458778097473181));
#4456=CARTESIAN_POINT('',(0.0148230731431943,0.0197310143028857,0.00477231309362457));
#4457=CARTESIAN_POINT('',(0.0154672606076999,0.0200684458319124,0.00494423673394599));
#4458=CARTESIAN_POINT('',(0.0135451157793907,0.0190616080647028,0.00438299815884381));
#4459=CARTESIAN_POINT('',(0.0115030775726563,0.0175603201303165,0.00352496555535043));
#4460=CARTESIAN_POINT('',(0.0120949799620561,0.0181522225197163,0.0038622083037664));
#4461=CARTESIAN_POINT('',(0.0127763177290617,0.0186589043240543,0.00413571242294225));
#4462=CARTESIAN_POINT('',(0.0135451157793907,0.0190616080647028,0.00438299815884381));
#4463=CARTESIAN_POINT('',(0.0115030775726563,0.0175603201303165,0.00352496555535045));
#4464=CARTESIAN_POINT('',(0.00931753715936267,0.0153747797170229,0.00187753406238839));
#4465=CARTESIAN_POINT('',(0.00999877166523928,0.0160560142228995,0.00255212176115567));
#4466=CARTESIAN_POINT('',(0.0107329680219443,0.0167902105796045,0.00308618736131939));
#4467=CARTESIAN_POINT('',(0.0115030775726563,0.0175603201303165,0.00352496555535045));
#4468=CARTESIAN_POINT('',(0.0115030775726563,0.0175603201303165,-0.001827544514973));
#4469=CARTESIAN_POINT('',(0.0114224682099033,0.0174797107675635,-0.00190100704808332));
#4470=CARTESIAN_POINT('',(0.0113428746118971,0.0174001171695572,-0.00197660773470819));
#4471=CARTESIAN_POINT('',(0.0112643201401913,0.0173215626978515,-0.00205439575019877));
#4472=CARTESIAN_POINT('',(0.0115030775726563,0.0175603201303165,-0.001827544514973));
#4473=CARTESIAN_POINT('',(0.0135451157793907,0.0190616080647028,-0.0006118399878958));
#4474=CARTESIAN_POINT('',(0.0127490697679488,0.018644631582519,-0.00091749107894556));
#4475=CARTESIAN_POINT('',(0.012067173029541,0.018124415587201,-0.00131346178607565));
#4476=CARTESIAN_POINT('',(0.0115030775726564,0.0175603201303164,-0.00182754451497305));
#4477=CARTESIAN_POINT('',(0.0135451157793907,0.0190616080647028,-0.0006118399878958));
#4478=CARTESIAN_POINT('',(0.0154672606076999,0.0200684458319124,-3.05281064592997E-5));
#4479=CARTESIAN_POINT('',(0.0148163167505655,0.0197274752400801,-0.000181196063276944));
#4480=CARTESIAN_POINT('',(0.0141744688409074,0.0193912691921639,-0.000370192586686346));
#4481=CARTESIAN_POINT('',(0.0135451157793907,0.0190616080647028,-0.000611839987895796));
#4482=CARTESIAN_POINT('',(0.0154672606076999,0.0200684458319124,-3.05281064593024E-5));
#4483=CARTESIAN_POINT('',(0.0154672606076999,0.0200684458319124,-3.05281064593027E-5));
#4484=CARTESIAN_POINT('',(0.0157146189752796,0.0201980145006446,2.67256481256841E-5));
#4485=CARTESIAN_POINT('',(0.0160261086118872,0.020187927424328,6.94176804805251E-5));
#4486=CARTESIAN_POINT('',(0.0162665854959889,0.020035586693735,8.66178065692855E-5));
#4487=CARTESIAN_POINT('',(0.0162665854959889,0.020035586693735,8.66178065692855E-5));
#4488=CARTESIAN_POINT('',(0.0162665854959889,0.020035586693735,8.66178065692853E-5));
#4489=CARTESIAN_POINT('',(0.0162548747596129,0.0197507136397007,5.24387551754434E-5));
#4490=CARTESIAN_POINT('',(0.0160866475114535,0.0194897803364592,-7.3850631130017E-6));
#4491=CARTESIAN_POINT('',(0.0158384662034364,0.0193597806036883,-6.97287138303466E-5));
#4492=CARTESIAN_POINT('',(0.0158384662034364,0.0193597806036883,-6.97287138303471E-5));
#4493=CARTESIAN_POINT('',(0.0158384662034364,0.0193597806036883,-6.97287138303464E-5));
#4494=CARTESIAN_POINT('',(0.0151864379455064,0.0190182419923916,-0.000233519541975328));
#4495=CARTESIAN_POINT('',(0.0145444851864454,0.0186819810233597,-0.000436830547033342));
#4496=CARTESIAN_POINT('',(0.0139163213751271,0.0183529428364787,-0.000694227375664198));
#4497=CARTESIAN_POINT('',(0.0139163213751271,0.0183529428364787,-0.000694227375664197));
#4498=CARTESIAN_POINT('',(0.0139163213751271,0.0183529428364787,-0.000694227375664197));
#4499=CARTESIAN_POINT('',(0.0131949884360515,0.0179751017731534,-0.000989801249166083));
#4500=CARTESIAN_POINT('',(0.0125831640447279,0.0175090357524896,-0.00135816585565231));
#4501=CARTESIAN_POINT('',(0.0120687629976056,0.0169946347053673,-0.00182743148706357));
#4502=CARTESIAN_POINT('',(0.0120687629976056,0.0169946347053673,-0.00182743148706357));
#4503=CARTESIAN_POINT('',(0.0120687629976056,0.0169946347053673,-0.00182743148706357));
#4504=CARTESIAN_POINT('',(0.0119881652795673,0.016914036987329,-0.00190095726866362));
#4505=CARTESIAN_POINT('',(0.011908571863901,0.0168344435716627,-0.00197659602305014));
#4506=CARTESIAN_POINT('',(0.0118300055651406,0.0167558772729023,-0.00205439575019877));
#4507=CARTESIAN_POINT('',(0.017988046527659,0.0124487378738598,-0.00124883057509604));
#4508=CARTESIAN_POINT('',(0.01766867615176,0.0121293674979608,-0.00149233835660039));
#4509=CARTESIAN_POINT('',(0.0173598405109045,0.0118205318571053,-0.00176005120327543));
#4510=CARTESIAN_POINT('',(0.0170625957459211,0.0115232870921218,-0.00205439575019877));
#4511=CARTESIAN_POINT('',(0.017988046527659,0.0124487378738598,-0.00124883057509605));
#4512=CARTESIAN_POINT('',(0.0183701217380965,0.0128076788969596,-0.000980162372916795));
#4513=CARTESIAN_POINT('',(0.0182376417280849,0.0126907847704788,-0.00106611281491568));
#4514=CARTESIAN_POINT('',(0.0181103340745791,0.0125710254207799,-0.00115559096521581));
#4515=CARTESIAN_POINT('',(0.017988046527659,0.0124487378738598,-0.00124883057509605));
#4516=CARTESIAN_POINT('',(0.0183701217380965,0.0128076788969596,-0.000980162372916795));
#4517=CARTESIAN_POINT('',(0.0205881785192085,0.0147647878214702,0.000121447323820361));
#4518=CARTESIAN_POINT('',(0.0198252500493377,0.0140916156421724,-0.000161328362081158));
#4519=CARTESIAN_POINT('',(0.0190828833081518,0.0134365861646555,-0.000517736592750291));
#4520=CARTESIAN_POINT('',(0.0183701217380965,0.0128076788969596,-0.000980162372916795));
#4521=CARTESIAN_POINT('',(0.0205881785192085,0.0147647878214702,0.000121447323820361));
#4522=CARTESIAN_POINT('',(0.0205881785192085,0.0147647878214702,0.000121447323820361));
#4523=CARTESIAN_POINT('',(0.0207973583766689,0.0149493582839352,0.000198978809413151));
#4524=CARTESIAN_POINT('',(0.0211009426297905,0.015014444790031,0.000270573547295188));
#4525=CARTESIAN_POINT('',(0.0213723300792156,0.0149232375956527,0.000315046497414246));
#4526=CARTESIAN_POINT('',(0.0213723300792156,0.0149232375956527,0.000315046497414248));
#4527=CARTESIAN_POINT('',(0.0213723300792156,0.0149232375956527,0.000315046497414248));
#4528=CARTESIAN_POINT('',(0.0214292019835969,0.0146417844173741,0.000287665939514423));
#4529=CARTESIAN_POINT('',(0.0213249033831321,0.0143479418497552,0.000219993271924609));
#4530=CARTESIAN_POINT('',(0.021117475828878,0.0141649175371781,0.000139217674473019));
#4531=CARTESIAN_POINT('',(0.021117475828878,0.0141649175371782,0.000139217674473018));
#4532=CARTESIAN_POINT('',(0.0211174758288781,0.0141649175371782,0.000139217674473018));
#4533=CARTESIAN_POINT('',(0.0203544041815514,0.0134916190248311,-0.00015793459361809));
#4534=CARTESIAN_POINT('',(0.0196119731905357,0.0128365328562879,-0.000526631762156893));
#4535=CARTESIAN_POINT('',(0.018899419047766,0.0122078086126675,-0.000998888434872002));
#4536=CARTESIAN_POINT('',(-3.97083684396403E-16,0.0610000512286714,0.0734742796607453));
#4537=CARTESIAN_POINT('',(-5.16102796147096E-5,0.0610000122828415,0.0735661232624049));
#4538=CARTESIAN_POINT('',(-0.000102668071240505,0.0610005147646876,0.0736580284025433));
#4539=CARTESIAN_POINT('',(-0.000153175180540682,0.0610015421670723,0.07375));
#4540=CARTESIAN_POINT('',(-4.12185812074484E-16,0.0610000512286713,0.0734742796607453));
#4541=CARTESIAN_POINT('',(-3.03559863050144E-14,0.0760000079877295,0.07375));
#4542=CARTESIAN_POINT('',(-3.03519435764441E-14,0.0760000079877295,0.0723993282328951));
#4543=CARTESIAN_POINT('',(1.31067636734867E-14,0.0759487467600339,0.0697023755081061));
#4544=CARTESIAN_POINT('',(-3.10743387816057E-15,0.0757019599011985,0.065670209032124));
#4545=CARTESIAN_POINT('',(9.49925619187311E-16,0.0752495149194597,0.0616580108194047));
#4546=CARTESIAN_POINT('',(-2.483691241188E-16,0.0745272180258146,0.0576573965054763));
#4547=CARTESIAN_POINT('',(5.35799863058851E-17,0.0736428813560344,0.0544073668043707));
#4548=CARTESIAN_POINT('',(-1.43254005152044E-17,0.0727117426383535,0.0518759632006129));
#4549=CARTESIAN_POINT('',(1.51685313805288E-17,0.0718777179974984,0.0500151864642751));
#4550=CARTESIAN_POINT('',(-4.06484027997609E-18,0.0709005217862328,0.0482406953346912));
#4551=CARTESIAN_POINT('',(1.09082973937559E-18,0.0697349741092702,0.0465616898588472));
#4552=CARTESIAN_POINT('',(-2.9847867752629E-19,0.0683602281043709,0.0450767097960606));
#4553=CARTESIAN_POINT('',(3.61576960202562E-20,0.0669212961169767,0.0441051045667507));
#4554=CARTESIAN_POINT('',(-5.38811733120336E-21,0.0655854087133246,0.0437813423745188));
#4555=CARTESIAN_POINT('',(-4.21877335757809E-21,0.0645451600343897,0.0439437498120353));
#4556=CARTESIAN_POINT('',(2.22632107615155E-20,0.0637008011681476,0.0445603328546216));
#4557=CARTESIAN_POINT('',(-1.20533163171817E-19,0.062917018824113,0.0456883186494653));
#4558=CARTESIAN_POINT('',(9.73482414738782E-19,0.0623582437384206,0.0473050708128863));
#4559=CARTESIAN_POINT('',(-3.55459338020119E-18,0.0619534377327951,0.0492765464422033));
#4560=CARTESIAN_POINT('',(1.3244891106066E-17,0.061670455235415,0.0512811742431154));
#4561=CARTESIAN_POINT('',(-7.03149250941056E-17,0.0613966031061313,0.0539671407505283));
#4562=CARTESIAN_POINT('',(5.66609870316621E-16,0.0611911288079871,0.0573255485637015));
#4563=CARTESIAN_POINT('',(-2.06873959709023E-15,0.0610752059854194,0.061360913335939));
#4564=CARTESIAN_POINT('',(7.87358092913108E-15,0.061029868055652,0.0653980568785727));
#4565=CARTESIAN_POINT('',(-2.89502156769078E-14,0.0610090086348994,0.0694359534692827));
#4566=CARTESIAN_POINT('',(6.33660680641093E-14,0.0610006220138486,0.0721282314014781));
#4567=CARTESIAN_POINT('',(2.67872875019558E-16,0.0610000512286713,0.0734742796607541));
#4568=CARTESIAN_POINT('',(-0.00693210060004929,0.0656000004320348,0.07375));
#4569=CARTESIAN_POINT('',(-0.00693086539177297,0.0656010823614637,0.06528802072662));
#4570=CARTESIAN_POINT('',(-0.0090851158906902,0.0657945821038582,0.0535894120718439));
#4571=CARTESIAN_POINT('',(-0.0150834031435576,0.062999778626468,0.0396550470637562));
#4572=CARTESIAN_POINT('',(-0.0194426823039271,0.0600948899463292,0.0318596662976528));
#4573=CARTESIAN_POINT('',(-0.0236448464349931,0.0566191558318466,0.0254501272837125));
#4574=CARTESIAN_POINT('',(-0.0278396841427127,0.0525929053507519,0.0197419151956275));
#4575=CARTESIAN_POINT('',(-0.0314976016121685,0.0480251901683713,0.0147276583063102));
#4576=CARTESIAN_POINT('',(-0.0339393812004971,0.0433967745560323,0.0108682387289858));
#4577=CARTESIAN_POINT('',(-0.0350786785031896,0.039299023052036,0.00830961312365992));
#4578=CARTESIAN_POINT('',(-0.0353357978976404,0.0356240447250561,0.0066088937510027));
#4579=CARTESIAN_POINT('',(-0.0349419337381334,0.0321229638835982,0.00545941329468677));
#4580=CARTESIAN_POINT('',(-0.0338080094662541,0.0284244145018087,0.00476697574077637));
#4581=CARTESIAN_POINT('',(-0.0320496595791587,0.0246160892222328,0.00437611038811659));
#4582=CARTESIAN_POINT('',(-0.0298303658709779,0.0208103568113458,0.00408897391291952));
#4583=CARTESIAN_POINT('',(-0.0272979382750425,0.0170997402911652,0.00370439895823079));
#4584=CARTESIAN_POINT('',(-0.0236957379986933,0.0124089307978157,0.0027700447559272));
#4585=CARTESIAN_POINT('',(-0.0209356565372201,0.0093424912025416,0.00125188946589188));
#4586=CARTESIAN_POINT('',(-0.0192691411174082,0.00767677323790267,-0.000398268428237998));
#4587=CARTESIAN_POINT('',(-0.00646536012832677,0.0646333254851719,0.07375));
#4588=CARTESIAN_POINT('',(-0.00646460927498456,0.0646349709224502,0.0654140625093796));
#4589=CARTESIAN_POINT('',(-0.00867383791079553,0.0649170271480826,0.0538812430151347));
#4590=CARTESIAN_POINT('',(-0.0147269637371019,0.0623637527406652,0.0400911640191603));
#4591=CARTESIAN_POINT('',(-0.0191005042650586,0.0596408366628199,0.0323561328327256));
#4592=CARTESIAN_POINT('',(-0.0232945376078464,0.0563434226118051,0.0259784949368684));
#4593=CARTESIAN_POINT('',(-0.0274683026471072,0.0524945299129172,0.0202840298302029));
#4594=CARTESIAN_POINT('',(-0.0311192429737787,0.0480612274717796,0.0152755428088998));
#4595=CARTESIAN_POINT('',(-0.0335664137866626,0.0434828043946906,0.011422657089419));
#4596=CARTESIAN_POINT('',(-0.0347093935156309,0.0393725168841148,0.00886671259244815));
#4597=CARTESIAN_POINT('',(-0.0349697247617238,0.0356589376915177,0.00716188377251901));
#4598=CARTESIAN_POINT('',(-0.0345814216108814,0.0321026991808646,0.00600059837894618));
#4599=CARTESIAN_POINT('',(-0.0334607049215332,0.0283363429746075,0.00528536445542753));
#4600=CARTESIAN_POINT('',(-0.0317247986749424,0.0244686504807392,0.00486521350426336));
#4601=CARTESIAN_POINT('',(-0.0295309628789788,0.0206116791729432,0.00454475787484518));
#4602=CARTESIAN_POINT('',(-0.0270257808708708,0.0168647251800648,0.00412920412986398));
#4603=CARTESIAN_POINT('',(-0.0234633875460864,0.0121486791540516,0.00316577741715202));
#4604=CARTESIAN_POINT('',(-0.0207397913917068,0.00909079026609888,0.00164928941070651));
#4605=CARTESIAN_POINT('',(-0.019091577905029,0.00744305717422718,1.70632401461309E-5));
#4606=CARTESIAN_POINT('',(-0.00570040089821964,0.0635385166227252,0.07375));
#4607=CARTESIAN_POINT('',(-0.00570005801424145,0.0635398245682612,0.0655548186523628));
#4608=CARTESIAN_POINT('',(-0.0079935532878083,0.0639056533108072,0.0542095521186385));
#4609=CARTESIAN_POINT('',(-0.0141322652903066,0.0616138104960264,0.0405783572694017));
#4610=CARTESIAN_POINT('',(-0.0185319576386159,0.059089505472957,0.0329118137466363));
#4611=CARTESIAN_POINT('',(-0.0227218381042404,0.0559927459199497,0.026577324127157));
#4612=CARTESIAN_POINT('',(-0.0268724681356375,0.0523444050758951,0.0209122714539861));
#4613=CARTESIAN_POINT('',(-0.0305011441642814,0.0480570777910349,0.0159248301337808));
#4614=CARTESIAN_POINT('',(-0.0329243117038712,0.0435420185757209,0.0120837898984802));
#4615=CARTESIAN_POINT('',(-0.0340533644779774,0.0394412438409677,0.00952798731368781));
#4616=CARTESIAN_POINT('',(-0.0343160007607346,0.0357095189569384,0.00781408150329366));
#4617=CARTESIAN_POINT('',(-0.0339454362626965,0.0321124171345264,0.00663438425676491));
#4618=CARTESIAN_POINT('',(-0.0328642555139244,0.0282812677082433,0.00588625131947327));
#4619=CARTESIAN_POINT('',(-0.0311828505612915,0.024347632810026,0.00542120444115929));
#4620=CARTESIAN_POINT('',(-0.0290438894095904,0.0204310110991793,0.00504804557652139));
#4621=CARTESIAN_POINT('',(-0.0265858616968588,0.0166470273270711,0.00458747461236488));
#4622=CARTESIAN_POINT('',(-0.0230773559952082,0.0119210960761605,0.00360074783989732));
#4623=CARTESIAN_POINT('',(-0.0203958655917229,0.00888812943756695,0.00211550862129584));
#4624=CARTESIAN_POINT('',(-0.0187765444868306,0.00726866588152186,0.000511310321297384));
#4625=CARTESIAN_POINT('',(-0.00451615913939462,0.0624414675598443,0.07375));
#4626=CARTESIAN_POINT('',(-0.00451654011963244,0.0624424183458342,0.0656852833387965));
#4627=CARTESIAN_POINT('',(-0.00693944236268072,0.0628560220650814,0.0545098964224671));
#4628=CARTESIAN_POINT('',(-0.0132137126688584,0.0607880670360386,0.0410307995013145));
#4629=CARTESIAN_POINT('',(-0.0176581224611137,0.0584535167263318,0.0334398836009891));
#4630=CARTESIAN_POINT('',(-0.021846374104368,0.0555620200037113,0.0271649353972787));
#4631=CARTESIAN_POINT('',(-0.0259566351022725,0.0521224619573147,0.021550762488611));
#4632=CARTESIAN_POINT('',(-0.0295279895545372,0.0479985725927089,0.0165949457890992));
#4633=CARTESIAN_POINT('',(-0.0319007059574839,0.0435817326269652,0.0127629652240173));
#4634=CARTESIAN_POINT('',(-0.0330074428391365,0.0395222193826851,0.010203822273265));
#4635=CARTESIAN_POINT('',(-0.0332742109021861,0.0357974296014226,0.00848148222141919));
#4636=CARTESIAN_POINT('',(-0.0329308064830763,0.032181509128394,0.00728859913850736));
#4637=CARTESIAN_POINT('',(-0.0319093193308037,0.0283072135768483,0.00651981173566509));
#4638=CARTESIAN_POINT('',(-0.0303136713965689,0.0243246893241951,0.00602547473135117));
#4639=CARTESIAN_POINT('',(-0.0282725669888938,0.0203563375545912,0.00561140040322174));
#4640=CARTESIAN_POINT('',(-0.0259119997411756,0.0165326307154409,0.00510151529324777));
#4641=CARTESIAN_POINT('',(-0.0225176054688065,0.0117923294548786,0.00405469797659337));
#4642=CARTESIAN_POINT('',(-0.0199043382130398,0.00880853336844166,0.00257355774257159));
#4643=CARTESIAN_POINT('',(-0.0183244419164078,0.00722832261042859,0.00100860830068431));
#4644=CARTESIAN_POINT('',(-0.00337749885928682,0.0617684103378315,0.07375));
#4645=CARTESIAN_POINT('',(-0.003378343592754,0.0617687315034557,0.0657585973579739));
#4646=CARTESIAN_POINT('',(-0.00592274916399892,0.0621722703228038,0.0546768352597891));
#4647=CARTESIAN_POINT('',(-0.0123214564066332,0.0602031061094196,0.0412854159347001));
#4648=CARTESIAN_POINT('',(-0.0168040182423453,0.0579727339774518,0.0337450095371361));
#4649=CARTESIAN_POINT('',(-0.0209843049254639,0.0552081513665246,0.02751794388714));
#4650=CARTESIAN_POINT('',(-0.0250433611788438,0.0519088192279716,0.0219483596951813));
#4651=CARTESIAN_POINT('',(-0.0285482644441458,0.0479141960390561,0.0170211522943676));
#4652=CARTESIAN_POINT('',(-0.0308723976465891,0.043594955386118,0.0132008720275478));
#4653=CARTESIAN_POINT('',(-0.0319617692357901,0.0395914637923365,0.010643504450421));
#4654=CARTESIAN_POINT('',(-0.0322360285806996,0.035894300321068,0.00891913985303395));
#4655=CARTESIAN_POINT('',(-0.0319208881742801,0.0322852569967967,0.00772138209687835));
#4656=CARTESIAN_POINT('',(-0.0309562606336291,0.0283995149192355,0.00694387715647982));
#4657=CARTESIAN_POINT('',(-0.029440911533537,0.0243985918000918,0.00643565427802369));
#4658=CARTESIAN_POINT('',(-0.0274937460748389,0.0204062900318907,0.00600073349774317));
#4659=CARTESIAN_POINT('',(-0.0252320734429016,0.0165615801304928,0.00546394296818437));
#4660=CARTESIAN_POINT('',(-0.0219630847563386,0.0118108089057586,0.00437876134598942));
#4661=CARTESIAN_POINT('',(-0.0194270217224336,0.00886553062792892,0.00289153186918201));
#4662=CARTESIAN_POINT('',(-0.0178822360480959,0.00732109776962922,0.00136148199952948));
#4663=CARTESIAN_POINT('',(-0.00241945007313693,0.0613872440912135,0.07375));
#4664=CARTESIAN_POINT('',(-0.00242049228803569,0.061386859161239,0.0657941107318293));
#4665=CARTESIAN_POINT('',(-0.00507240037372884,0.0617597175784136,0.0547582266401787));
#4666=CARTESIAN_POINT('',(-0.0115738987064205,0.0598215514796754,0.0414114929684581));
#4667=CARTESIAN_POINT('',(-0.0160838482454188,0.0576402034599706,0.0339001702551807));
#4668=CARTESIAN_POINT('',(-0.0202512264170728,0.0549463961212498,0.027705430073121));
#4669=CARTESIAN_POINT('',(-0.0242601590244852,0.051734803823231,0.0221684663222658));
#4670=CARTESIAN_POINT('',(-0.0277063971068938,0.047833447617796,0.0172660289915708));
#4671=CARTESIAN_POINT('',(-0.0299918303719045,0.0435948067154734,0.013460484317563));
#4672=CARTESIAN_POINT('',(-0.0310693078084105,0.0396449183538104,0.0109092119834868));
#4673=CARTESIAN_POINT('',(-0.0313509155423678,0.0359810155742837,0.00918674844455099));
#4674=CARTESIAN_POINT('',(-0.0310585938182611,0.0323907213884221,0.00798822625736099));
#4675=CARTESIAN_POINT('',(-0.0301377687627697,0.0285125473599018,0.0072074052775145));
#4676=CARTESIAN_POINT('',(-0.0286843487122632,0.0245147167455793,0.00669281051128464));
#4677=CARTESIAN_POINT('',(-0.0268114426390798,0.0205205240309668,0.00624758893633365));
#4678=CARTESIAN_POINT('',(-0.0246311096192773,0.0166724786542354,0.0056968707298483));
#4679=CARTESIAN_POINT('',(-0.0214706853661091,0.0119217619389176,0.00459116732576696));
#4680=CARTESIAN_POINT('',(-0.019006589541456,0.00900008980411281,0.00309864370735892));
#4681=CARTESIAN_POINT('',(-0.017488860295502,0.00748314423962885,0.00159509060195572));
#4682=CARTESIAN_POINT('',(-0.00181143586141671,0.0612145653256265,0.07375));
#4683=CARTESIAN_POINT('',(-0.0018124851903821,0.0612137176641003,0.0658070499306473));
#4684=CARTESIAN_POINT('',(-0.00453321684185825,0.0615587107752033,0.0547875118361458));
#4685=CARTESIAN_POINT('',(-0.0111003060794435,0.0596217937721311,0.0414585664998321));
#4686=CARTESIAN_POINT('',(-0.0156265884018408,0.0574576259171458,0.0339605546512743));
#4687=CARTESIAN_POINT('',(-0.0197840539838928,0.0547948164109537,0.0277829030782147));
#4688=CARTESIAN_POINT('',(-0.0237591760663078,0.0516260715495494,0.022264639129347));
#4689=CARTESIAN_POINT('',(-0.0271674248023456,0.0477760225711695,0.0173786919356752));
#4690=CARTESIAN_POINT('',(-0.0294290846950381,0.0435870196581418,0.0135851191112672));
#4691=CARTESIAN_POINT('',(-0.0305002848618386,0.0396741110193383,0.0110398140248379));
#4692=CARTESIAN_POINT('',(-0.0307873953645701,0.0360362540411114,0.0093196041360925));
#4693=CARTESIAN_POINT('',(-0.0305096258190699,0.0324641144319076,0.00812093879103174));
#4694=CARTESIAN_POINT('',(-0.0296152503413342,0.0285987812919112,0.00733792994303084));
#4695=CARTESIAN_POINT('',(-0.0281987695299397,0.0246116591410665,0.00681940472314955));
#4696=CARTESIAN_POINT('',(-0.0263704427306434,0.0206251118806326,0.00636856949180417));
#4697=CARTESIAN_POINT('',(-0.0242396509022801,0.0167824835961418,0.0058111714588908));
#4698=CARTESIAN_POINT('',(-0.0211466476989742,0.0120381657610063,0.00469710319873193));
#4699=CARTESIAN_POINT('',(-0.0187283232457657,0.00912810864869935,0.00320378180474968));
#4700=CARTESIAN_POINT('',(-0.0172261603600527,0.00762678374611636,0.00171532415000504));
#4701=CARTESIAN_POINT('',(-0.00132476603005392,0.061114850284697,0.07375));
#4702=CARTESIAN_POINT('',(-0.00132574626751359,0.0611136483943316,0.0658118299030113));
#4703=CARTESIAN_POINT('',(-0.0041019615509307,0.0614317635924379,0.0547976572976567));
#4704=CARTESIAN_POINT('',(-0.0107217668886605,0.0594858658305093,0.041477431655764));
#4705=CARTESIAN_POINT('',(-0.0152602009249888,0.0573278090508845,0.0339874834524357));
#4706=CARTESIAN_POINT('',(-0.0194083055494691,0.0546818862348836,0.0278219084866158));
#4707=CARTESIAN_POINT('',(-0.0233547595350465,0.051539677533884,0.0223181161538712));
#4708=CARTESIAN_POINT('',(-0.0267315574223658,0.0477253721702942,0.0174465875244261));
#4709=CARTESIAN_POINT('',(-0.0289740696334929,0.0435748689111308,0.0136646185696907));
#4710=CARTESIAN_POINT('',(-0.030040925648942,0.0396935829166215,0.0111253634239026));
#4711=CARTESIAN_POINT('',(-0.0303333633900344,0.0360800452705783,0.00940714582246646));
#4712=CARTESIAN_POINT('',(-0.0300680608191576,0.0325267394869573,0.00820771237180299));
#4713=CARTESIAN_POINT('',(-0.0291951449627127,0.0286770507633359,0.00742155067318381));
#4714=CARTESIAN_POINT('',(-0.02780795520566,0.0247043377472705,0.00689840202486436));
#4715=CARTESIAN_POINT('',(-0.0260147342656858,0.0207298465827818,0.00644209077780179));
#4716=CARTESIAN_POINT('',(-0.0239228630743171,0.0168967470493105,0.0058793396671308));
#4717=CARTESIAN_POINT('',(-0.0208828200061447,0.0121623823675101,0.00476021635209793));
#4718=CARTESIAN_POINT('',(-0.0184998189896913,0.00925998470478477,0.00326824811974031));
#4719=CARTESIAN_POINT('',(-0.0170087709863325,0.00776968308495309,0.00179054814563872));
#4720=CARTESIAN_POINT('',(-0.000961518096164643,0.0610588984006447,0.07375));
#4721=CARTESIAN_POINT('',(-0.000962409410859964,0.0610574427467232,0.0658126852866808));
#4722=CARTESIAN_POINT('',(-0.00378016520921873,0.0613533922245886,0.0547986299326036));
#4723=CARTESIAN_POINT('',(-0.0104393684817899,0.0593960568012024,0.0414822645014703));
#4724=CARTESIAN_POINT('',(-0.0149863144621708,0.0572388887934507,0.0339971494242205));
#4725=CARTESIAN_POINT('',(-0.0191265836690923,0.0546016592569173,0.0278399224051948));
#4726=CARTESIAN_POINT('',(-0.0230506825133098,0.0514752792481001,0.0223469210208458));
#4727=CARTESIAN_POINT('',(-0.0264033313000899,0.0476848220005966,0.0174870269415399));
#4728=CARTESIAN_POINT('',(-0.0286314053377544,0.0435624114906071,0.0137148603747214));
#4729=CARTESIAN_POINT('',(-0.0296953887954743,0.0397058581094818,0.0111807150609628));
#4730=CARTESIAN_POINT('',(-0.0299923942174512,0.036112385946743,0.00946390533637986));
#4731=CARTESIAN_POINT('',(-0.0297370040851177,0.032575484514205,0.00826329656249362));
#4732=CARTESIAN_POINT('',(-0.0288804823131613,0.0287403904589568,0.00747369439432179));
#4733=CARTESIAN_POINT('',(-0.0275152003762121,0.0247816484100842,0.00694594760717533));
#4734=CARTESIAN_POINT('',(-0.0257479709991965,0.0208194812114775,0.00648469095141973));
#4735=CARTESIAN_POINT('',(-0.0236846983545284,0.0169964901641536,0.00591767595517437));
#4736=CARTESIAN_POINT('',(-0.0206833254835626,0.0122725150231475,0.00479541472215542));
#4737=CARTESIAN_POINT('',(-0.0183254175437985,0.00937532351554022,0.00330557058490838));
#4738=CARTESIAN_POINT('',(-0.0168418824472976,0.00789240549028762,0.00183514945444235));
#4739=CARTESIAN_POINT('',(-0.000660949394393489,0.0610275140754746,0.07375));
#4740=CARTESIAN_POINT('',(-0.000661741545545626,0.0610258676215326,0.0658110269937495));
#4741=CARTESIAN_POINT('',(-0.00351387293649952,0.0613018030990815,0.0547935749297391));
#4742=CARTESIAN_POINT('',(-0.0102058176474008,0.0593311755693854,0.0414783372876552));
#4743=CARTESIAN_POINT('',(-0.0147594292394926,0.0571718465741243,0.0339964354195526));
#4744=CARTESIAN_POINT('',(-0.0188925637567548,0.0545386515244164,0.0278457620437533));
#4745=CARTESIAN_POINT('',(-0.0227973704724024,0.0514219921221319,0.0223619321397774));
#4746=CARTESIAN_POINT('',(-0.0261293589251135,0.0476487039023226,0.0175126049196423));
#4747=CARTESIAN_POINT('',(-0.0283451974875569,0.0435488886315207,0.013749594290956));
#4748=CARTESIAN_POINT('',(-0.02940704863762,0.0397138030891884,0.0112201469399237));
#4749=CARTESIAN_POINT('',(-0.0297084063638651,0.0361386824514069,0.00950430403443944));
#4750=CARTESIAN_POINT('',(-0.0294619264386981,0.0326174889641938,0.00830198891751588));
#4751=CARTESIAN_POINT('',(-0.0286196002311651,0.0287970751107403,0.00750827821113417));
#4752=CARTESIAN_POINT('',(-0.027272802444916,0.0248527373713805,0.00697536991136098));
#4753=CARTESIAN_POINT('',(-0.0255271402821751,0.0209037151459615,0.00650890722999131));
#4754=CARTESIAN_POINT('',(-0.0234872406215176,0.017091791766871,0.00593777173395418));
#4755=CARTESIAN_POINT('',(-0.0205170164898676,0.0123791980273709,0.00481300995622902));
#4756=CARTESIAN_POINT('',(-0.0181784088861885,0.00948622644314446,0.0033256799638624));
#4757=CARTESIAN_POINT('',(-0.0167003871296126,0.00800867832820409,0.00186062045483786));
#4758=CARTESIAN_POINT('',(-0.000422501243331301,0.0610112098152405,0.07375));
#4759=CARTESIAN_POINT('',(-0.000423200707204607,0.0610094265545051,0.0658082815913034));
#4760=CARTESIAN_POINT('',(-0.0033026869898589,0.0612685690145244,0.0547859349882161));
#4761=CARTESIAN_POINT('',(-0.0100208185878958,0.0592852587634123,0.0414704687676779));
#4762=CARTESIAN_POINT('',(-0.0145794463061524,0.0571225745581982,0.0339907402323031));
#4763=CARTESIAN_POINT('',(-0.0187063154761982,0.0544906733469356,0.0278451216377417));
#4764=CARTESIAN_POINT('',(-0.0225949445231615,0.0513795234982823,0.022368803644502));
#4765=CARTESIAN_POINT('',(-0.0259096933965656,0.0476180986314674,0.0175285727427742));
#4766=CARTESIAN_POINT('',(-0.0281153866403472,0.0435358051253886,0.0137736010075082));
#4767=CARTESIAN_POINT('',(-0.0291757269768589,0.0397185316537659,0.0112481965289732));
#4768=CARTESIAN_POINT('',(-0.0294811906031822,0.036159229646936,0.00953289913052178));
#4769=CARTESIAN_POINT('',(-0.0292427532286421,0.0326519142745137,0.00832856999095679));
#4770=CARTESIAN_POINT('',(-0.0284128872830033,0.0288446664917694,0.00753052294152898));
#4771=CARTESIAN_POINT('',(-0.0270818928406039,0.0249132527080434,0.00699240993858407));
#4772=CARTESIAN_POINT('',(-0.0253542595833257,0.0209761099846834,0.00652093207491047));
#4773=CARTESIAN_POINT('',(-0.0233334382327278,0.0171741975919644,0.00594604076331804));
#4774=CARTESIAN_POINT('',(-0.0203879932324373,0.0124717215027325,0.00481924720172848));
#4775=CARTESIAN_POINT('',(-0.0180636588316307,0.00958158924083015,0.00333423878690862));
#4776=CARTESIAN_POINT('',(-0.0165893591056164,0.00810763165843975,0.0018728141222477));
#4777=CARTESIAN_POINT('',(-0.0002744581979844,0.0610046195125814,0.07375));
#4778=CARTESIAN_POINT('',(-0.000275100359340593,0.0610027546925202,0.0658059863700402));
#4779=CARTESIAN_POINT('',(-0.0031714609601701,0.0612511208477205,0.0547796289082707));
#4780=CARTESIAN_POINT('',(-0.00990570342981895,0.0592589231516161,0.0414634006398571));
#4781=CARTESIAN_POINT('',(-0.0144673745942212,0.0570934531656948,0.0339849100816776));
#4782=CARTESIAN_POINT('',(-0.0185903713881103,0.0544616897215989,0.0278425328899435));
#4783=CARTESIAN_POINT('',(-0.0224691075283289,0.0513533143027215,0.0223712234249584));
#4784=CARTESIAN_POINT('',(-0.0257733859950794,0.0475987626833716,0.0175370527692596));
#4785=CARTESIAN_POINT('',(-0.0279729363298242,0.0435271483007064,0.0137872712255754));
#4786=CARTESIAN_POINT('',(-0.0290323367601567,0.0397210189925496,0.0112643395405439));
#4787=CARTESIAN_POINT('',(-0.0293402045765953,0.036171844370495,0.00954921003305453));
#4788=CARTESIAN_POINT('',(-0.0291064712922635,0.0326736789135063,0.0083433725454019));
#4789=CARTESIAN_POINT('',(-0.028283809473997,0.0288755224298427,0.00754225296360659));
#4790=CARTESIAN_POINT('',(-0.0269618624299631,0.0249533813305454,0.00700045996875567));
#4791=CARTESIAN_POINT('',(-0.0252444787842286,0.0210251138117879,0.00652541923613499));
#4792=CARTESIAN_POINT('',(-0.0232344378743137,0.0172310548190036,0.00594782290931554));
#4793=CARTESIAN_POINT('',(-0.0203029474392715,0.0125370125944763,0.00481945775822067));
#4794=CARTESIAN_POINT('',(-0.0179866362278901,0.00964988161932963,0.00333597724578295));
#4795=CARTESIAN_POINT('',(-0.0165147191375052,0.0081782313649704,0.00187689419309172));
#4796=CARTESIAN_POINT('',(-0.000156773248491332,0.0610014660137278,0.07375));
#4797=CARTESIAN_POINT('',(-0.000157357127989741,0.0609995450193039,0.0658037886434168));
#4798=CARTESIAN_POINT('',(-0.00306744227591336,0.0612391143209436,0.0547737267420548));
#4799=CARTESIAN_POINT('',(-0.00981497604883496,0.0592395899346384,0.0414569122539881));
#4800=CARTESIAN_POINT('',(-0.0143788863298803,0.0570715603792394,0.0339792831896067));
#4801=CARTESIAN_POINT('',(-0.0184980795606858,0.0544391938734163,0.0278392150507406));
#4802=CARTESIAN_POINT('',(-0.0223676612020056,0.0513319122417753,0.0223715987839398));
#4803=CARTESIAN_POINT('',(-0.025662209357888,0.0475818652825643,0.017542335993176));
#4804=CARTESIAN_POINT('',(-0.0278560897066939,0.0435186918039155,0.0137971681252534));
#4805=CARTESIAN_POINT('',(-0.0289149432619055,0.0397221175960976,0.0112765693637933));
#4806=CARTESIAN_POINT('',(-0.0292257303826137,0.0361817925750488,0.00956157952725776));
#4807=CARTESIAN_POINT('',(-0.0289973954201938,0.0326914380944663,0.00835422178341059));
#4808=CARTESIAN_POINT('',(-0.0281828480408768,0.0289004344147802,0.00755010448440492));
#4809=CARTESIAN_POINT('',(-0.0268708293722977,0.0249849600157341,0.00700493286904908));
#4810=CARTESIAN_POINT('',(-0.0251643591781926,0.0210625618702636,0.00652685710653362));
#4811=CARTESIAN_POINT('',(-0.0231653746213002,0.0172731212300402,0.00594718164164628));
#4812=CARTESIAN_POINT('',(-0.0202475023964831,0.0125831547767183,0.00481791441410968));
#4813=CARTESIAN_POINT('',(-0.017937831434385,0.00969585220681878,0.00333566955062376));
#4814=CARTESIAN_POINT('',(-0.0164669992201061,0.00822520341139302,0.00187764943294572));
#4815=CARTESIAN_POINT('',(-3.94244268357598E-5,0.0609997010957449,0.07375));
#4816=CARTESIAN_POINT('',(-3.99875005588601E-5,0.0609977073193218,0.0658014069791704));
#4817=CARTESIAN_POINT('',(-0.00296268864072974,0.061228462991294,0.0547670205656746));
#4818=CARTESIAN_POINT('',(-0.00972183784959994,0.0592203075805903,0.0414483092621087));
#4819=CARTESIAN_POINT('',(-0.0142883143063614,0.0570492612167009,0.0339716951021795));
#4820=CARTESIAN_POINT('',(-0.0184057007063394,0.0544168996009213,0.0278349357705665));
#4821=CARTESIAN_POINT('',(-0.0222699351394955,0.0513124059402842,0.0223725880359775));
#4822=CARTESIAN_POINT('',(-0.0255590550692116,0.0475684260627458,0.017548912255793));
#4823=CARTESIAN_POINT('',(-0.0277497282442479,0.0435133862929862,0.0138074570762531));
#4824=CARTESIAN_POINT('',(-0.028807484882062,0.0397246375277843,0.0112880765394815));
#4825=CARTESIAN_POINT('',(-0.0291181603345951,0.0361916233391593,0.00957279425042371));
#4826=CARTESIAN_POINT('',(-0.0288901439935196,0.032708730547609,0.00836418209480505));
#4827=CARTESIAN_POINT('',(-0.0280761609362585,0.0289269951635852,0.00755770611457338));
#4828=CARTESIAN_POINT('',(-0.0267650608418907,0.0250227244092707,0.00700938409534272));
#4829=CARTESIAN_POINT('',(-0.0250599762938648,0.0211126001683024,0.0065278224727889));
#4830=CARTESIAN_POINT('',(-0.0230629519243574,0.0173357151048083,0.00594501284671384));
#4831=CARTESIAN_POINT('',(-0.0201486171385779,0.0126616609065124,0.00481309392793017));
#4832=CARTESIAN_POINT('',(-0.0178429703046995,0.00978397853359824,0.00333205567736376));
#4833=CARTESIAN_POINT('',(-0.0163755957463861,0.00831678619588364,0.00187746835540088));
#4834=CARTESIAN_POINT('',(0.000163841420844152,0.0610002042323831,0.07375));
#4835=CARTESIAN_POINT('',(0.00016333310027786,0.0609980923570441,0.065796928721295));
#4836=CARTESIAN_POINT('',(-0.00278107671455021,0.0612131151124642,0.054754704452126));
#4837=CARTESIAN_POINT('',(-0.00956056768824339,0.0591893696180829,0.0414324934029394));
#4838=CARTESIAN_POINT('',(-0.0141313775149549,0.0570124851116394,0.0339571642073471));
#4839=CARTESIAN_POINT('',(-0.0182451808184528,0.0543791608513155,0.0278254197923669));
#4840=CARTESIAN_POINT('',(-0.022099288417041,0.0512781397275416,0.0223713454189021));
#4841=CARTESIAN_POINT('',(-0.0253779275658252,0.0475435357966955,0.0175569878448275));
#4842=CARTESIAN_POINT('',(-0.0275623770947043,0.0435024886133202,0.0138223510759677));
#4843=CARTESIAN_POINT('',(-0.028618353082872,0.0397280240265202,0.0113056418542323));
#4844=CARTESIAN_POINT('',(-0.0289295810041109,0.036208522735938,0.00959021516569896));
#4845=CARTESIAN_POINT('',(-0.0287033389168939,0.0327391443125472,0.00837958646767982));
#4846=CARTESIAN_POINT('',(-0.0278920836028799,0.0289734363209949,0.00756911214198501));
#4847=CARTESIAN_POINT('',(-0.026584682020281,0.0250878647883284,0.00701559640780115));
#4848=CARTESIAN_POINT('',(-0.0248843383687705,0.0211976714933856,0.00652851583559702));
#4849=CARTESIAN_POINT('',(-0.0228930836404262,0.0174405774893604,0.00594102089816878));
#4850=CARTESIAN_POINT('',(-0.0199876665110064,0.0127907985903674,0.00480561689514127));
#4851=CARTESIAN_POINT('',(-0.0176897418963779,0.00992664447654359,0.00332697027008173));
#4852=CARTESIAN_POINT('',(-0.016227606962366,0.00846466377172956,0.00187758065932478));
#4853=CARTESIAN_POINT('',(0.000562907771353715,0.0610151219775576,0.07375));
#4854=CARTESIAN_POINT('',(0.000562512480178547,0.0610127815435392,0.0657866319415663));
#4855=CARTESIAN_POINT('',(-0.00242248988120568,0.061195343940433,0.0547268617076178));
#4856=CARTESIAN_POINT('',(-0.00924036318920022,0.059136934105378,0.0413951359539472));
#4857=CARTESIAN_POINT('',(-0.013819895972353,0.0569458807659,0.0339210317347264));
#4858=CARTESIAN_POINT('',(-0.0179281649430565,0.0543083328738311,0.0277982903602516));
#4859=CARTESIAN_POINT('',(-0.0217651535006674,0.0512120994944677,0.022360021286995));
#4860=CARTESIAN_POINT('',(-0.0250259651047021,0.0474944112321273,0.0175638128199163));
#4861=CARTESIAN_POINT('',(-0.027199578986459,0.0434800379703802,0.0138425330668731));
#4862=CARTESIAN_POINT('',(-0.0282516178039776,0.0397334822133112,0.0113312729559951));
#4863=CARTESIAN_POINT('',(-0.0285619177796156,0.0362410743441876,0.00961609091782169));
#4864=CARTESIAN_POINT('',(-0.0283357164249949,0.0327997007182195,0.00840235517904915));
#4865=CARTESIAN_POINT('',(-0.0275245113799577,0.0290685423841421,0.00758517731316004));
#4866=CARTESIAN_POINT('',(-0.0262181352748315,0.0252240913784365,0.00702259138850281));
#4867=CARTESIAN_POINT('',(-0.0245208745591367,0.0213781325413315,0.00652567575471262));
#4868=CARTESIAN_POINT('',(-0.0225354214471487,0.0176651926559315,0.0059298625551812));
#4869=CARTESIAN_POINT('',(-0.019641824771187,0.0130697658014553,0.00478868722892502));
#4870=CARTESIAN_POINT('',(-0.0173575828640401,0.0102363178595623,0.00331568009579546));
#4871=CARTESIAN_POINT('',(-0.0159067412981176,0.00878560875867325,0.00187750055505184));
#4872=CARTESIAN_POINT('',(0.00111343563720476,0.0610735795396378,0.07375));
#4873=CARTESIAN_POINT('',(0.00111327096918204,0.0610709709926978,0.0657679624428471));
#4874=CARTESIAN_POINT('',(-0.00192422255809155,0.0612045355827571,0.0546785261903798));
#4875=CARTESIAN_POINT('',(-0.00879375248705743,0.0590886678020919,0.0413280826901624));
#4876=CARTESIAN_POINT('',(-0.0133861278396309,0.0568711288911447,0.0338519469128254));
#4877=CARTESIAN_POINT('',(-0.0174893126521411,0.0542205834916154,0.0277381899055284));
#4878=CARTESIAN_POINT('',(-0.0213069318470207,0.0511233847858346,0.0223187900511331));
#4879=CARTESIAN_POINT('',(-0.0245468458242182,0.0474230356400917,0.0175464016430199));
#4880=CARTESIAN_POINT('',(-0.0267071019999388,0.0434432178221765,0.0138442305516217));
#4881=CARTESIAN_POINT('',(-0.0277529246058239,0.0397361244088108,0.0113420769437842));
#4882=CARTESIAN_POINT('',(-0.0280588863373405,0.0362838468401469,0.00962911183551766));
#4883=CARTESIAN_POINT('',(-0.027827352792882,0.0328853625314336,0.00841324193816712));
#4884=CARTESIAN_POINT('',(-0.0270076565843757,0.0292085077286962,0.00758946454928603));
#4885=CARTESIAN_POINT('',(-0.0256928434039392,0.0254290469967176,0.00701737994096056));
#4886=CARTESIAN_POINT('',(-0.0239904842459346,0.0216526957780425,0.0065102477360615));
#4887=CARTESIAN_POINT('',(-0.0220051684680216,0.0180085195811592,0.00590653681171164));
#4888=CARTESIAN_POINT('',(-0.0191201483936402,0.0134965440609503,0.00476210088231702));
#4889=CARTESIAN_POINT('',(-0.0168525238753477,0.0107087132403399,0.00329952880582716));
#4890=CARTESIAN_POINT('',(-0.0154179987060432,0.00927430691721185,0.00187754542639756));
#4891=CARTESIAN_POINT('',(0.00174113734553277,0.0611958926378334,0.0737500000000001));
#4892=CARTESIAN_POINT('',(0.00174124434509396,0.0611930431063474,0.0657406846106682));
#4893=CARTESIAN_POINT('',(-0.00134756015751469,0.0612653437620203,0.0546086999997823));
#4894=CARTESIAN_POINT('',(-0.00827353931417036,0.059068894305092,0.0412275640097287));
#4895=CARTESIAN_POINT('',(-0.0128836401484855,0.0568109539999156,0.0337445023460661));
#4896=CARTESIAN_POINT('',(-0.0169876054500573,0.0541358322933431,0.0276372396826264));
#4897=CARTESIAN_POINT('',(-0.0207928372053061,0.0510276682028755,0.0222362803915983));
#4898=CARTESIAN_POINT('',(-0.0240171588898488,0.0473389422533393,0.017489329855886));
#4899=CARTESIAN_POINT('',(-0.0261656065705333,0.0433944777554713,0.0138091018660425));
#4900=CARTESIAN_POINT('',(-0.0272025662169354,0.0397323432202937,0.0113188987035353));
#4901=CARTESIAN_POINT('',(-0.0274973501944169,0.0363286701666651,0.00961078220086566));
#4902=CARTESIAN_POINT('',(-0.0272493750380269,0.0329847957111416,0.00839540019212536));
#4903=CARTESIAN_POINT('',(-0.0264046220374579,0.0293800971173,0.0075678391791755));
#4904=CARTESIAN_POINT('',(-0.0250631834513028,0.0256881581212633,0.00698928419007777));
#4905=CARTESIAN_POINT('',(-0.023338791536802,0.0220055215136833,0.00647541942282731));
#4906=CARTESIAN_POINT('',(-0.0213394698922055,0.0184535028482018,0.00586785935328678));
#4907=CARTESIAN_POINT('',(-0.018449519384238,0.0140525839018422,0.00472626687090448));
#4908=CARTESIAN_POINT('',(-0.0161962640780066,0.0113244445490181,0.00327940389373136));
#4909=CARTESIAN_POINT('',(-0.0147820059595409,0.00991031386225409,0.00187753108795739));
#4910=CARTESIAN_POINT('',(0.00254207450842719,0.0614224338455441,0.07375));
#4911=CARTESIAN_POINT('',(0.00254255274375664,0.0614193634295148,0.0656977976756364));
#4912=CARTESIAN_POINT('',(-0.000601342850837256,0.0614064887378845,0.0544996665583697));
#4913=CARTESIAN_POINT('',(-0.00759535630254596,0.0590874261315612,0.0410671913618641));
#4914=CARTESIAN_POINT('',(-0.0122312547457476,0.0567647505851792,0.0335697966652318));
#4915=CARTESIAN_POINT('',(-0.0163438093506711,0.0540462704134542,0.0274667848193298));
#4916=CARTESIAN_POINT('',(-0.0201446971483873,0.0509126011593185,0.0220862367409593));
#4917=CARTESIAN_POINT('',(-0.0233585691275554,0.0472293074112389,0.0173699189035046));
#4918=CARTESIAN_POINT('',(-0.0254952909555084,0.0433250109129203,0.0137180088062395));
#4919=CARTESIAN_POINT('',(-0.0265182088857904,0.0397199720697683,0.0112451217558619));
#4920=CARTESIAN_POINT('',(-0.026791299896608,0.0363815284816945,0.00954604581392161));
#4921=CARTESIAN_POINT('',(-0.0265109016571758,0.033113809471227,0.00833468303326604));
#4922=CARTESIAN_POINT('',(-0.0256182424383971,0.0296123889171172,0.007506702013109));
#4923=CARTESIAN_POINT('',(-0.0242257416923881,0.0260464301446285,0.00692540487093822));
#4924=CARTESIAN_POINT('',(-0.022456851356449,0.0224984752020165,0.00640939448799896));
#4925=CARTESIAN_POINT('',(-0.0204250284289944,0.0190785103164861,0.00580367015529614));
#4926=CARTESIAN_POINT('',(-0.0175132111061998,0.0148360736705254,0.00467415090319619));
#4927=CARTESIAN_POINT('',(-0.0152731994725844,0.0121921927927011,0.0032519933989568));
#4928=CARTESIAN_POINT('',(-0.013886582099429,0.0108057330904768,0.00187753576548515));
#4929=CARTESIAN_POINT('',(0.00347054089033951,0.0618155272047046,0.07375));
#4930=CARTESIAN_POINT('',(0.00347146252105633,0.061812316742223,0.0656332131266568));
#4931=CARTESIAN_POINT('',(0.000281018590202624,0.0616870400251474,0.054337514355456));
#4932=CARTESIAN_POINT('',(-0.00678372374437883,0.0591893899248619,0.040822961310973));
#4933=CARTESIAN_POINT('',(-0.0114543701259676,0.0567677581031218,0.0332991401827178));
#4934=CARTESIAN_POINT('',(-0.0155897217098291,0.0539784494622621,0.0271947102270995));
#4935=CARTESIAN_POINT('',(-0.0194056723049203,0.0507969368825126,0.0218333151025649));
#4936=CARTESIAN_POINT('',(-0.0226245861043203,0.047105222249888,0.0171492337907568));
#4937=CARTESIAN_POINT('',(-0.0247539226416471,0.0432382876657774,0.0135297675555382));
#4938=CARTESIAN_POINT('',(-0.0257552254315903,0.0396966531873578,0.0110794964200944));
#4939=CARTESIAN_POINT('',(-0.0259890941539233,0.0364368943899611,0.00939492312447161));
#4940=CARTESIAN_POINT('',(-0.0256501425105196,0.0332664564017448,0.00819338677510751));
#4941=CARTESIAN_POINT('',(-0.0246738876552005,0.0299025043573338,0.00737245391515175));
#4942=CARTESIAN_POINT('',(-0.0231928549977008,0.0265065151423101,0.00679808656595028));
#4943=CARTESIAN_POINT('',(-0.0213443722543246,0.0231404991215925,0.00629158553124353));
#4944=CARTESIAN_POINT('',(-0.0192499378398131,0.019898860983799,0.00570053983392044));
#4945=CARTESIAN_POINT('',(-0.0162865207303488,0.0158701138945525,0.00460077867918427));
#4946=CARTESIAN_POINT('',(-0.0140540646713183,0.0133392892385187,0.00321632075635506));
#4947=CARTESIAN_POINT('',(-0.0127034393387787,0.0119888779888763,0.00187753360667255));
#4948=CARTESIAN_POINT('',(0.0043305719789497,0.0623515856967,0.07375));
#4949=CARTESIAN_POINT('',(0.004331782569203,0.062348302874048,0.0655505315760028));
#4950=CARTESIAN_POINT('',(0.0011098068056467,0.0620952388908567,0.0541356993406795));
#4951=CARTESIAN_POINT('',(-0.00600856503595261,0.0593836530355046,0.0405145140103718));
#4952=CARTESIAN_POINT('',(-0.0107117667499292,0.0568405357906847,0.0329529644103264));
#4953=CARTESIAN_POINT('',(-0.0148762510521735,0.0539628138552358,0.026839953602915));
#4954=CARTESIAN_POINT('',(-0.0187214794216926,0.050719880016857,0.021492353314082));
#4955=CARTESIAN_POINT('',(-0.0219584615297748,0.0470073884037919,0.0168355932298265));
#4956=CARTESIAN_POINT('',(-0.0240838175700386,0.0431651593345994,0.0132459886451859));
#4957=CARTESIAN_POINT('',(-0.0250579939799781,0.0396770534288673,0.0108191250047267));
#4958=CARTESIAN_POINT('',(-0.0252435424394609,0.0364897378750886,0.00915221503407238));
#4959=CARTESIAN_POINT('',(-0.0248358488990966,0.0334127983656912,0.00796609489043834));
#4960=CARTESIAN_POINT('',(-0.0237649731624658,0.0301849485647717,0.00716221415872914));
#4961=CARTESIAN_POINT('',(-0.0221841062960792,0.0269601595134875,0.0066083939284803));
#4962=CARTESIAN_POINT('',(-0.0202441777423394,0.0237786329967039,0.0061271253574692));
#4963=CARTESIAN_POINT('',(-0.0180757779698283,0.0207188936201191,0.00556665055287268));
#4964=CARTESIAN_POINT('',(-0.015048309850791,0.0169094204565833,0.00451565170787128));
#4965=CARTESIAN_POINT('',(-0.012819860776944,0.014496453877597,0.00317821937809731));
#4966=CARTESIAN_POINT('',(-0.0115077223992504,0.0131845948098065,0.00187753372643914));
#4967=CARTESIAN_POINT('',(0.00497343319073796,0.0628744808708307,0.07375));
#4968=CARTESIAN_POINT('',(0.00497489967321159,0.0628712033165802,0.0654730405687642));
#4969=CARTESIAN_POINT('',(0.00172706070651527,0.0624981371508286,0.0539520788585014));
#4970=CARTESIAN_POINT('',(-0.00542857202217245,0.0595939127673471,0.0402325981638645));
#4971=CARTESIAN_POINT('',(-0.010153534924322,0.0569421988673324,0.0326318382343267));
#4972=CARTESIAN_POINT('',(-0.0143387538277214,0.0539856374503245,0.0265046907854918));
#4973=CARTESIAN_POINT('',(-0.0182071396351712,0.0506880267216942,0.0211619592301371));
#4974=CARTESIAN_POINT('',(-0.0214594364788941,0.0469533365065435,0.0165227822157339));
#4975=CARTESIAN_POINT('',(-0.023581813734235,0.0431240895891761,0.0129556190183025));
#4976=CARTESIAN_POINT('',(-0.0245340596568265,0.0396715652305085,0.0105483599075616));
#4977=CARTESIAN_POINT('',(-0.0246810292519297,0.0365345782309127,0.00889801370271692));
#4978=CARTESIAN_POINT('',(-0.0242184917843046,0.033524013239059,0.00772830179288938));
#4979=CARTESIAN_POINT('',(-0.0230719054298744,0.0303960236620094,0.00694466081751583));
#4980=CARTESIAN_POINT('',(-0.0214108895911847,0.0273003590373047,0.00641549068570315));
#4981=CARTESIAN_POINT('',(-0.0193969856432463,0.0242599097616671,0.00596402127072354));
#4982=CARTESIAN_POINT('',(-0.0171687022607356,0.0213408411558343,0.00543814716826225));
#4983=CARTESIAN_POINT('',(-0.0140898132223456,0.0177028342210217,0.00443884840658929));
#4984=CARTESIAN_POINT('',(-0.0118659379736601,0.015384687933194,0.00314576521751453));
#4985=CARTESIAN_POINT('',(-0.0105866136333017,0.0141057025540215,0.00187753475824021));
#4986=CARTESIAN_POINT('',(0.00543736741906083,0.0633202453655602,0.07375));
#4987=CARTESIAN_POINT('',(0.00543901963026681,0.0633169964548424,0.0654083061397277));
#4988=CARTESIAN_POINT('',(0.00217107508152607,0.0628430561068294,0.0538005851209849));
#4989=CARTESIAN_POINT('',(-0.00501080573936073,0.0597807397052745,0.0399996903877122));
#4990=CARTESIAN_POINT('',(-0.00975034200432712,0.0570408501327864,0.0323649501586655));
#4991=CARTESIAN_POINT('',(-0.0139495365431577,0.0540209311183828,0.0262236287379249));
#4992=CARTESIAN_POINT('',(-0.017833969328975,0.0506799416770224,0.0208814081406894));
#4993=CARTESIAN_POINT('',(-0.02109630507661,0.0469263244434478,0.0162529871230865));
#4994=CARTESIAN_POINT('',(-0.023214682474878,0.0431040081896912,0.0127015739369137));
#4995=CARTESIAN_POINT('',(-0.0241496682082388,0.0396751568435113,0.0103095499300126));
#4996=CARTESIAN_POINT('',(-0.0242687047030191,0.0365722643470644,0.00867357363652447));
#4997=CARTESIAN_POINT('',(-0.0237676482280145,0.0336065936071231,0.00751943452100695));
#4998=CARTESIAN_POINT('',(-0.0225683590238662,0.0305467920996898,0.00675565115874836));
#4999=CARTESIAN_POINT('',(-0.0208510546215229,0.0275409278528122,0.00624980598290487));
#5000=CARTESIAN_POINT('',(-0.0187842906203938,0.0246001122396307,0.00582568088221242));
#5001=CARTESIAN_POINT('',(-0.0165129060229077,0.0217818188116778,0.00533084108991431));
#5002=CARTESIAN_POINT('',(-0.0133973526623301,0.0182683042333061,0.00437670922597161));
#5003=CARTESIAN_POINT('',(-0.0111782554345402,0.0160209630014315,0.00312037811989471));
#5004=CARTESIAN_POINT('',(-0.00992461752221644,0.0147677020331807,0.0018775313569801));
#5005=CARTESIAN_POINT('',(0.00580081031734209,0.0637356588944166,0.07375));
#5006=CARTESIAN_POINT('',(0.00580265638509978,0.063732516004763,0.0653492359904032));
#5007=CARTESIAN_POINT('',(0.0025168291365201,0.0631637699477409,0.0536640586589752));
#5008=CARTESIAN_POINT('',(-0.00468602346783281,0.0599590831724542,0.0397900803038227));
#5009=CARTESIAN_POINT('',(-0.00943550701618285,0.0571415133926685,0.032122967796562));
#5010=CARTESIAN_POINT('',(-0.0136437095383579,0.054066568485823,0.0259661680993064));
#5011=CARTESIAN_POINT('',(-0.0175388650534715,0.0506885484126783,0.020620922476656));
#5012=CARTESIAN_POINT('',(-0.0208076965937827,0.0469177491819615,0.0159990235407971));
#5013=CARTESIAN_POINT('',(-0.0229220843820032,0.0430984875205859,0.0124600007243596));
#5014=CARTESIAN_POINT('',(-0.0238435051053279,0.0396854615192062,0.0100814820372138));
#5015=CARTESIAN_POINT('',(-0.0239412006485389,0.0366059714882294,0.00845933550027738));
#5016=CARTESIAN_POINT('',(-0.0234106454319403,0.033671525558208,0.00732087914737857));
#5017=CARTESIAN_POINT('',(-0.0221708011938212,0.0306608338578288,0.00657712375273703));
#5018=CARTESIAN_POINT('',(-0.0204097629674795,0.0277219884360253,0.00609397184544051));
#5019=CARTESIAN_POINT('',(-0.0183009377966672,0.0248577277494784,0.00569607789260178));
#5020=CARTESIAN_POINT('',(-0.015994860610212,0.0221189484012187,0.00523103670549466));
#5021=CARTESIAN_POINT('',(-0.0128500573125376,0.0187059090763006,0.00432015830979486));
#5022=CARTESIAN_POINT('',(-0.0106360651213548,0.0165179490711146,0.00309809016125282));
#5023=CARTESIAN_POINT('',(-0.009405012068112,0.0152872968989554,0.00187754204963811));
#5024=CARTESIAN_POINT('',(0.00607655049016692,0.064098738053639,0.07375));
#5025=CARTESIAN_POINT('',(0.00607857063870686,0.0640957607695495,0.0652982373009933));
#5026=CARTESIAN_POINT('',(0.00277771660030562,0.0634433583011437,0.0535471087274628));
#5027=CARTESIAN_POINT('',(-0.00444188155038467,0.0601169059074588,0.03961107357467));
#5028=CARTESIAN_POINT('',(-0.00919777887705324,0.0572344932447051,0.0319150346293412));
#5029=CARTESIAN_POINT('',(-0.013410754419271,0.0541142284086585,0.0257426253353962));
#5030=CARTESIAN_POINT('',(-0.0173114803135057,0.0507061430780031,0.0203915311817209));
#5031=CARTESIAN_POINT('',(-0.0205828428829403,0.0469208378319478,0.0157722646287335));
#5032=CARTESIAN_POINT('',(-0.0226926630092969,0.043102575700844,0.0122423616869409));
#5033=CARTESIAN_POINT('',(-0.0236036296006517,0.0397000206779767,0.00987561675538731));
#5034=CARTESIAN_POINT('',(-0.0236860866074432,0.0366361603220258,0.00826668535307336));
#5035=CARTESIAN_POINT('',(-0.0231348480242974,0.0337225382860046,0.00714378317348104));
#5036=CARTESIAN_POINT('',(-0.0218668027180131,0.0307451570450968,0.00641973974657558));
#5037=CARTESIAN_POINT('',(-0.0200751764155526,0.0278528720682658,0.00595786813250257));
#5038=CARTESIAN_POINT('',(-0.017935849499974,0.0250435530736531,0.00558343427898933));
#5039=CARTESIAN_POINT('',(-0.0156039092609408,0.0223639369019979,0.00514457337898127));
#5040=CARTESIAN_POINT('',(-0.0124372506972486,0.0190280808062357,0.00427163079010864));
#5041=CARTESIAN_POINT('',(-0.0102282486359811,0.0168878879220714,0.00307938161473733));
#5042=CARTESIAN_POINT('',(-0.00901615034849213,0.0156761802288636,0.00187752022642055));
#5043=CARTESIAN_POINT('',(0.00624223362512183,0.0643393449811251,0.07375));
#5044=CARTESIAN_POINT('',(0.00624437413395169,0.06433650936255,0.0652647135236311));
#5045=CARTESIAN_POINT('',(0.00293397527201995,0.0636284863864824,0.0534705446472117));
#5046=CARTESIAN_POINT('',(-0.00429579135810159,0.0602224842061841,0.0394937962307733));
#5047=CARTESIAN_POINT('',(-0.00905496753819557,0.0572982679979285,0.0317782453252591));
#5048=CARTESIAN_POINT('',(-0.0132700132525391,0.0541490127120784,0.0255947733763569));
#5049=CARTESIAN_POINT('',(-0.0171732179522249,0.0507219028974237,0.0202387991089762));
#5050=CARTESIAN_POINT('',(-0.0204453108004605,0.0469271913520818,0.0156203115384217));
#5051=CARTESIAN_POINT('',(-0.0225518047473832,0.0431088829994371,0.0120958596466275));
#5052=CARTESIAN_POINT('',(-0.0234562575437139,0.0397119082267978,0.00973680927563201));
#5053=CARTESIAN_POINT('',(-0.023529636185663,0.0366565716310198,0.0081368768591047));
#5054=CARTESIAN_POINT('',(-0.0229663059038917,0.0337543812078475,0.00702477115153943));
#5055=CARTESIAN_POINT('',(-0.021682086117953,0.0307954902464996,0.00631448537517943));
#5056=CARTESIAN_POINT('',(-0.0198729088950313,0.0279294707999441,0.00586719028531503));
#5057=CARTESIAN_POINT('',(-0.0177154263361412,0.0251521457999651,0.00550838654544685));
#5058=CARTESIAN_POINT('',(-0.0153674773461406,0.0225082814425043,0.00508688533621195));
#5059=CARTESIAN_POINT('',(-0.0121868247690937,0.0192205249302752,0.00423940567903834));
#5060=CARTESIAN_POINT('',(-0.00998063570904598,0.0171110045769286,0.00306738099390432));
#5061=CARTESIAN_POINT('',(-0.00878076733003844,0.0159115082488963,0.00187757576674878));
#5062=CARTESIAN_POINT('',(0.00635434805619076,0.0645151771838373,0.07375));
#5063=CARTESIAN_POINT('',(0.0063565625824503,0.0645124622657072,0.0652403666752268));
#5064=CARTESIAN_POINT('',(0.00303938015795366,0.0637634662195049,0.0534150336498614));
#5065=CARTESIAN_POINT('',(-0.00419791005833881,0.0602995386806045,0.039409296945078));
#5066=CARTESIAN_POINT('',(-0.00895905341812309,0.0573456128605652,0.0316794044672183));
#5067=CARTESIAN_POINT('',(-0.0131744962994126,0.0541760687721937,0.0254869588887742));
#5068=CARTESIAN_POINT('',(-0.0170778094866399,0.0507358239639054,0.0201258870190734));
#5069=CARTESIAN_POINT('',(-0.0203488466440244,0.046934592641051,0.0155065065573109));
#5070=CARTESIAN_POINT('',(-0.0224522131457823,0.0431161478615791,0.011985333744888));
#5071=CARTESIAN_POINT('',(-0.0233523382093434,0.0397226616649417,0.00963212501493577));
#5072=CARTESIAN_POINT('',(-0.0234203887504221,0.0366724390402074,0.00803964171512818));
#5073=CARTESIAN_POINT('',(-0.0228502238698217,0.0337769109068986,0.00693670755302112));
#5074=CARTESIAN_POINT('',(-0.0215570107079752,0.030828790358248,0.0062379867178894));
#5075=CARTESIAN_POINT('',(-0.0197382378311948,0.0279781347516648,0.00580252117846488));
#5076=CARTESIAN_POINT('',(-0.0175705344543019,0.0252198834960997,0.00545557891931382));
#5077=CARTESIAN_POINT('',(-0.0152133407099839,0.0225980961312856,0.00504647454363178));
#5078=CARTESIAN_POINT('',(-0.0120247790545945,0.0193411755510508,0.00421665125311789));
#5079=CARTESIAN_POINT('',(-0.00982157264384174,0.0172525387404502,0.00305859976179312));
#5080=CARTESIAN_POINT('',(-0.00863054060709039,0.016061833752929,0.00187747601236022));
#5081=CARTESIAN_POINT('',(0.00641751258957425,0.0646182148262264,0.07375));
#5082=CARTESIAN_POINT('',(0.00641978686310978,0.0646155756801329,0.065226141071614));
#5083=CARTESIAN_POINT('',(0.00309882231335567,0.0638428577207346,0.0533826666625093));
#5084=CARTESIAN_POINT('',(-0.00414204014191622,0.0603455299558901,0.0393593092700468));
#5085=CARTESIAN_POINT('',(-0.00890409797950293,0.0573741187298972,0.0316208212631602));
#5086=CARTESIAN_POINT('',(-0.0131201993282216,0.0541924818832939,0.0254235332325033));
#5087=CARTESIAN_POINT('',(-0.0170245505364429,0.0507443963273224,0.0200603839237518));
#5088=CARTESIAN_POINT('',(-0.0202960069127105,0.0469391642575607,0.0154413451074594));
#5089=CARTESIAN_POINT('',(-0.0223980651189669,0.0431202817707448,0.0119224102311142));
#5090=CARTESIAN_POINT('',(-0.0232954242259037,0.0397285387093389,0.00957229924739702));
#5091=CARTESIAN_POINT('',(-0.0233595818691126,0.0366812667231916,0.00798341586484911));
#5092=CARTESIAN_POINT('',(-0.0227843308521598,0.0337898699393151,0.00688485828714606));
#5093=CARTESIAN_POINT('',(-0.0214846066352734,0.0308485149628737,0.00619190740651542));
#5094=CARTESIAN_POINT('',(-0.019658808779531,0.0280076075924303,0.00576263980106532));
#5095=CARTESIAN_POINT('',(-0.0174834636109416,0.0252618292242732,0.00542229631113621));
#5096=CARTESIAN_POINT('',(-0.0151190147544028,0.0226548084230233,0.00502067173839743));
#5097=CARTESIAN_POINT('',(-0.0119234306503531,0.0194186643475465,0.00420231893224129));
#5098=CARTESIAN_POINT('',(-0.00972035311612604,0.0173435021258168,0.0030537629497323));
#5099=CARTESIAN_POINT('',(-0.00853437457114699,0.0161578414495543,0.00187763591181782));
#5100=CARTESIAN_POINT('',(0.0064791716503616,0.064721570510628,0.07375));
#5101=CARTESIAN_POINT('',(0.00648143943907231,0.0647190096701921,0.0652119122780723));
#5102=CARTESIAN_POINT('',(0.00315633722376135,0.0639213005862701,0.0533501598769304));
#5103=CARTESIAN_POINT('',(-0.00409074391576771,0.0603889930675139,0.0393118428127019));
#5104=CARTESIAN_POINT('',(-0.00885399782556254,0.0574011596642645,0.0315652224878288));
#5105=CARTESIAN_POINT('',(-0.0130682724932561,0.0542089784389508,0.025360843961543));
#5106=CARTESIAN_POINT('',(-0.0169688686721903,0.050754304598772,0.0199911792135468));
#5107=CARTESIAN_POINT('',(-0.0202358758646639,0.0469460150210688,0.0153682627233429));
#5108=CARTESIAN_POINT('',(-0.022334272012283,0.0431277011189095,0.0118498423507801));
#5109=CARTESIAN_POINT('',(-0.0232300011109349,0.0397380200191852,0.00950406228219295));
#5110=CARTESIAN_POINT('',(-0.0232939696106843,0.03669269136468,0.00792206592229537));
#5111=CARTESIAN_POINT('',(-0.0227190247301247,0.0338029864153572,0.0068323372725439));
#5112=CARTESIAN_POINT('',(-0.0214195703949621,0.0308641491987789,0.00614992883032879));
#5113=CARTESIAN_POINT('',(-0.0195945120461373,0.0280266354442397,0.00573049129540547));
#5114=CARTESIAN_POINT('',(-0.0174199043259829,0.0252847194347251,0.00539837141811317));
#5115=CARTESIAN_POINT('',(-0.015056463074808,0.0226825252700957,0.00500323522405947));
#5116=CARTESIAN_POINT('',(-0.0118635515922563,0.0194543975912251,0.00419182797609322));
#5117=CARTESIAN_POINT('',(-0.00966644704071958,0.0173874605343661,0.00304795030235445));
#5118=CARTESIAN_POINT('',(-0.00848581687849144,0.0162070476483656,0.00187698101584004));
#5119=CARTESIAN_POINT('',(0.00655505631211237,0.0648542835678146,0.07375));
#5120=CARTESIAN_POINT('',(0.00655734010693058,0.0648518277002759,0.0651935117824697));
#5121=CARTESIAN_POINT('',(0.00322712039000585,0.0640228080542584,0.0533079540598179));
#5122=CARTESIAN_POINT('',(-0.00402675721531119,0.0604463183755133,0.0392494036175566));
#5123=CARTESIAN_POINT('',(-0.00879125659023638,0.0574371027433509,0.0314923346152964));
#5124=CARTESIAN_POINT('',(-0.0130038650172419,0.0542308654667027,0.0252799164562482));
#5125=CARTESIAN_POINT('',(-0.0169011315599689,0.0507672263281371,0.0199038750949092));
#5126=CARTESIAN_POINT('',(-0.0201640937216429,0.0469544724990351,0.0152778853996964));
#5127=CARTESIAN_POINT('',(-0.022258769063926,0.0431362051770621,0.0117609412552344));
#5128=CARTESIAN_POINT('',(-0.0231521874537477,0.039748764269841,0.00942019976303243));
#5129=CARTESIAN_POINT('',(-0.0232147236743895,0.0367061298907462,0.0078455300780422));
#5130=CARTESIAN_POINT('',(-0.0226383331207701,0.0338194729309806,0.00676498348323355));
#5131=CARTESIAN_POINT('',(-0.0213369628373897,0.0308855188123946,0.00609364057622246));
#5132=CARTESIAN_POINT('',(-0.0195104691221138,0.0280546600541709,0.00568489463909899));
#5133=CARTESIAN_POINT('',(-0.0173344886918213,0.0253205900633526,0.00536230652851652));
#5134=CARTESIAN_POINT('',(-0.0149702218317302,0.0227276585500436,0.00497547832879231));
#5135=CARTESIAN_POINT('',(-0.0117782920982205,0.0195134395631221,0.00417407322169744));
#5136=CARTESIAN_POINT('',(-0.00958707449365993,0.0174580984089186,0.00303748045011109));
#5137=CARTESIAN_POINT('',(-0.00841292840561044,0.0162840699793286,0.00187280642627519));
#5138=CARTESIAN_POINT('',(0.00667281959976579,0.0650726114709905,0.07375));
#5139=CARTESIAN_POINT('',(0.00667511881704684,0.0650703384076279,0.0651631175415587));
#5140=CARTESIAN_POINT('',(0.0033366127236757,0.0641902243947495,0.0532378817984034));
#5141=CARTESIAN_POINT('',(-0.00392846123450407,0.0605411517365157,0.0391464231444721));
#5142=CARTESIAN_POINT('',(-0.00869478947470992,0.0574971096610168,0.0313725016988176));
#5143=CARTESIAN_POINT('',(-0.0129039782429415,0.0542680807820182,0.0251468805445174));
#5144=CARTESIAN_POINT('',(-0.0167947036321709,0.0507897976132534,0.0197602118416507));
#5145=CARTESIAN_POINT('',(-0.0200501574554393,0.0469694980317386,0.0151290476930538));
#5146=CARTESIAN_POINT('',(-0.0221385695849737,0.0431509005934156,0.0116145247323511));
#5147=CARTESIAN_POINT('',(-0.0230286498227706,0.0397666752299893,0.00928213648355531));
#5148=CARTESIAN_POINT('',(-0.0230896034244931,0.0367280223373368,0.00771952439399214));
#5149=CARTESIAN_POINT('',(-0.0225118136408598,0.0338459892168487,0.00665390911183771));
#5150=CARTESIAN_POINT('',(-0.021208620444391,0.0309195830381517,0.00600027173241478));
#5151=CARTESIAN_POINT('',(-0.0193815605008018,0.0280986756012115,0.00560861385472301));
#5152=CARTESIAN_POINT('',(-0.0172055908898563,0.0253758624637818,0.0053011993782927));
#5153=CARTESIAN_POINT('',(-0.0148424277083529,0.0227958792199103,0.00492729284806038));
#5154=CARTESIAN_POINT('',(-0.0116550386692914,0.0196011032387484,0.00414087928349497));
#5155=CARTESIAN_POINT('',(-0.00947476919999906,0.0175626572971604,0.0030149076037086));
#5156=CARTESIAN_POINT('',(-0.00831085409665847,0.0163986775967348,0.00186014962537679));
#5157=CARTESIAN_POINT('',(0.00681271076525466,0.0653566673743268,0.07375));
#5158=CARTESIAN_POINT('',(0.0068150346892515,0.0653546528938947,0.065123412545745));
#5159=CARTESIAN_POINT('',(0.00346623782294689,0.064409355906414,0.0531457606089702));
#5160=CARTESIAN_POINT('',(-0.00381235976604768,0.0606666236648858,0.0390111516030881));
#5161=CARTESIAN_POINT('',(-0.00858062311555829,0.0575774714740611,0.0312157210277533));
#5162=CARTESIAN_POINT('',(-0.0127852155755649,0.054318764142785,0.0249738049682948));
#5163=CARTESIAN_POINT('',(-0.0166675197534119,0.0508210757489699,0.0195747446983044));
#5164=CARTESIAN_POINT('',(-0.0199136852728467,0.046990128539533,0.0149382353976573));
#5165=CARTESIAN_POINT('',(-0.0219946568018183,0.0431698450339075,0.0114274978010292));
#5166=CARTESIAN_POINT('',(-0.0228807297033502,0.0397887263128453,0.00910561528013297));
#5167=CARTESIAN_POINT('',(-0.0229394544630273,0.0367548045196729,0.00755741436511336));
#5168=CARTESIAN_POINT('',(-0.0223593790500056,0.0338790896376827,0.00650912182955865));
#5169=CARTESIAN_POINT('',(-0.0210534556174216,0.0309633546187375,0.00587561616235799));
#5170=CARTESIAN_POINT('',(-0.0192256902453456,0.0281561374395411,0.00550371069473632));
#5171=CARTESIAN_POINT('',(-0.0170502797664711,0.0254485008057598,0.00521437542859741));
#5172=CARTESIAN_POINT('',(-0.0146894304045237,0.0228853450432589,0.00485631700857188));
#5173=CARTESIAN_POINT('',(-0.0115089985231032,0.0197149857355757,0.00408867996648258));
#5174=CARTESIAN_POINT('',(-0.00934267484648737,0.0176967611418975,0.00297614230822786));
#5175=CARTESIAN_POINT('',(-0.00819112100309792,0.0165449109073065,0.00183338829801458));
#5176=CARTESIAN_POINT('',(0.00701784738761916,0.0658325702703973,0.07375));
#5177=CARTESIAN_POINT('',(0.00702019627417184,0.0658310276143632,0.0650570030826817));
#5178=CARTESIAN_POINT('',(0.00365561425382882,0.0647792155641683,0.052990614403177));
#5179=CARTESIAN_POINT('',(-0.0036439472280482,0.0608807019287591,0.0387837343318317));
#5180=CARTESIAN_POINT('',(-0.00841499393535092,0.0577164452069277,0.0309530878515904));
#5181=CARTESIAN_POINT('',(-0.0126116313283375,0.0544082016183714,0.0246847775724141));
#5182=CARTESIAN_POINT('',(-0.0164796173860476,0.0508774397438765,0.0192662021166949));
#5183=CARTESIAN_POINT('',(-0.0197105613194371,0.0470269930176528,0.0146219209679246));
#5184=CARTESIAN_POINT('',(-0.0217799909123418,0.0432013497598982,0.0111180727554055));
#5185=CARTESIAN_POINT('',(-0.0226599278810636,0.0398231921366525,0.00881341487136971));
#5186=CARTESIAN_POINT('',(-0.02271490476438,0.0367961064923512,0.00728783963737439));
#5187=CARTESIAN_POINT('',(-0.0221308353694055,0.0339312402601268,0.00626564902890505));
#5188=CARTESIAN_POINT('',(-0.0208207574869151,0.0310341948257628,0.0056612878299595));
#5189=CARTESIAN_POINT('',(-0.0189928435881645,0.0282499587431392,0.00531838845664625));
#5190=CARTESIAN_POINT('',(-0.0168200644609372,0.0255672012477106,0.00505644695074945));
#5191=CARTESIAN_POINT('',(-0.0144651230111475,0.0230307227448518,0.00472310163115536));
#5192=CARTESIAN_POINT('',(-0.011298583720218,0.0198979796747673,0.00398529959191962));
#5193=CARTESIAN_POINT('',(-0.00915518752968901,0.0179097288231683,0.00289430663754658));
#5194=CARTESIAN_POINT('',(-0.00802250692359786,0.016776369524331,0.00176992454445706));
#5195=CARTESIAN_POINT('',(0.00723284882956108,0.0664610736214496,0.07375));
#5196=CARTESIAN_POINT('',(0.00723518253879157,0.0664602603283136,0.0649702291470914));
#5197=CARTESIAN_POINT('',(0.00385288950038751,0.065271669412072,0.0527865340090631));
#5198=CARTESIAN_POINT('',(-0.00347186401492409,0.0611684217823246,0.0384853370906495));
#5199=CARTESIAN_POINT('',(-0.00824679222265996,0.0579056820034188,0.0306096361827255));
#5200=CARTESIAN_POINT('',(-0.0124337644526829,0.0545324501611077,0.0243074569400482));
#5201=CARTESIAN_POINT('',(-0.0162839490918239,0.0509569660291495,0.0188642886586162));
#5202=CARTESIAN_POINT('',(-0.0194964523904353,0.0470773653114894,0.0142109979248891));
#5203=CARTESIAN_POINT('',(-0.0215521724757638,0.0432394303175515,0.010717002354243));
#5204=CARTESIAN_POINT('',(-0.0224237422175801,0.0398608690407511,0.00843479516383339));
#5205=CARTESIAN_POINT('',(-0.0224721593068688,0.0368413195783728,0.00693693093421212));
#5206=CARTESIAN_POINT('',(-0.0218814295894152,0.0339921258946742,0.00594438642233779));
#5207=CARTESIAN_POINT('',(-0.0205660716192464,0.0311214220585096,0.00537063965642081));
#5208=CARTESIAN_POINT('',(-0.0187387149833436,0.0283671793033719,0.0050590954571618));
#5209=CARTESIAN_POINT('',(-0.0165704076531877,0.0257162909527526,0.00482819180555544));
#5210=CARTESIAN_POINT('',(-0.0142240381774729,0.0232133728537876,0.00452395997686147));
#5211=CARTESIAN_POINT('',(-0.0110756515050984,0.0201273826531956,0.00382231253680906));
#5212=CARTESIAN_POINT('',(-0.0089594237012632,0.0181750776710092,0.00275838902110232));
#5213=CARTESIAN_POINT('',(-0.00784879640499497,0.0170633017530397,0.00165558724497858));
#5214=CARTESIAN_POINT('',(0.00747305803575306,0.0675345330457539,0.07375));
#5215=CARTESIAN_POINT('',(0.00747513806472866,0.0675347957397311,0.0648269591552245));
#5216=CARTESIAN_POINT('',(0.00407546613748994,0.0661317219195873,0.0524462677652288));
#5217=CARTESIAN_POINT('',(-0.00327987821916787,0.0616816387705335,0.037981977289673));
#5218=CARTESIAN_POINT('',(-0.00806283509141353,0.0582469714185164,0.0300311358548385));
#5219=CARTESIAN_POINT('',(-0.0122390450212652,0.0547600779308005,0.0236707629058407));
#5220=CARTESIAN_POINT('',(-0.0160649441320209,0.0511041153921871,0.0181819243995885));
#5221=CARTESIAN_POINT('',(-0.0192506516782143,0.0471665901582184,0.0135089102761117));
#5222=CARTESIAN_POINT('',(-0.0212848773246337,0.0432967003039572,0.0100298428197063));
#5223=CARTESIAN_POINT('',(-0.0221396043823057,0.0399097373611794,0.00778623978115076));
#5224=CARTESIAN_POINT('',(-0.0221725560829586,0.0369020321826806,0.00633465737035618));
#5225=CARTESIAN_POINT('',(-0.0215688188619183,0.0340839332832347,0.00538727666818477));
#5226=CARTESIAN_POINT('',(-0.0202467415266196,0.0312600505721516,0.00485523485744241));
#5227=CARTESIAN_POINT('',(-0.0184209492141436,0.028552734606565,0.0045889447264065));
#5228=CARTESIAN_POINT('',(-0.0162598623235131,0.0259499856403048,0.00440648494671056));
#5229=CARTESIAN_POINT('',(-0.0139271272336848,0.0234960333148513,0.0041508051794997));
#5230=CARTESIAN_POINT('',(-0.0108071907497561,0.0204764260121899,0.0035115045837428));
#5231=CARTESIAN_POINT('',(-0.00873096491049626,0.0185731473475976,0.0024934255776883));
#5232=CARTESIAN_POINT('',(-0.00765172308519284,0.0174921071542517,0.00142157187490363));
#5233=CARTESIAN_POINT('',(0.0075514634804097,0.0689517073316915,0.07375));
#5234=CARTESIAN_POINT('',(0.0075528820396435,0.0689529675143918,0.0646473261114887));
#5235=CARTESIAN_POINT('',(0.00415826416245005,0.0673100641490405,0.0520173831027132));
#5236=CARTESIAN_POINT('',(-0.00320786563961798,0.0624105051992403,0.0373308996749071));
#5237=CARTESIAN_POINT('',(-0.00800493164503812,0.0587322301441754,0.0292820962800621));
#5238=CARTESIAN_POINT('',(-0.012188872560849,0.0550786167763778,0.0228456161997289));
#5239=CARTESIAN_POINT('',(-0.0160105760895638,0.0513008152287288,0.0172886921854609));
#5240=CARTESIAN_POINT('',(-0.0191804013163072,0.0472652774488113,0.0125788041979878));
#5241=CARTESIAN_POINT('',(-0.021187815159752,0.0433274102850835,0.0091166560559933));
#5242=CARTESIAN_POINT('',(-0.0220019617176687,0.0399190008041762,0.00692647056010904));
#5243=CARTESIAN_POINT('',(-0.0219959456508464,0.0369387789184448,0.00553414916888975));
#5244=CARTESIAN_POINT('',(-0.021372084927327,0.0341829446840676,0.00463718524104451));
#5245=CARTESIAN_POINT('',(-0.0200494351888717,0.0314287848414075,0.00414503444012004));
#5246=CARTESIAN_POINT('',(-0.018222634416354,0.0287766284737182,0.00392661874447464));
#5247=CARTESIAN_POINT('',(-0.0160599406956775,0.0262283690096309,0.0038007541453145));
#5248=CARTESIAN_POINT('',(-0.0137295207908164,0.023828807488547,0.00360615819564511));
#5249=CARTESIAN_POINT('',(-0.0106242114197839,0.0208819632750154,0.00304804224756096));
#5250=CARTESIAN_POINT('',(-0.00858224635232822,0.0190292661430039,0.00208925917794632));
#5251=CARTESIAN_POINT('',(-0.00753426264964173,0.0179788642735002,0.00104863645924136));
#5252=CARTESIAN_POINT('',(0.00730531380263728,0.070353119273343,0.07375));
#5253=CARTESIAN_POINT('',(0.0073059083076221,0.0703543125207587,0.0644799221548955));
#5254=CARTESIAN_POINT('',(0.00395475327088034,0.0685418600205298,0.0516227694331361));
#5255=CARTESIAN_POINT('',(-0.00337397476748234,0.0632349760853643,0.0367096620241791));
#5256=CARTESIAN_POINT('',(-0.00817540146241424,0.0592895007578108,0.0285605241554531));
#5257=CARTESIAN_POINT('',(-0.0123882951575217,0.055413519834361,0.0220580386831792));
#5258=CARTESIAN_POINT('',(-0.0162521936986286,0.0514472723092972,0.0164494916812589));
#5259=CARTESIAN_POINT('',(-0.0194388909116537,0.0472626866430765,0.0117087608394146));
#5260=CARTESIAN_POINT('',(-0.0214107155399329,0.043241975306352,0.00824999452145937));
#5261=CARTESIAN_POINT('',(-0.022165624134288,0.0398431863623555,0.00608413473208053));
#5262=CARTESIAN_POINT('',(-0.0221206147616269,0.0369316217406371,0.00472466058481399));
#5263=CARTESIAN_POINT('',(-0.0214885627699824,0.0342683750964048,0.00386786026207362));
#5264=CARTESIAN_POINT('',(-0.020176644604447,0.0315964640719303,0.00342125255522174));
#5265=CARTESIAN_POINT('',(-0.0183420442378907,0.0289955330364563,0.00324704807383688));
#5266=CARTESIAN_POINT('',(-0.0161548059706357,0.0264928853913213,0.00316389157122703));
#5267=CARTESIAN_POINT('',(-0.0137918706122331,0.0241392912463415,0.00301596205192549));
#5268=CARTESIAN_POINT('',(-0.0106513907796381,0.0212525855451569,0.00253119700551831));
#5269=CARTESIAN_POINT('',(-0.00860347198655884,0.0194257107047622,0.00163440765154593));
#5270=CARTESIAN_POINT('',(-0.00756618402842903,0.0183859400236012,0.00060531383013623));
#5271=CARTESIAN_POINT('',(0.00693220758939539,0.0713997986612073,0.07375));
#5272=CARTESIAN_POINT('',(0.00693224667854146,0.0714005470931066,0.0643537328054428));
#5273=CARTESIAN_POINT('',(0.00362988313753804,0.0694864403863596,0.0513284736799061));
#5274=CARTESIAN_POINT('',(-0.0036472580520487,0.0639024205308976,0.0362516977503679));
#5275=CARTESIAN_POINT('',(-0.00843977348803244,0.0597582375401618,0.0280304498550308));
#5276=CARTESIAN_POINT('',(-0.0126665932221196,0.0556971520493942,0.0214847615482199));
#5277=CARTESIAN_POINT('',(-0.016559822746165,0.0515541033228201,0.0158507219351512));
#5278=CARTESIAN_POINT('',(-0.0197596538937612,0.0472320999507403,0.0110970142993787));
#5279=CARTESIAN_POINT('',(-0.0217151688629162,0.0431556756282598,0.00763125131854884));
#5280=CARTESIAN_POINT('',(-0.0224501420250219,0.0397754370029914,0.00546639862845331));
#5281=CARTESIAN_POINT('',(-0.0223943392384407,0.0369145898038472,0.0041193364434585));
#5282=CARTESIAN_POINT('',(-0.0217588642677118,0.0343170284117554,0.003287201939464));
#5283=CARTESIAN_POINT('',(-0.0204448424331258,0.031712418308908,0.00287883967339966));
#5284=CARTESIAN_POINT('',(-0.0185958062114623,0.0291586162588645,0.0027437083995564));
#5285=CARTESIAN_POINT('',(-0.016384033312755,0.0266927202505984,0.00269427755194355));
#5286=CARTESIAN_POINT('',(-0.0139880234556638,0.0243699415170475,0.00257484781822976));
#5287=CARTESIAN_POINT('',(-0.0108014636117189,0.0215192582276244,0.00212757961239048));
#5288=CARTESIAN_POINT('',(-0.00872152208280997,0.0197024689634808,0.00125678773775903));
#5289=CARTESIAN_POINT('',(-0.00767679637199992,0.018655716227135,0.000221177261382535));
#5290=CARTESIAN_POINT('',(0.0065816369121576,0.0721257725562156,0.07375));
#5291=CARTESIAN_POINT('',(0.00658142258136097,0.0721259397299393,0.0642644972994186));
#5292=CARTESIAN_POINT('',(0.00331813805506128,0.0701522447612115,0.0511213121384061));
#5293=CARTESIAN_POINT('',(-0.00391341856166899,0.064388044803669,0.035933610336764));
#5294=CARTESIAN_POINT('',(-0.00869369799702637,0.0601072079060437,0.0276645505971133));
#5295=CARTESIAN_POINT('',(-0.0129248475109435,0.0559122030336742,0.0210916682552146));
#5296=CARTESIAN_POINT('',(-0.0168328354471789,0.0516346350447743,0.0154435463761161));
#5297=CARTESIAN_POINT('',(-0.0200384028817628,0.0472073714757735,0.0106831882793827));
#5298=CARTESIAN_POINT('',(-0.0219895626571122,0.0430908474706819,0.00721190952595786));
#5299=CARTESIAN_POINT('',(-0.0227224562910344,0.0397225259096998,0.00504529602398351));
#5300=CARTESIAN_POINT('',(-0.0226673062524126,0.0368947280947005,0.00370239740962063));
#5301=CARTESIAN_POINT('',(-0.0220330358327024,0.034341410119569,0.00288086452260086));
#5302=CARTESIAN_POINT('',(-0.0207167302617972,0.0317853706483279,0.00249082167655093));
#5303=CARTESIAN_POINT('',(-0.0188558747813259,0.029268061267614,0.00237502506278044));
#5304=CARTESIAN_POINT('',(-0.0166254650576094,0.0268313754123352,0.00234387947409021));
#5305=CARTESIAN_POINT('',(-0.0142044786475558,0.0245320751554584,0.00224187268709049));
#5306=CARTESIAN_POINT('',(-0.0109803962860416,0.0217051705110076,0.0018186888910785));
#5307=CARTESIAN_POINT('',(-0.00886674985883928,0.0198893452737287,0.000958452752763188));
#5308=CARTESIAN_POINT('',(-0.00780939484080326,0.0188304826941604,-8.92161842225233E-5));
#5309=CARTESIAN_POINT('',(0.00616090278333685,0.0728017318542422,0.07375));
#5310=CARTESIAN_POINT('',(0.00616036639563988,0.0728017009146494,0.0641813533622412));
#5311=CARTESIAN_POINT('',(0.00294212970504676,0.0707759153643188,0.0509297817723525));
#5312=CARTESIAN_POINT('',(-0.00423711656320709,0.0648532242862717,0.0356433427872323));
#5313=CARTESIAN_POINT('',(-0.00900185745345341,0.0604514924656934,0.0273302294621741));
#5314=CARTESIAN_POINT('',(-0.0132351659986838,0.056136242688807,0.020729696031916));
#5315=CARTESIAN_POINT('',(-0.0171578571379055,0.0517376271982603,0.015062690413149));
#5316=CARTESIAN_POINT('',(-0.0203765118530059,0.0472160991971167,0.0102881515073643));
#5317=CARTESIAN_POINT('',(-0.0223376848864269,0.0430570078807325,0.00680719731404891));
#5318=CARTESIAN_POINT('',(-0.0230764798207412,0.0396852001333095,0.00463877377884162));
#5319=CARTESIAN_POINT('',(-0.0230208909056635,0.0368738169715914,0.00330167686369978));
#5320=CARTESIAN_POINT('',(-0.0223801630575752,0.0343522938976993,0.00249393539982824));
#5321=CARTESIAN_POINT('',(-0.0210493796667267,0.0318428364381861,0.00213032177946265));
#5322=CARTESIAN_POINT('',(-0.019167531361864,0.0293677815466786,0.00204872540222363));
#5323=CARTESIAN_POINT('',(-0.016915658494861,0.0269620121738072,0.0020516677494434));
#5324=CARTESIAN_POINT('',(-0.014470723240263,0.0246772105727187,0.00196976119140594));
#5325=CARTESIAN_POINT('',(-0.0112067094206602,0.021856130581853,0.00154712951064842));
#5326=CARTESIAN_POINT('',(-0.00905657250314569,0.0200364342880339,0.000669339520596569));
#5327=CARTESIAN_POINT('',(-0.00798195375853175,0.0189606226457641,-0.000394897587923879));
#5328=CARTESIAN_POINT('',(0.00550214521931894,0.0736459812237854,0.07375));
#5329=CARTESIAN_POINT('',(0.00550132631227243,0.0736454592824333,0.0640810926754711));
#5330=CARTESIAN_POINT('',(0.00235227739997081,0.0715646435755184,0.0507030190249488));
#5331=CARTESIAN_POINT('',(-0.00474547698930808,0.0654582319213125,0.0352982451694407));
#5332=CARTESIAN_POINT('',(-0.00948447502325845,0.0609102051048001,0.0269287290048546));
#5333=CARTESIAN_POINT('',(-0.0137192285556583,0.0564453721055371,0.0202887612346329));
#5334=CARTESIAN_POINT('',(-0.0176647159055497,0.0518939367162008,0.014590054464064));
#5335=CARTESIAN_POINT('',(-0.0209098221720564,0.0472500606543283,0.00979088067633875));
#5336=CARTESIAN_POINT('',(-0.0228935245599572,0.0430270289151289,0.00629679627276933));
#5337=CARTESIAN_POINT('',(-0.0236444759503131,0.0396398651963794,0.00412751191613479));
#5338=CARTESIAN_POINT('',(-0.0235894011904639,0.0368404167488804,0.00279806305269528));
#5339=CARTESIAN_POINT('',(-0.0229386449107679,0.0343514418800295,0.00200600618581516));
#5340=CARTESIAN_POINT('',(-0.0215826445604677,0.0318936920181412,0.00167033902383356));
#5341=CARTESIAN_POINT('',(-0.0196621572769294,0.0294666574913125,0.00162509713078682));
#5342=CARTESIAN_POINT('',(-0.0173673482730821,0.0270987822078094,0.00166948729383989));
#5343=CARTESIAN_POINT('',(-0.0148777012073028,0.0248319846420813,0.00162158306339017));
#5344=CARTESIAN_POINT('',(-0.0115497380311947,0.0220102432278472,0.0012176476701755));
#5345=CARTESIAN_POINT('',(-0.00934542052899904,0.0201719577810245,0.000321502790047082));
#5346=CARTESIAN_POINT('',(-0.00824364188763545,0.0190695483301366,-0.000769163111229338));
#5347=CARTESIAN_POINT('',(0.00451646587599862,0.0745579564439292,0.07375));
#5348=CARTESIAN_POINT('',(0.00451550435443983,0.0745567626036488,0.0639781016629872));
#5349=CARTESIAN_POINT('',(0.00146863248607795,0.0724371338195687,0.0504768138872432));
#5350=CARTESIAN_POINT('',(-0.00550733821660625,0.0661604500201935,0.034954600761068));
#5351=CARTESIAN_POINT('',(-0.0102061347688025,0.0614646486364273,0.0265232017647055));
#5352=CARTESIAN_POINT('',(-0.0144420251863,0.0568408365581505,0.0198333524300263));
#5353=CARTESIAN_POINT('',(-0.0184258115458225,0.0521223389216688,0.0140878989932215));
#5354=CARTESIAN_POINT('',(-0.0217232334226882,0.0473355816924007,0.00925091730193782));
#5355=CARTESIAN_POINT('',(-0.0237497893000461,0.04301960407751,0.00573768994471399));
#5356=CARTESIAN_POINT('',(-0.0245194866308629,0.039590664016518,0.00356612654917995));
#5357=CARTESIAN_POINT('',(-0.0244618318394891,0.0367843044542693,0.00224409648444425));
#5358=CARTESIAN_POINT('',(-0.0237906510686604,0.0343164788859808,0.00146743557093935));
#5359=CARTESIAN_POINT('',(-0.0223895856851864,0.0319082485967109,0.00115866724801758));
#5360=CARTESIAN_POINT('',(-0.0204038840387208,0.0295332770206874,0.00115051529917014));
#5361=CARTESIAN_POINT('',(-0.0180358831850853,0.0272110918366823,0.00124291514828288));
#5362=CARTESIAN_POINT('',(-0.0154722468824449,0.0249661975747384,0.00124234037832552));
#5363=CARTESIAN_POINT('',(-0.012046369942748,0.0221309446375147,0.000871863173011089));
#5364=CARTESIAN_POINT('',(-0.00976570538440397,0.0202482191179195,-5.3948888835871E-5));
#5365=CARTESIAN_POINT('',(-0.00862171804111859,0.0191043686396711,-0.00118612790094612));
#5366=CARTESIAN_POINT('',(0.00337746070190483,0.0752316613148925,0.07375));
#5367=CARTESIAN_POINT('',(0.00337677927581703,0.0752299419551621,0.0639073630020522));
#5368=CARTESIAN_POINT('',(0.000446336857781865,0.0731154741839391,0.0503309246753064));
#5369=CARTESIAN_POINT('',(-0.00639696182152638,0.0667565399345575,0.0347353492754684));
#5370=CARTESIAN_POINT('',(-0.0110541110303954,0.061965641221912,0.0262564488810536));
#5371=CARTESIAN_POINT('',(-0.0152977171059763,0.057223550713634,0.0195202372640704));
#5372=CARTESIAN_POINT('',(-0.0193360575646388,0.0523676861565811,0.0137262574536282));
#5373=CARTESIAN_POINT('',(-0.0227035146574541,0.0474474059663622,0.00884847319055365));
#5374=CARTESIAN_POINT('',(-0.0247805468103893,0.043027388369891,0.00531118659504179));
#5375=CARTESIAN_POINT('',(-0.0255683631518012,0.0395378639824008,0.00313161977085064));
#5376=CARTESIAN_POINT('',(-0.025504353914699,0.0367047830341856,0.00181088320178466));
#5377=CARTESIAN_POINT('',(-0.0248073381623435,0.0342381039752829,0.00104183461393325));
#5378=CARTESIAN_POINT('',(-0.0233537327622476,0.0318585913019122,0.000746641324043695));
#5379=CARTESIAN_POINT('',(-0.0212925421680174,0.0295174162706095,0.000758297588447059));
#5380=CARTESIAN_POINT('',(-0.0188360184994375,0.0272297450135153,0.000881157561415408));
#5381=CARTESIAN_POINT('',(-0.0161789071143502,0.0250056463795682,0.000919114450219587));
#5382=CARTESIAN_POINT('',(-0.012630352367086,0.0221568709885746,0.00059208641921116));
#5383=CARTESIAN_POINT('',(-0.0102594486962346,0.0202067340834869,-0.000354325244647484));
#5384=CARTESIAN_POINT('',(-0.00906353978442733,0.0190112450679059,-0.00153826184442836));
#5385=CARTESIAN_POINT('',(0.0024194574091038,0.0756127421331737,0.07375));
#5386=CARTESIAN_POINT('',(0.00241916626216622,0.0756110658484452,0.0638720568534231));
#5387=CARTESIAN_POINT('',(-0.000406336653207399,0.0735203960805078,0.0502629440055677));
#5388=CARTESIAN_POINT('',(-0.00714156868898752,0.0671423792983976,0.0346359863456691));
#5389=CARTESIAN_POINT('',(-0.0117682792498285,0.0623086372465379,0.0261301140094283));
#5390=CARTESIAN_POINT('',(-0.0160238504500557,0.0575005545258724,0.0193620932040707));
#5391=CARTESIAN_POINT('',(-0.02011344352883,0.0525584905179128,0.0135318781514018));
#5392=CARTESIAN_POINT('',(-0.0235423901176261,0.0475444186514335,0.00862121869826669));
#5393=CARTESIAN_POINT('',(-0.0256612732740078,0.0430420163954894,0.00506125038318177));
#5394=CARTESIAN_POINT('',(-0.0264627566187201,0.0394971846132562,0.00287124143648462));
#5395=CARTESIAN_POINT('',(-0.0263925608340174,0.0366327368873641,0.00154809250401342));
#5396=CARTESIAN_POINT('',(-0.0256745107348433,0.0341554226223492,0.00078174693742945));
#5397=CARTESIAN_POINT('',(-0.0241807104096744,0.0317846536197505,0.000491862612437191));
#5398=CARTESIAN_POINT('',(-0.0220622789090534,0.0294545694773341,0.000511720469228177));
#5399=CARTESIAN_POINT('',(-0.0195370729539017,0.0271797528314092,0.000649401835156004));
#5400=CARTESIAN_POINT('',(-0.0168042988278556,0.0249629424724669,0.000708830243097316));
#5401=CARTESIAN_POINT('',(-0.0131519412461306,0.0221017558551781,0.000411998593132926));
#5402=CARTESIAN_POINT('',(-0.0106995193822059,0.0200918195215656,-0.000541762956129578));
#5403=CARTESIAN_POINT('',(-0.00945696620514966,0.0188492445553743,-0.00177196802451652));
#5404=CARTESIAN_POINT('',(0.00181143495089235,0.0757854363841895,0.07375));
#5405=CARTESIAN_POINT('',(0.00181133677916773,0.0757839540945412,0.0638588429823708));
#5406=CARTESIAN_POINT('',(-0.000945826031237077,0.0737159408175014,0.0502403918383199));
#5407=CARTESIAN_POINT('',(-0.00761275331005299,0.0673429624982588,0.0346040578714616));
#5408=CARTESIAN_POINT('',(-0.0122213440442332,0.0624953857019071,0.0260858521865036));
#5409=CARTESIAN_POINT('',(-0.0164861298680628,0.057658371238495,0.019300418051909));
#5410=CARTESIAN_POINT('',(-0.0206097931829686,0.0526741087266274,0.0134489880421329));
#5411=CARTESIAN_POINT('',(-0.0240783329184654,0.0476093119136778,0.00851786148237588));
#5412=CARTESIAN_POINT('',(-0.0262233291852095,0.0430575032466599,0.00494238994363147));
#5413=CARTESIAN_POINT('',(-0.0270326132246561,0.0394757365218226,0.00274437867179382));
#5414=CARTESIAN_POINT('',(-0.0269578348040671,0.0365872200277564,0.00141880044465057));
#5415=CARTESIAN_POINT('',(-0.0262264800020472,0.0340977763978919,0.000653649904235295));
#5416=CARTESIAN_POINT('',(-0.0247090547547659,0.0317254429255692,0.000366136423540908));
#5417=CARTESIAN_POINT('',(-0.0225577079773766,0.0293939610491167,0.000389469793145695));
#5418=CARTESIAN_POINT('',(-0.0199926814484412,0.0271186524663581,0.000533873134945203));
#5419=CARTESIAN_POINT('',(-0.0172149216639259,0.024899541013323,0.000603647391225437));
#5420=CARTESIAN_POINT('',(-0.0134989573745927,0.022026687247123,0.000322652213200612));
#5421=CARTESIAN_POINT('',(-0.010992768861832,0.0199791399211244,-0.000632065745856931));
#5422=CARTESIAN_POINT('',(-0.00971965695608565,0.0187055967182657,-0.00189218388485242));
#5423=CARTESIAN_POINT('',(0.00132476620180435,0.0758851493928018,0.07375));
#5424=CARTESIAN_POINT('',(0.00132474633122646,0.0758839054081632,0.0638536720385336));
#5425=CARTESIAN_POINT('',(-0.00137628359775193,0.073838273528089,0.0502345126607861));
#5426=CARTESIAN_POINT('',(-0.00798864766733025,0.0674783718380959,0.0345960065754791));
#5427=CARTESIAN_POINT('',(-0.0125839507159366,0.0626270832479901,0.0260702611851969));
#5428=CARTESIAN_POINT('',(-0.0168577330526022,0.0577743959639963,0.0192720119132148));
#5429=CARTESIAN_POINT('',(-0.0210102450564357,0.0527640437815785,0.0134039838830522));
#5430=CARTESIAN_POINT('',(-0.0245113677410398,0.0476644223170628,0.00845602361389896));
#5431=CARTESIAN_POINT('',(-0.0266773900853458,0.04307507875251,0.00486717165970481));
#5432=CARTESIAN_POINT('',(-0.0274923970280452,0.0394625297110605,0.00266208672168268));
#5433=CARTESIAN_POINT('',(-0.0274131542366943,0.036551942845318,0.00133456824824351));
#5434=CARTESIAN_POINT('',(-0.0266704824150647,0.0340493185401951,0.000570981041975261));
#5435=CARTESIAN_POINT('',(-0.025134504032003,0.0316712812015243,0.000286079340244647));
#5436=CARTESIAN_POINT('',(-0.022958292574781,0.0293330476249371,0.000312676922008953));
#5437=CARTESIAN_POINT('',(-0.0203633628815423,0.0270510905854282,0.000462466483072318));
#5438=CARTESIAN_POINT('',(-0.017551340072275,0.0248245451369458,0.000539962384101537));
#5439=CARTESIAN_POINT('',(-0.01378592240015,0.0219381278456234,0.00027039886564985));
#5440=CARTESIAN_POINT('',(-0.0112351344473776,0.0198614681353951,-0.000683220562078189));
#5441=CARTESIAN_POINT('',(-0.00993704753518703,0.0185626984727448,-0.00196741020183243));
#5442=CARTESIAN_POINT('',(0.000961518049119014,0.0759411016877134,0.07375));
#5443=CARTESIAN_POINT('',(0.00096151480755461,0.0759400661687344,0.0638525120394119));
#5444=CARTESIAN_POINT('',(-0.0016969184387259,0.0739131541132855,0.0502362620613204));
#5445=CARTESIAN_POINT('',(-0.00826865425592217,0.0675672658963616,0.0345985780267996));
#5446=CARTESIAN_POINT('',(-0.0128547929797568,0.0627167240766341,0.026068219867365));
#5447=CARTESIAN_POINT('',(-0.0171362885625545,0.0578560213370119,0.0192607990356365));
#5448=CARTESIAN_POINT('',(-0.0213113090607951,0.0528301182587003,0.0133803400593154));
#5449=CARTESIAN_POINT('',(-0.0248373255085472,0.0477075344862646,0.00841935227383319));
#5450=CARTESIAN_POINT('',(-0.0270191482592074,0.0430912325829985,0.00481994306217716));
#5451=CARTESIAN_POINT('',(-0.0278381189324087,0.0394550547487952,0.00260933727118359));
#5452=CARTESIAN_POINT('',(-0.0277550255359919,0.036526509112691,0.00128057733134498));
#5453=CARTESIAN_POINT('',(-0.0270034113111685,0.0340122298839751,0.000518736475967495));
#5454=CARTESIAN_POINT('',(-0.0254536521608015,0.0316274952349772,0.000236458222836963));
#5455=CARTESIAN_POINT('',(-0.0232596169653649,0.0292808856947913,0.000266098179212619));
#5456=CARTESIAN_POINT('',(-0.0206434102127935,0.0269901157553932,0.000420321834415965));
#5457=CARTESIAN_POINT('',(-0.0178067750337946,0.0247544838074933,0.000503654098519117));
#5458=CARTESIAN_POINT('',(-0.0140053499438752,0.0218549809411378,0.000242148727205342));
#5459=CARTESIAN_POINT('',(-0.0114206895766534,0.0197574938369421,-0.000710041209576719));
#5460=CARTESIAN_POINT('',(-0.0101039358305385,0.0184399758463823,-0.00201201104134581));
#5461=CARTESIAN_POINT('',(0.000660949400245683,0.0759724859135509,0.07375));
#5462=CARTESIAN_POINT('',(0.000660916953229154,0.0759716360070425,0.0638539046508001));
#5463=CARTESIAN_POINT('',(-0.00196173946723676,0.0739618967470196,0.050243107773066));
#5464=CARTESIAN_POINT('',(-0.00849979966347316,0.0676309572752312,0.0346079160366592));
#5465=CARTESIAN_POINT('',(-0.0130789501042617,0.0627837909879091,0.0260744166125665));
#5466=CARTESIAN_POINT('',(-0.0173676796616605,0.0579194480663443,0.0192595621566628));
#5467=CARTESIAN_POINT('',(-0.0215622064098723,0.0528840244238669,0.0133685668853201));
#5468=CARTESIAN_POINT('',(-0.0251094044436126,0.0477451499790535,0.00839621811710013));
#5469=CARTESIAN_POINT('',(-0.0273044904699417,0.0431075381125444,0.00478753179941049));
#5470=CARTESIAN_POINT('',(-0.028126506906914,0.0394512480663065,0.00257222175691483));
#5471=CARTESIAN_POINT('',(-0.0280397100890415,0.0365065086584118,0.00124276073276097));
#5472=CARTESIAN_POINT('',(-0.0272801004183432,0.0339809584040226,0.0004830777164176));
#5473=CARTESIAN_POINT('',(-0.0257187582629847,0.0315885121707353,0.000203858420710267));
#5474=CARTESIAN_POINT('',(-0.0235103910085263,0.0292319820076477,0.000236943914213126));
#5475=CARTESIAN_POINT('',(-0.0208773081333454,0.0269304302236518,0.000395686589203364));
#5476=CARTESIAN_POINT('',(-0.0180210385835215,0.0246839918773614,0.000484413828692431));
#5477=CARTESIAN_POINT('',(-0.0141905827914708,0.0217706069173744,0.000229666898875073));
#5478=CARTESIAN_POINT('',(-0.0115775689759649,0.0196565456023671,-0.000721026313041814));
#5479=CARTESIAN_POINT('',(-0.0102454312071384,0.0183237030619033,-0.00203748215520068));
#5480=CARTESIAN_POINT('',(0.00042250124220626,0.0759887901868871,0.07375));
#5481=CARTESIAN_POINT('',(0.000422412671811967,0.0759880889633239,0.063856457325136));
#5482=CARTESIAN_POINT('',(-0.0021713626944498,0.0739929371297827,0.0502519117734962));
#5483=CARTESIAN_POINT('',(-0.00868250832655779,0.0676756855070523,0.0346196231517913));
#5484=CARTESIAN_POINT('',(-0.0132565834536684,0.0628327486163028,0.0260839416188938));
#5485=CARTESIAN_POINT('',(-0.0175518659177262,0.0579673292469781,0.0192632040739071));
#5486=CARTESIAN_POINT('',(-0.0217628609637724,0.0529265386296858,0.0133635962943388));
#5487=CARTESIAN_POINT('',(-0.0253276407854654,0.0477765671224373,0.00838173107673126));
#5488=CARTESIAN_POINT('',(-0.0275335732538984,0.0431226620123347,0.00476523997173988));
#5489=CARTESIAN_POINT('',(-0.028357798570294,0.0394499236252971,0.00254611015517398));
#5490=CARTESIAN_POINT('',(-0.0282674387541388,0.036491360476799,0.00121640734717237));
#5491=CARTESIAN_POINT('',(-0.0275005955345991,0.0339558506323964,0.00045910809728628));
#5492=CARTESIAN_POINT('',(-0.0259292664931979,0.0315562552851931,0.00018315321345796));
#5493=CARTESIAN_POINT('',(-0.0237091423942147,0.0291904402010505,0.000219790314109523));
#5494=CARTESIAN_POINT('',(-0.021062559695788,0.0268785888228183,0.000382898457177457));
#5495=CARTESIAN_POINT('',(-0.0181906557905629,0.0246219347081004,0.000476529943536159));
#5496=CARTESIAN_POINT('',(-0.0143370317736826,0.0216960984421918,0.000227524180024059));
#5497=CARTESIAN_POINT('',(-0.0117008563167405,0.0195696827648026,-0.000721792779738564));
#5498=CARTESIAN_POINT('',(-0.0103564592233635,0.0182247497246192,-0.00204967580764505));
#5499=CARTESIAN_POINT('',(0.000274458198123545,0.0759953804871722,0.07375));
#5500=CARTESIAN_POINT('',(0.000274336300150295,0.075994768943798,0.0638586376072963));
#5501=CARTESIAN_POINT('',(-0.00230161236438049,0.0740090756792457,0.0502588617603741));
#5502=CARTESIAN_POINT('',(-0.00879622752610423,0.0677012467158646,0.0346288648857693));
#5503=CARTESIAN_POINT('',(-0.0133672281620736,0.0628615716592938,0.0260919000052921));
#5504=CARTESIAN_POINT('',(-0.0176665459909773,0.0579960786201515,0.0192673754844107));
#5505=CARTESIAN_POINT('',(-0.0218875758418244,0.052952559713474,0.0133621113164753));
#5506=CARTESIAN_POINT('',(-0.0254630128609223,0.047796228910853,0.00837403890589525));
#5507=CARTESIAN_POINT('',(-0.0276755222057578,0.0431325298518919,0.00475262286280163));
#5508=CARTESIAN_POINT('',(-0.0285011328280326,0.039449675069851,0.00253125955892872));
#5509=CARTESIAN_POINT('',(-0.0284087319426288,0.0364824147838106,0.00120163174823342));
#5510=CARTESIAN_POINT('',(-0.0276377416704135,0.0339403397625081,0.000446028629793946));
#5511=CARTESIAN_POINT('',(-0.0260608408551583,0.0315351759387585,0.000172320321556233));
#5512=CARTESIAN_POINT('',(-0.0238341873857359,0.0291617526977908,0.000211572731117683));
#5513=CARTESIAN_POINT('',(-0.0211799930013134,0.0268413853717182,0.000377893508150395));
#5514=CARTESIAN_POINT('',(-0.0182991375003027,0.0245763285997154,0.000474935574036705));
#5515=CARTESIAN_POINT('',(-0.0144321212494923,0.0216404501678984,0.000229588505383602));
#5516=CARTESIAN_POINT('',(-0.0117826056192108,0.0195060686010508,-0.000719235793309187));
#5517=CARTESIAN_POINT('',(-0.0104310991928829,0.0181541500193657,-0.00205375588120076));
#5518=CARTESIAN_POINT('',(0.00015677324846601,0.0759985339863354,0.07375));
#5519=CARTESIAN_POINT('',(0.000156589075890517,0.0759979963798406,0.063860769516883));
#5520=CARTESIAN_POINT('',(-0.00240445561947357,0.0740200356676356,0.0502651873203655));
#5521=CARTESIAN_POINT('',(-0.00888539131851269,0.0677198131670865,0.0346369968744047));
#5522=CARTESIAN_POINT('',(-0.0134543341726351,0.0628830944451159,0.0260991326114295));
#5523=CARTESIAN_POINT('',(-0.0177578459510609,0.058018277089563,0.019271784458884));
#5524=CARTESIAN_POINT('',(-0.0219883449775968,0.0529737483292842,0.0133622267392945));
#5525=CARTESIAN_POINT('',(-0.0255736267565977,0.0478133160009367,0.00836914002565653));
#5526=CARTESIAN_POINT('',(-0.0277920235812792,0.0431418829825208,0.0047434523636736));
#5527=CARTESIAN_POINT('',(-0.0286184755290317,0.0394502836814936,0.00252001175958181));
#5528=CARTESIAN_POINT('',(-0.0285234245200028,0.0364752901383059,0.00119044673560426));
#5529=CARTESIAN_POINT('',(-0.0277474777882242,0.0339276440534507,0.000436602052900446));
#5530=CARTESIAN_POINT('',(-0.0261640580840959,0.0315190273130484,0.00016525543755816));
#5531=CARTESIAN_POINT('',(-0.0239303251417649,0.0291413315328716,0.000206830753455998));
#5532=CARTESIAN_POINT('',(-0.0212684911939486,0.0268160803855324,0.000375794178499971));
#5533=CARTESIAN_POINT('',(-0.0183790318388768,0.0245462184348469,0.000475722929617514));
#5534=CARTESIAN_POINT('',(-0.0144993887812713,0.0216048205778665,0.000233700133265022));
#5535=CARTESIAN_POINT('',(-0.011836845108868,0.0194654187589099,-0.000714021934748305));
#5536=CARTESIAN_POINT('',(-0.0104788191100983,0.0181071779727765,-0.00205451112070109));
#5537=CARTESIAN_POINT('',(3.94244268502341E-5,0.0760002989042427,0.07375));
#5538=CARTESIAN_POINT('',(3.92805628767516E-5,0.0759998194217914,0.0638630360438309));
#5539=CARTESIAN_POINT('',(-0.00250911824929275,0.0740297858251606,0.0502724148734537));
#5540=CARTESIAN_POINT('',(-0.00897826170307502,0.0677386956242108,0.0346470298402249));
#5541=CARTESIAN_POINT('',(-0.0135442756108709,0.0629051911439405,0.0261080321494693));
#5542=CARTESIAN_POINT('',(-0.0178492481979923,0.0580402276242987,0.0192770187242026));
#5543=CARTESIAN_POINT('',(-0.0220847796829744,0.0529927669858684,0.0133619017397759));
#5544=CARTESIAN_POINT('',(-0.0256756385905755,0.0478267585077306,0.00836333161865914));
#5545=CARTESIAN_POINT('',(-0.0278977966337798,0.0431481507399719,0.00473416788172229));
#5546=CARTESIAN_POINT('',(-0.0287258186972161,0.0394499492937927,0.0025098047361673));
#5547=CARTESIAN_POINT('',(-0.028631254263613,0.0364692425742116,0.00118083119401282));
#5548=CARTESIAN_POINT('',(-0.0278555566212045,0.0339162148278047,0.000428147086511789));
#5549=CARTESIAN_POINT('',(-0.0262725956660811,0.0314991066728079,0.000158114826314515));
#5550=CARTESIAN_POINT('',(-0.0240385310523908,0.0291083348472699,0.000202305770661073));
#5551=CARTESIAN_POINT('',(-0.021374992246133,0.0267684795028776,0.000374864797714315));
#5552=CARTESIAN_POINT('',(-0.018482573364671,0.0244842462505467,0.000478111128008947));
#5553=CARTESIAN_POINT('',(-0.0145978221078176,0.0215255592541981,0.000238623912268826));
#5554=CARTESIAN_POINT('',(-0.0119312422685904,0.0193768632462399,-0.000710797592831524));
#5555=CARTESIAN_POINT('',(-0.0105702225838631,0.0180155951883266,-0.00205433004324258));
#5556=CARTESIAN_POINT('',(-0.000163841420854245,0.0759997957676514,0.07375));
#5557=CARTESIAN_POINT('',(-0.000163955335900748,0.0759994268714318,0.063867331896989));
#5558=CARTESIAN_POINT('',(-0.00269011152631348,0.0740435211030862,0.0502854832273928));
#5559=CARTESIAN_POINT('',(-0.00913857088412163,0.0677687220757829,0.0346651982165346));
#5560=CARTESIAN_POINT('',(-0.0136998398076346,0.062941448647017,0.0261247220613441));
#5561=CARTESIAN_POINT('',(-0.0180080719866111,0.0580772677877317,0.019288007565506));
#5562=CARTESIAN_POINT('',(-0.0222534088235017,0.0530261761511499,0.0133640371240777));
#5563=CARTESIAN_POINT('',(-0.0258549719037492,0.0478516345050684,0.0083563396457185));
#5564=CARTESIAN_POINT('',(-0.0280841702871581,0.0431606422237694,0.0047208895446981));
#5565=CARTESIAN_POINT('',(-0.0289147134037746,0.0394501632428326,0.00249439613491081));
#5566=CARTESIAN_POINT('',(-0.0288202007200409,0.0364585486394242,0.00116604466800087));
#5567=CARTESIAN_POINT('',(-0.0280436917207025,0.0338955990232805,0.000415262574147405));
#5568=CARTESIAN_POINT('',(-0.0264600172851654,0.0314645805132697,0.00014751893046023));
#5569=CARTESIAN_POINT('',(-0.0242240157944423,0.0290532333436326,0.000195855540846101));
#5570=CARTESIAN_POINT('',(-0.021556370082376,0.0266906620864639,0.000373967394133385));
#5571=CARTESIAN_POINT('',(-0.0186576541599243,0.0243842379145507,0.000482411464223503));
#5572=CARTESIAN_POINT('',(-0.0147622642051453,0.021399071226739,0.000247087116558));
#5573=CARTESIAN_POINT('',(-0.0120857534340298,0.0192354853508394,-0.00070452055859596));
#5574=CARTESIAN_POINT('',(-0.0107182113678554,0.0178677176124554,-0.00205444234711294));
#5575=CARTESIAN_POINT('',(-0.00056290777134637,0.0759848780224434,0.07375));
#5576=CARTESIAN_POINT('',(-0.000562944722464698,0.075984733814036,0.0638772397734412));
#5577=CARTESIAN_POINT('',(-0.00304755644036359,0.0740581855756237,0.0503144125481631));
#5578=CARTESIAN_POINT('',(-0.0094571423262354,0.0678191935134733,0.0347064099485761));
#5579=CARTESIAN_POINT('',(-0.0140088028839191,0.0630067345010215,0.0261642646684505));
#5580=CARTESIAN_POINT('',(-0.0183217762138155,0.0581463271781179,0.0193172188577319));
#5581=CARTESIAN_POINT('',(-0.0225834267514532,0.0530901021521239,0.0133765140064391));
#5582=CARTESIAN_POINT('',(-0.0262031879446603,0.0479003995945052,0.00835138670936192));
#5583=CARTESIAN_POINT('',(-0.028444833050503,0.0431860836733081,0.00470387145054006));
#5584=CARTESIAN_POINT('',(-0.0292807584598238,0.039451870911121,0.00247314485346405));
#5585=CARTESIAN_POINT('',(-0.0291883671640257,0.0364384412318954,0.00114549002263876));
#5586=CARTESIAN_POINT('',(-0.0284138346571682,0.0338542386647728,0.000397261075646802));
#5587=CARTESIAN_POINT('',(-0.0268340102116272,0.0313910831272728,0.000132632086772433));
#5588=CARTESIAN_POINT('',(-0.0245995700584359,0.028933256471075,0.000188344914914251));
#5589=CARTESIAN_POINT('',(-0.0219287629142477,0.0265202639213382,0.000376555785983757));
#5590=CARTESIAN_POINT('',(-0.0190221489823685,0.0241649968337736,0.000494050125594085));
#5591=CARTESIAN_POINT('',(-0.0151110835092807,0.0211217694704162,0.000265011269571223));
#5592=CARTESIAN_POINT('',(-0.0124186436528666,0.0189265867415027,-0.000692517286922442));
#5593=CARTESIAN_POINT('',(-0.0110390770321236,0.0175467726255297,-0.00205436224287819));
#5594=CARTESIAN_POINT('',(-0.00111343563720721,0.075926420460382,0.07375));
#5595=CARTESIAN_POINT('',(-0.00111342699946763,0.0759266094560373,0.0638952043620296));
#5596=CARTESIAN_POINT('',(-0.00354359632322449,0.0740448655234493,0.0503628568396029));
#5597=CARTESIAN_POINT('',(-0.00990125105946611,0.0678640460521443,0.0347767470044248));
#5598=CARTESIAN_POINT('',(-0.0144391134009345,0.0630788023009295,0.026235946153828));
#5599=CARTESIAN_POINT('',(-0.018756257722709,0.0582306930376107,0.0193779965586007));
#5600=CARTESIAN_POINT('',(-0.0230361801116736,0.0531750271372941,0.0134174322002587));
#5601=CARTESIAN_POINT('',(-0.0266770552500074,0.0479705565178265,0.0083702461009685));
#5602=CARTESIAN_POINT('',(-0.0289339527264086,0.0432265715139107,0.00470618379268751));
#5603=CARTESIAN_POINT('',(-0.0297778792258803,0.0394588271441816,0.00246837089678246));
#5604=CARTESIAN_POINT('',(-0.0296913857935605,0.0364123649393015,0.00113965153325865));
#5605=CARTESIAN_POINT('',(-0.0289252103433602,0.0337934992426747,0.000392182317665909));
#5606=CARTESIAN_POINT('',(-0.0273594515866386,0.0312768997887007,0.000129216601322938));
#5607=CARTESIAN_POINT('',(-0.0251364016619131,0.0287461236222249,0.000192700172779853));
#5608=CARTESIAN_POINT('',(-0.022470074117749,0.0262561202242611,0.000391472768787348));
#5609=CARTESIAN_POINT('',(-0.0195605910032259,0.0238271482763777,0.000517585033227588));
#5610=CARTESIAN_POINT('',(-0.0156365818007013,0.0206970057991532,0.000292423923082938));
#5611=CARTESIAN_POINT('',(-0.0129247482622697,0.0184552651711342,-0.000675406019749083));
#5612=CARTESIAN_POINT('',(-0.011527819624187,0.0170580744669811,-0.00205440711420252));
#5613=CARTESIAN_POINT('',(-0.00174113734553218,0.0758041073621804,0.07375));
#5614=CARTESIAN_POINT('',(-0.00174110507075566,0.0758046467755552,0.0639215061183884));
#5615=CARTESIAN_POINT('',(-0.00411728838621108,0.0739797691140975,0.0504308192598391));
#5616=CARTESIAN_POINT('',(-0.0104185074711464,0.0678792062639021,0.0348776448685644));
#5617=CARTESIAN_POINT('',(-0.0149378008816227,0.0631348745382263,0.0263431255145143));
#5618=CARTESIAN_POINT('',(-0.0192533069350052,0.0583104771571123,0.019476737403363));
#5619=CARTESIAN_POINT('',(-0.0235444165505637,0.0532654219211506,0.0134972793655475));
#5620=CARTESIAN_POINT('',(-0.0272007502811335,0.048052450659069,0.00842765051720685));
#5621=CARTESIAN_POINT('',(-0.0294710725661777,0.0432789736541445,0.00474539098397974));
#5622=CARTESIAN_POINT('',(-0.0303255304826273,0.0394732186673185,0.00249826914199361));
#5623=CARTESIAN_POINT('',(-0.0302519443424951,0.0363857987727994,0.00116568351895832));
#5624=CARTESIAN_POINT('',(-0.0295060650366977,0.0337194287410624,0.000415329353824448));
#5625=CARTESIAN_POINT('',(-0.0279712371106537,0.0311277304398438,0.000151036243513305));
#5626=CARTESIAN_POINT('',(-0.0257763726674805,0.0284997569689894,0.000219856399305316));
#5627=CARTESIAN_POINT('',(-0.0231300561699885,0.0259088458001659,0.000425595455377081));
#5628=CARTESIAN_POINT('',(-0.0202312437324132,0.0233836485358267,0.000555826756791706));
#5629=CARTESIAN_POINT('',(-0.0163081383996055,0.0201402955612389,0.000327888219141496));
#5630=CARTESIAN_POINT('',(-0.0135807889396611,0.0178393417428497,-0.000655518386107614));
#5631=CARTESIAN_POINT('',(-0.0121638123706928,0.0164220675219421,-0.00205439277576919));
#5632=CARTESIAN_POINT('',(-0.00254207450842752,0.0755775661544717,0.07375));
#5633=CARTESIAN_POINT('',(-0.00254203709758195,0.075578521269164,0.063962385935532));
#5634=CARTESIAN_POINT('',(-0.00485920683908447,0.0738339902812036,0.050534235677917));
#5635=CARTESIAN_POINT('',(-0.0110928821330328,0.0678542421951381,0.0350338268041172));
#5636=CARTESIAN_POINT('',(-0.0155857924312072,0.0631748684995753,0.0265133242459512));
#5637=CARTESIAN_POINT('',(-0.019892108700046,0.0583927843491451,0.0196409327775779));
#5638=CARTESIAN_POINT('',(-0.0241863611510504,0.0533730580355212,0.0136414830093253));
#5639=CARTESIAN_POINT('',(-0.0278524854639437,0.0481587506482289,0.00854600445570237));
#5640=CARTESIAN_POINT('',(-0.030135643166368,0.043352536974307,0.00484084969339999));
#5641=CARTESIAN_POINT('',(-0.031005683452389,0.0394981288429532,0.00257981195478151));
#5642=CARTESIAN_POINT('',(-0.0309559396011253,0.0363536332349086,0.00123874642950973));
#5643=CARTESIAN_POINT('',(-0.0302474230537163,0.0336162651879429,0.000480749109348666));
#5644=CARTESIAN_POINT('',(-0.0287663212131492,0.0309140942882012,0.000211757828870939));
#5645=CARTESIAN_POINT('',(-0.0266224716679456,0.0281491902643499,0.000282595461740076));
#5646=CARTESIAN_POINT('',(-0.0240174239683769,0.0254168205853053,0.000490441521185732));
#5647=CARTESIAN_POINT('',(-0.021147419261601,0.0227563937046645,0.000618672723240434));
#5648=CARTESIAN_POINT('',(-0.0172426776642655,0.0193536445571301,0.000378328173584198));
#5649=CARTESIAN_POINT('',(-0.0145024422680647,0.0169702090033587,-0.00062948197920728));
#5650=CARTESIAN_POINT('',(-0.0130592362308035,0.0155266482937182,-0.0020543974532947));
#5651=CARTESIAN_POINT('',(-0.00347054089033939,0.0751844727953101,0.07375));
#5652=CARTESIAN_POINT('',(-0.00347050207800429,0.0751858795017838,0.0640232914669468));
#5653=CARTESIAN_POINT('',(-0.00573579744284846,0.0735496022835165,0.0506846665628992));
#5654=CARTESIAN_POINT('',(-0.0118995941331034,0.067744347435185,0.0352658061517449));
#5655=CARTESIAN_POINT('',(-0.0163576277807398,0.0631634157437046,0.0267723290269235));
#5656=CARTESIAN_POINT('',(-0.020641224524195,0.0584510051198825,0.0199007751802766));
#5657=CARTESIAN_POINT('',(-0.0249197123673653,0.053479402607876,0.0138843404908672));
#5658=CARTESIAN_POINT('',(-0.0285795234937965,0.0482784600294916,0.00876332990038395));
#5659=CARTESIAN_POINT('',(-0.0308700401365018,0.0434430921513951,0.00503242820806507));
#5660=CARTESIAN_POINT('',(-0.0317627777906478,0.0395337593670181,0.00275223180522796));
#5661=CARTESIAN_POINT('',(-0.0317549111581702,0.0363164772029819,0.00139601323390631));
#5662=CARTESIAN_POINT('',(-0.0311102406406845,0.0334809683389813,0.00062377410003966));
#5663=CARTESIAN_POINT('',(-0.0297158858287151,0.0306291262420574,0.000344442338554397));
#5664=CARTESIAN_POINT('',(-0.0276574686635432,0.0276846814867699,0.000408380762540048));
#5665=CARTESIAN_POINT('',(-0.0251275945096261,0.024766037808444,0.000606290767879039));
#5666=CARTESIAN_POINT('',(-0.0223168261373784,0.0219263130250108,0.000719012926830974));
#5667=CARTESIAN_POINT('',(-0.0184619397690875,0.0183113511092529,0.00044780452513142));
#5668=CARTESIAN_POINT('',(-0.0157177256995444,0.0158192812016453,-0.000597474052370804));
#5669=CARTESIAN_POINT('',(-0.0142423789914544,0.0143435033953193,-0.00205439529448323));
#5670=CARTESIAN_POINT('',(-0.0043305719789498,0.0746484143033151,0.07375));
#5671=CARTESIAN_POINT('',(-0.00433049407352567,0.0746502868221728,0.064099435434699));
#5672=CARTESIAN_POINT('',(-0.00656056052297162,0.0731402073195507,0.0508682227924273));
#5673=CARTESIAN_POINT('',(-0.0126716314871846,0.0675433278002444,0.0355540746328067));
#5674=CARTESIAN_POINT('',(-0.0170972074243622,0.0630824938645946,0.0271007055970176));
#5675=CARTESIAN_POINT('',(-0.0213521616745177,0.0584577014363745,0.0202399258739691));
#5676=CARTESIAN_POINT('',(-0.0256012430932824,0.0535484759463413,0.0142138578214666));
#5677=CARTESIAN_POINT('',(-0.0292415863789478,0.0483726595262974,0.00907208711902247));
#5678=CARTESIAN_POINT('',(-0.0315354884089902,0.04351823469694,0.00531636767496924));
#5679=CARTESIAN_POINT('',(-0.0324565913734857,0.0395585618489544,0.00301382359115122));
#5680=CARTESIAN_POINT('',(-0.0324991825192142,0.0362662870177317,0.00163767043390628));
#5681=CARTESIAN_POINT('',(-0.0319242442064827,0.0333275989235617,0.000847300596814669));
#5682=CARTESIAN_POINT('',(-0.0306207157793351,0.0303280511425657,0.000551503100129552));
#5683=CARTESIAN_POINT('',(-0.028656725203388,0.0272098006918594,0.000595820015792894));
#5684=CARTESIAN_POINT('',(-0.0262146994730996,0.0241076882801327,0.000768141506492292));
#5685=CARTESIAN_POINT('',(-0.023476603360927,0.0210887141643005,0.000849159278410608));
#5686=CARTESIAN_POINT('',(-0.0196872134858909,0.0172590888021503,0.000527479221561596));
#5687=CARTESIAN_POINT('',(-0.0169459326345088,0.0146561291988085,-0.00056502007448407));
#5688=CARTESIAN_POINT('',(-0.0154380959309825,0.0131477865743888,-0.00205439541424942));
#5689=CARTESIAN_POINT('',(-0.0049734331907379,0.0741255191291843,0.07375));
#5690=CARTESIAN_POINT('',(-0.00497340920416241,0.0741277345897441,0.0641704474139612));
#5691=CARTESIAN_POINT('',(-0.00717621129561271,0.0727373769522075,0.0510345131781768));
#5692=CARTESIAN_POINT('',(-0.013250927197892,0.0673283400278871,0.0358167323825252));
#5693=CARTESIAN_POINT('',(-0.0176545412951099,0.0629748167548349,0.0274052074504578));
#5694=CARTESIAN_POINT('',(-0.0218886787502835,0.0584284957515065,0.0205615179190937));
#5695=CARTESIAN_POINT('',(-0.0261141561477885,0.0535749422019211,0.0145345362309654));
#5696=CARTESIAN_POINT('',(-0.0297381401431781,0.0484241746513525,0.00937986194456637));
#5697=CARTESIAN_POINT('',(-0.0320352534932238,0.0435592437622919,0.00560441730926192));
#5698=CARTESIAN_POINT('',(-0.0329800381847847,0.0395623814208432,0.00328165067181741));
#5699=CARTESIAN_POINT('',(-0.0330621191481585,0.0362123523004458,0.00188660747671065));
#5700=CARTESIAN_POINT('',(-0.0325396271724416,0.0331952486819182,0.00107893233499878));
#5701=CARTESIAN_POINT('',(-0.0313052614409343,0.0300870414795213,0.000765432681164629));
#5702=CARTESIAN_POINT('',(-0.029416173731372,0.0268408554393261,0.000786410644156546));
#5703=CARTESIAN_POINT('',(-0.0270455420084282,0.0236014486459751,0.00092873582418844));
#5704=CARTESIAN_POINT('',(-0.0243671718626818,0.0204463704943964,0.000974024443145091));
#5705=CARTESIAN_POINT('',(-0.0206318689537079,0.016451580261258,0.000598806910481848));
#5706=CARTESIAN_POINT('',(-0.0178935769859559,0.0137616096308855,-0.000538467114664017));
#5707=CARTESIAN_POINT('',(-0.0163592046969314,0.012226678830174,-0.00205439644605069));
#5708=CARTESIAN_POINT('',(-0.00543736741906103,0.0736797546344551,0.07375));
#5709=CARTESIAN_POINT('',(-0.00543741003437772,0.0736821903307229,0.0642297257730153));
#5710=CARTESIAN_POINT('',(-0.00761993258552196,0.0723930838694453,0.0511715363975302));
#5711=CARTESIAN_POINT('',(-0.013669422748233,0.0671382744620236,0.0360333026186552));
#5712=CARTESIAN_POINT('',(-0.0180583142104687,0.0628717732179699,0.0276582873161902));
#5713=CARTESIAN_POINT('',(-0.0222782235997289,0.058388696517599,0.0208318490096229));
#5714=CARTESIAN_POINT('',(-0.0264871863922754,0.0535794245931394,0.0148078061435391));
#5715=CARTESIAN_POINT('',(-0.030100467025178,0.0484493845436165,0.00964564462807844));
#5716=CARTESIAN_POINT('',(-0.0324020748022764,0.0435783066564822,0.00585586602233624));
#5717=CARTESIAN_POINT('',(-0.0333656247477301,0.0395545271267659,0.00351675384130667));
#5718=CARTESIAN_POINT('',(-0.0334756930319273,0.0361622705363457,0.00210534599940563));
#5719=CARTESIAN_POINT('',(-0.0329880668315878,0.0330891241372715,0.00128190241278681));
#5720=CARTESIAN_POINT('',(-0.0317994907787233,0.0299061792260791,0.000951330518152384));
#5721=CARTESIAN_POINT('',(-0.029962244236219,0.0265725320384684,0.000950171269284371));
#5722=CARTESIAN_POINT('',(-0.0276427076473651,0.023237801935424,0.00106498312170104));
#5723=CARTESIAN_POINT('',(-0.0250078381028171,0.0199866747962497,0.00107823934808793));
#5724=CARTESIAN_POINT('',(-0.0213120822088471,0.0158735524819453,0.000656221254746847));
#5725=CARTESIAN_POINT('',(-0.0185757716926377,0.013119833119134,-0.000518236539223824));
#5726=CARTESIAN_POINT('',(-0.0170212008080163,0.0115646793510146,-0.0020543930447901));
#5727=CARTESIAN_POINT('',(-0.00580081031734156,0.0732643411055974,0.07375));
#5728=CARTESIAN_POINT('',(-0.00580094405454956,0.0732668797835312,0.0642841993542233));
#5729=CARTESIAN_POINT('',(-0.00796589543529194,0.072073430419124,0.0512953741604569));
#5730=CARTESIAN_POINT('',(-0.0139955818734746,0.0669576200038672,0.0362281505288087));
#5731=CARTESIAN_POINT('',(-0.0183743097485039,0.0627677493267204,0.0278878648950308));
#5732=CARTESIAN_POINT('',(-0.0225847096216481,0.0583397072303736,0.0210799016849486));
#5733=CARTESIAN_POINT('',(-0.0267823514250519,0.0535682548432675,0.0150619082401041));
#5734=CARTESIAN_POINT('',(-0.0303888048074932,0.0484564785017539,0.00989561662402237));
#5735=CARTESIAN_POINT('',(-0.0326953376297065,0.043581863062398,0.00609410337945201));
#5736=CARTESIAN_POINT('',(-0.0336739137769336,0.0395376597299317,0.00374013252058069));
#5737=CARTESIAN_POINT('',(-0.033804752069787,0.0361131605806643,0.00231320713580568));
#5738=CARTESIAN_POINT('',(-0.0333421372918705,0.0329979584049692,0.0014744825398147));
#5739=CARTESIAN_POINT('',(-0.0321870180675164,0.029760308574541,0.00112705670376819));
#5740=CARTESIAN_POINT('',(-0.0303894244517535,0.0263624004609224,0.00110435394426246));
#5741=CARTESIAN_POINT('',(-0.0281104499154846,0.0229558455614249,0.00119266827559861));
#5742=CARTESIAN_POINT('',(-0.0255108465964134,0.0196303746948636,0.00117507112887668));
#5743=CARTESIAN_POINT('',(-0.0218473375934549,0.015423411247659,0.000708166925615705));
#5744=CARTESIAN_POINT('',(-0.0191125840948631,0.0126174495049857,-0.000501000656476791));
#5745=CARTESIAN_POINT('',(-0.0175408062621215,0.0110450844852405,-0.00205440373744961));
#5746=CARTESIAN_POINT('',(-0.00607655049016783,0.0729012619463777,0.07375));
#5747=CARTESIAN_POINT('',(-0.00607677440718195,0.0729037946048932,0.0643315634891256));
#5748=CARTESIAN_POINT('',(-0.00822734167151403,0.0717949329786196,0.0514019778844348));
#5749=CARTESIAN_POINT('',(-0.0142416520727489,0.0667980876751472,0.0363947316127983));
#5750=CARTESIAN_POINT('',(-0.0186138119678061,0.0626721508554679,0.0280853443363181));
#5751=CARTESIAN_POINT('',(-0.0228188426933128,0.0582894946591897,0.0212956163454778));
#5752=CARTESIAN_POINT('',(-0.0270102648850724,0.053548747786346,0.0152859814480421));
#5753=CARTESIAN_POINT('',(-0.0306139908690321,0.0484520658140406,0.0101188215774467));
#5754=CARTESIAN_POINT('',(-0.0329260065043994,0.0435754238422849,0.00630850872758356));
#5755=CARTESIAN_POINT('',(-0.0339161780871938,0.0395160848222616,0.00394153671013601));
#5756=CARTESIAN_POINT('',(-0.0340613506267862,0.0360677965414279,0.00250006718442444));
#5757=CARTESIAN_POINT('',(-0.0336148959383159,0.032922186789602,0.00164639756746815));
#5758=CARTESIAN_POINT('',(-0.0324814088420552,0.0296463684658942,0.00128232039981143));
#5759=CARTESIAN_POINT('',(-0.0307109146739888,0.0262040952743333,0.00123938515724755));
#5760=CARTESIAN_POINT('',(-0.0284612161202079,0.0227467739159706,0.00130384303143208));
#5761=CARTESIAN_POINT('',(-0.0258880723189771,0.0193670316587205,0.00125891435794783));
#5762=CARTESIAN_POINT('',(-0.0222491999080855,0.0150894146916872,0.000752431042740916));
#5763=CARTESIAN_POINT('',(-0.0195154742908005,0.0122425613408208,-0.000486927940096987));
#5764=CARTESIAN_POINT('',(-0.0179296679817398,0.0106562011553309,-0.00205438191422897));
#5765=CARTESIAN_POINT('',(-0.00624223362511907,0.0726606550188847,0.07375));
#5766=CARTESIAN_POINT('',(-0.00624252096531228,0.0726631449170376,0.0643628596723607));
#5767=CARTESIAN_POINT('',(-0.00838413875306973,0.0716105087172128,0.0514720513219121));
#5768=CARTESIAN_POINT('',(-0.0143893972598081,0.0666914072213351,0.0365040300873427));
#5769=CARTESIAN_POINT('',(-0.0187581873047428,0.0626066946866143,0.0282154072402375));
#5770=CARTESIAN_POINT('',(-0.0229606596574394,0.0582531206943946,0.0214384617810414));
#5771=CARTESIAN_POINT('',(-0.0271490999889624,0.0535318163382404,0.0154352927336167));
#5772=CARTESIAN_POINT('',(-0.0307520043484557,0.048444784915054,0.010268387182557));
#5773=CARTESIAN_POINT('',(-0.0330679831301423,0.0435672617755765,0.00645275494207342));
#5774=CARTESIAN_POINT('',(-0.0340653297467313,0.0394990482073893,0.00407729816624749));
#5775=CARTESIAN_POINT('',(-0.0342187945457247,0.0360367912048831,0.00262604144175571));
#5776=CARTESIAN_POINT('',(-0.0337812296256617,0.0328735173989598,0.0017620768768879));
#5777=CARTESIAN_POINT('',(-0.032659477942577,0.0295760641165568,0.00138635093284025));
#5778=CARTESIAN_POINT('',(-0.0309042671253284,0.0261088230915039,0.00132955271860497));
#5779=CARTESIAN_POINT('',(-0.0286719204633816,0.0226222228032007,0.00137804444919835));
#5780=CARTESIAN_POINT('',(-0.0261151815030865,0.0192100883672947,0.00131489674784064));
#5781=CARTESIAN_POINT('',(-0.022492180993142,0.0148889365772935,0.000781796581279402));
#5782=CARTESIAN_POINT('',(-0.0197597465656497,0.0120160913816986,-0.000478064620222838));
#5783=CARTESIAN_POINT('',(-0.0181650510001976,0.0104208731353019,-0.00205443745456503));
#5784=CARTESIAN_POINT('',(-0.00635434805619458,0.0724848228161849,0.07375));
#5785=CARTESIAN_POINT('',(-0.00635467308496056,0.0724872548885024,0.0643857071556348));
#5786=CARTESIAN_POINT('',(-0.0084899160348991,0.0714761643588002,0.051523043557409));
#5787=CARTESIAN_POINT('',(-0.0144885502550669,0.0666136576455339,0.0365828193468923));
#5788=CARTESIAN_POINT('',(-0.0188553847384992,0.0625581842368262,0.0283094175758385));
#5789=CARTESIAN_POINT('',(-0.0230571377539275,0.0582249329713393,0.0215426936872957));
#5790=CARTESIAN_POINT('',(-0.0272451042134859,0.0535170318859536,0.0155457764115474));
#5791=CARTESIAN_POINT('',(-0.030848971189468,0.048436641463909,0.0103804972913498));
#5792=CARTESIAN_POINT('',(-0.0331684651894754,0.0435585579338607,0.00656167475485416));
#5793=CARTESIAN_POINT('',(-0.0341705511375204,0.0394844783320189,0.00417981447489848));
#5794=CARTESIAN_POINT('',(-0.0343287269537307,0.0360131611615225,0.00272055325241747));
#5795=CARTESIAN_POINT('',(-0.0338956058207664,0.0328386700351164,0.00184778501559991));
#5796=CARTESIAN_POINT('',(-0.0327795605453261,0.0295280073721197,0.00146207187934094));
#5797=CARTESIAN_POINT('',(-0.0310323152545114,0.0260460058895416,0.00139403583356838));
#5798=CARTESIAN_POINT('',(-0.0288096413957209,0.0225420219436159,0.00143039003004623));
#5799=CARTESIAN_POINT('',(-0.026262458072739,0.0191101933355021,0.0013540773838594));
#5800=CARTESIAN_POINT('',(-0.0226487424267122,0.0147618100360615,0.000802275502044549));
#5801=CARTESIAN_POINT('',(-0.0199162696186455,0.0118720003209671,-0.000471688526760361));
#5802=CARTESIAN_POINT('',(-0.0183152777231383,0.0102705476312625,-0.00205433770016239));
#5803=CARTESIAN_POINT('',(-0.00641751258956755,0.072381785173776,0.07375));
#5804=CARTESIAN_POINT('',(-0.0064178690608508,0.0723841838144408,0.0643990640582161));
#5805=CARTESIAN_POINT('',(-0.0085497105145246,0.0713969686673941,0.0515528303215089));
#5806=CARTESIAN_POINT('',(-0.0145453974444238,0.066567110997548,0.0366295560635264));
#5807=CARTESIAN_POINT('',(-0.0189112636690965,0.0625289140127612,0.0283652508721049));
#5808=CARTESIAN_POINT('',(-0.0231120645543244,0.0582078503075555,0.0216040802162825));
#5809=CARTESIAN_POINT('',(-0.0272987165671661,0.0535079866924634,0.0156098578648546));
#5810=CARTESIAN_POINT('',(-0.0309021502512761,0.0484316332025044,0.0104446017601956));
#5811=CARTESIAN_POINT('',(-0.0332232542696661,0.0435534537578693,0.00662356534391295));
#5812=CARTESIAN_POINT('',(-0.0342283262317184,0.0394761378330045,0.00423830500246638));
#5813=CARTESIAN_POINT('',(-0.0343899475242567,0.0359996085174428,0.00277517795509349));
#5814=CARTESIAN_POINT('',(-0.0339604678871423,0.0328185150563121,0.00189830051620593));
#5815=CARTESIAN_POINT('',(-0.032849042387068,0.0294998866437697,0.00150772898799967));
#5816=CARTESIAN_POINT('',(-0.0311078783302822,0.02600865064981,0.00143380337316827));
#5817=CARTESIAN_POINT('',(-0.0288924812876577,0.0224933324558343,0.00146338977058278));
#5818=CARTESIAN_POINT('',(-0.0263526913979189,0.0190482115160079,0.00137920661103873));
#5819=CARTESIAN_POINT('',(-0.0227467945198863,0.0146810220234967,0.000815457575518329));
#5820=CARTESIAN_POINT('',(-0.0200160516649186,0.0117796016233918,-0.000468186491691652));
#5821=CARTESIAN_POINT('',(-0.0184114437590934,0.0101745399346479,-0.00205449759964257));
#5822=CARTESIAN_POINT('',(-0.00647917165039803,0.0722784294894553,0.07375));
#5823=CARTESIAN_POINT('',(-0.00647952042335175,0.0722807655556538,0.0644125351542809));
#5824=CARTESIAN_POINT('',(-0.00860713537878326,0.0713193841559193,0.0515827969077898));
#5825=CARTESIAN_POINT('',(-0.0145970299870534,0.066523642674665,0.0366736131665883));
#5826=CARTESIAN_POINT('',(-0.0189619231566202,0.0625014009660188,0.0284179440080808));
#5827=CARTESIAN_POINT('',(-0.0231646170755689,0.0581907124713688,0.0216646243443878));
#5828=CARTESIAN_POINT('',(-0.0273549385329704,0.0534974753154169,0.015677709971703));
#5829=CARTESIAN_POINT('',(-0.0309626477759957,0.0484242667480507,0.0105168786370632));
#5830=CARTESIAN_POINT('',(-0.0332873922193903,0.0435453636518133,0.00669543786366208));
#5831=CARTESIAN_POINT('',(-0.0342942931006565,0.0394648613936277,0.00430548690627191));
#5832=CARTESIAN_POINT('',(-0.0344558767477492,0.0359840477096149,0.00283505073711599));
#5833=CARTESIAN_POINT('',(-0.0340247463080485,0.0327982251196656,0.0019494475165413));
#5834=CARTESIAN_POINT('',(-0.0329110262553592,0.0294750390192766,0.00154931131036834));
#5835=CARTESIAN_POINT('',(-0.0311681723737346,0.0259800294866479,0.00146607043666845));
#5836=CARTESIAN_POINT('',(-0.0289518455315707,0.0224611591123037,0.0014872665991894));
#5837=CARTESIAN_POINT('',(-0.026411335295268,0.019012323792491,0.00139586355343671));
#5838=CARTESIAN_POINT('',(-0.0228035823654127,0.014639799098415,0.000824036875455924));
#5839=CARTESIAN_POINT('',(-0.0200682538620056,0.011733897280052,-0.000464062013363934));
#5840=CARTESIAN_POINT('',(-0.018460001451701,0.010125333735793,-0.00205384270357232));
#5841=CARTESIAN_POINT('',(-0.00655505631181822,0.072145716431648,0.07375));
#5842=CARTESIAN_POINT('',(-0.00655540510609728,0.0721479788781625,0.0644299971373982));
#5843=CARTESIAN_POINT('',(-0.00867803317161067,0.0712186824428752,0.051621890108771));
#5844=CARTESIAN_POINT('',(-0.0146618659899907,0.0664660667181202,0.0367318611459612));
#5845=CARTESIAN_POINT('',(-0.0190257121864839,0.0624647005030911,0.0284871968574458));
#5846=CARTESIAN_POINT('',(-0.0232300001355043,0.0581679257807432,0.0217427879611552));
#5847=CARTESIAN_POINT('',(-0.0274234205205834,0.0534837352279747,0.0157631386511389));
#5848=CARTESIAN_POINT('',(-0.0310349539363959,0.0484150725497863,0.0106060012661019));
#5849=CARTESIAN_POINT('',(-0.0333634577943038,0.0435358114869981,0.006783243188035));
#5850=CARTESIAN_POINT('',(-0.0343728906570633,0.0394516083904159,0.0043879169766975));
#5851=CARTESIAN_POINT('',(-0.0345355422212286,0.0359653384998549,0.00290976832948006));
#5852=CARTESIAN_POINT('',(-0.0341041705494034,0.0327730346844838,0.002015194697981));
#5853=CARTESIAN_POINT('',(-0.0329898651737631,0.0294428045758439,0.0016051368223375));
#5854=CARTESIAN_POINT('',(-0.0312471676570486,0.0259409484608918,0.00151177505360268));
#5855=CARTESIAN_POINT('',(-0.0290318111508464,0.022414814638658,0.00152328606497727));
#5856=CARTESIAN_POINT('',(-0.0264923808161386,0.0189580895137342,0.00142282166751632));
#5857=CARTESIAN_POINT('',(-0.0228846625205779,0.0145745524774662,0.000839760724936329));
#5858=CARTESIAN_POINT('',(-0.0201455003692163,0.0116610967888653,-0.000455653594416857));
#5859=CARTESIAN_POINT('',(-0.0185328899249501,0.0100483114051639,-0.00204966811471646));
#5860=CARTESIAN_POINT('',(-0.00667281960129592,0.0719273885318978,0.07375));
#5861=CARTESIAN_POINT('',(-0.00667315541847405,0.0719295183474417,0.0644590058770093));
#5862=CARTESIAN_POINT('',(-0.00878773131961983,0.0710526079460295,0.0516871457678559));
#5863=CARTESIAN_POINT('',(-0.0147617299678361,0.0663708242262078,0.0368281601071581));
#5864=CARTESIAN_POINT('',(-0.019124155391226,0.0624034083677975,0.0286011167015426));
#5865=CARTESIAN_POINT('',(-0.023331773323705,0.0581291228717524,0.0218712052146268));
#5866=CARTESIAN_POINT('',(-0.0275313110164293,0.0534596509076156,0.0159035577762523));
#5867=CARTESIAN_POINT('',(-0.0311498778628111,0.0483986552418759,0.0107526106302822));
#5868=CARTESIAN_POINT('',(-0.0334845779676452,0.0435193008681548,0.00692778052733595));
#5869=CARTESIAN_POINT('',(-0.0344976385593687,0.0394297097190414,0.0045237075640489));
#5870=CARTESIAN_POINT('',(-0.0346613034344377,0.0359352422550109,0.00303300371495807));
#5871=CARTESIAN_POINT('',(-0.0342286760153524,0.0327330133205519,0.00212384817423036));
#5872=CARTESIAN_POINT('',(-0.0331121492767956,0.0293918288368147,0.00169781783158773));
#5873=CARTESIAN_POINT('',(-0.0313678426818247,0.0258795576833537,0.00158828668141765));
#5874=CARTESIAN_POINT('',(-0.0291517052075732,0.0223428518058695,0.00158444709427444));
#5875=CARTESIAN_POINT('',(-0.0266115127658529,0.0188751154243355,0.00146987472560698));
#5876=CARTESIAN_POINT('',(-0.02300087989375,0.0144765524932374,0.00086972119995545));
#5877=CARTESIAN_POINT('',(-0.0202542377628051,0.0115529101958959,-0.000436533462125652));
#5878=CARTESIAN_POINT('',(-0.0186349642318703,0.00993370378591488,-0.00203701130990522));
#5879=CARTESIAN_POINT('',(-0.00681271075295423,0.0716433326025902,0.07375));
#5880=CARTESIAN_POINT('',(-0.00681302112567456,0.0716452775555061,0.0644971926237922));
#5881=CARTESIAN_POINT('',(-0.00891779439330674,0.0708349974942756,0.0517736036007958));
#5882=CARTESIAN_POINT('',(-0.0148804074889462,0.0662445934075749,0.0369552351070912));
#5883=CARTESIAN_POINT('',(-0.0192414997922466,0.062321164233846,0.028750419459086));
#5884=CARTESIAN_POINT('',(-0.0234535343501434,0.0580761476986794,0.022038201883013));
#5885=CARTESIAN_POINT('',(-0.0276607983827744,0.0534261400260167,0.0160844915217743));
#5886=CARTESIAN_POINT('',(-0.0312878989035714,0.0483759013792453,0.0109401149354693));
#5887=CARTESIAN_POINT('',(-0.0336298435566735,0.0434976721704894,0.00711207624442908));
#5888=CARTESIAN_POINT('',(-0.0346471474315814,0.0394023947857217,0.00469730995941123));
#5889=CARTESIAN_POINT('',(-0.0348122357903763,0.0358983351970332,0.00319186835164104));
#5890=CARTESIAN_POINT('',(-0.0343785877291887,0.0326837794260263,0.00226590491525816));
#5891=CARTESIAN_POINT('',(-0.0332597193282358,0.0293281455539494,0.00182166789453555));
#5892=CARTESIAN_POINT('',(-0.0315131942154443,0.0258017108421486,0.00169342407922986));
#5893=CARTESIAN_POINT('',(-0.0292952506804828,0.022250602814236,0.0016713806543318));
#5894=CARTESIAN_POINT('',(-0.0267529917591602,0.0187681631382225,0.00153965328648583));
#5895=CARTESIAN_POINT('',(-0.023137420528601,0.0143500312959691,0.000918182465159913));
#5896=CARTESIAN_POINT('',(-0.0203817027384803,0.0114141253530862,-0.000402195544464991));
#5897=CARTESIAN_POINT('',(-0.0187546973408346,0.0097874704893148,-0.00201025001220785));
#5898=CARTESIAN_POINT('',(-0.00701784745159327,0.0711674298497496,0.07375));
#5899=CARTESIAN_POINT('',(-0.00701808765097922,0.0711690368655462,0.064561731981567));
#5900=CARTESIAN_POINT('',(-0.00910798367221839,0.0704674586158962,0.0519206001012054));
#5901=CARTESIAN_POINT('',(-0.0150538208829526,0.0660288855472958,0.0371699820988199));
#5902=CARTESIAN_POINT('',(-0.0194134506354198,0.0621786018643663,0.0290010563317472));
#5903=CARTESIAN_POINT('',(-0.0236332212330157,0.0579823642639449,0.0223170451223096));
#5904=CARTESIAN_POINT('',(-0.0278534841221089,0.0533654656751441,0.0163849880024915));
#5905=CARTESIAN_POINT('',(-0.0314942771140224,0.0483348334641244,0.0112502389850395));
#5906=CARTESIAN_POINT('',(-0.0338471652068225,0.0434610208949706,0.00741648759046132));
#5907=CARTESIAN_POINT('',(-0.0348706783057324,0.0393589011279271,0.0049847804129518));
#5908=CARTESIAN_POINT('',(-0.0350379679343792,0.0358409860514298,0.00345673747694736));
#5909=CARTESIAN_POINT('',(-0.034602968078693,0.0326071551573868,0.00250554868045718));
#5910=CARTESIAN_POINT('',(-0.0334801402100475,0.0292276819478057,0.002034639162513));
#5911=CARTESIAN_POINT('',(-0.0317288353132012,0.0256776598804995,0.0018787375784388));
#5912=CARTESIAN_POINT('',(-0.0295058635227601,0.0221027508114628,0.0018291584756857));
#5913=CARTESIAN_POINT('',(-0.0269578098914071,0.0185965541708727,0.00167089293941319));
#5914=CARTESIAN_POINT('',(-0.023331541297846,0.0141475314522232,0.00101579667126714));
#5915=CARTESIAN_POINT('',(-0.0205615586478623,0.0111935060023279,-0.000327583816312435));
#5916=CARTESIAN_POINT('',(-0.0189233113353841,0.00955601179523765,-0.00194678609505078));
#5917=CARTESIAN_POINT('',(-0.00723284831529618,0.0705389254128684,0.07375));
#5918=CARTESIAN_POINT('',(-0.00723294562336776,0.0705399899090861,0.0646475817612653));
#5919=CARTESIAN_POINT('',(-0.00930609994903883,0.069977929551826,0.0521169312296825));
#5920=CARTESIAN_POINT('',(-0.0152331690276376,0.0657385921871739,0.0374538476486844));
#5921=CARTESIAN_POINT('',(-0.0195914719680303,0.0619838389605346,0.0293297890006161));
#5922=CARTESIAN_POINT('',(-0.0238211094639058,0.0578513366629739,0.0226810903123335));
#5923=CARTESIAN_POINT('',(-0.0280574396198242,0.0532791028233593,0.016775645239008));
#5924=CARTESIAN_POINT('',(-0.0317143652860859,0.0482775707349001,0.0116519150713879));
#5925=CARTESIAN_POINT('',(-0.0340797436668706,0.0434144848008725,0.00781016315747617));
#5926=CARTESIAN_POINT('',(-0.0351109001122254,0.0393080423806729,0.00535742339316521));
#5927=CARTESIAN_POINT('',(-0.0352819310286719,0.0357751887396907,0.00380266242241882));
#5928=CARTESIAN_POINT('',(-0.0348465838994528,0.0325175635923034,0.00282282776817815));
#5929=CARTESIAN_POINT('',(-0.0337190398105686,0.0291071005886334,0.00232302335824728));
#5930=CARTESIAN_POINT('',(-0.0319608489892001,0.0255267084168926,0.00213676519232917));
#5931=CARTESIAN_POINT('',(-0.0297299834156345,0.0219211762529675,0.00205598087553396));
#5932=CARTESIAN_POINT('',(-0.0271731906952495,0.0183844832016763,0.00186679254436541));
#5933=CARTESIAN_POINT('',(-0.0235328122588624,0.0138956975032707,0.00117155428744664));
#5934=CARTESIAN_POINT('',(-0.020747695663284,0.0109186367415497,-0.000200693460048314));
#5935=CARTESIAN_POINT('',(-0.0190970224979995,0.00926908015066708,-0.00183245003582418));
#5936=CARTESIAN_POINT('',(-0.0074730607104249,0.0694654719768143,0.07375));
#5937=CARTESIAN_POINT('',(-0.00747274228741677,0.0694657880607534,0.0647918796631838));
#5938=CARTESIAN_POINT('',(-0.00952939609667926,0.0691230676891747,0.052449210432037));
#5939=CARTESIAN_POINT('',(-0.0154372445199337,0.0652199126848621,0.0379370847129947));
#5940=CARTESIAN_POINT('',(-0.0197935761496464,0.0616306518274332,0.0298866665703766));
#5941=CARTESIAN_POINT('',(-0.0240360381254054,0.0576089585480848,0.0232975394790992));
#5942=CARTESIAN_POINT('',(-0.0282943635789279,0.0531171398456835,0.0174400371284235));
#5943=CARTESIAN_POINT('',(-0.0319737202156101,0.0481735245675965,0.0123384872734285));
#5944=CARTESIAN_POINT('',(-0.0343573673459545,0.0433396006894046,0.00848510102264864));
#5945=CARTESIAN_POINT('',(-0.0354020997419235,0.0392347111827131,0.00599768061984394));
#5946=CARTESIAN_POINT('',(-0.0355821066951062,0.035681583137577,0.00439950742971072));
#5947=CARTESIAN_POINT('',(-0.0351486231274298,0.0323851589879777,0.00337474239363106));
#5948=CARTESIAN_POINT('',(-0.0340133349461096,0.0289233391569989,0.00283191095499449));
#5949=CARTESIAN_POINT('',(-0.0322437103751532,0.0252955246537698,0.00259985312022996));
#5950=CARTESIAN_POINT('',(-0.0299995899873738,0.0216433109229084,0.00246991938391961));
#5951=CARTESIAN_POINT('',(-0.0274282028194944,0.0180613683744399,0.00223033461918314));
#5952=CARTESIAN_POINT('',(-0.0237655402621539,0.0135149066586951,0.00146885984751113));
#5953=CARTESIAN_POINT('',(-0.0209609127392246,0.0105057176649274,4.99968768676584E-5));
#5954=CARTESIAN_POINT('',(-0.0192940922661296,0.00884027152798503,-0.00159842782587041));
#5955=CARTESIAN_POINT('',(-0.00755144197968749,0.0680482522938296,0.07375));
#5956=CARTESIAN_POINT('',(-0.00755040003630896,0.0680480962562636,0.0649778844155763));
#5957=CARTESIAN_POINT('',(-0.00961153360330065,0.0679526569150118,0.052878129615761));
#5958=CARTESIAN_POINT('',(-0.0155207131382905,0.064484554541693,0.0385714989233494));
#5959=CARTESIAN_POINT('',(-0.0198723734816507,0.061126474448488,0.030614288613178));
#5960=CARTESIAN_POINT('',(-0.0241146947886259,0.0572627219559694,0.0241020489764461));
#5961=CARTESIAN_POINT('',(-0.028378984887229,0.052891081047454,0.018315378735339));
#5962=CARTESIAN_POINT('',(-0.0320696418327591,0.0480459422444397,0.0132527258133893));
#5963=CARTESIAN_POINT('',(-0.0344729645799756,0.0432755220255058,0.00938707615234941));
#5964=CARTESIAN_POINT('',(-0.0355465810241308,0.0391865330516699,0.00685321958128275));
#5965=CARTESIAN_POINT('',(-0.0357527016883676,0.0356063937424814,0.00519887490202867));
#5966=CARTESIAN_POINT('',(-0.0353301936313725,0.0322499949656868,0.00411810127331566));
#5967=CARTESIAN_POINT('',(-0.034184908998442,0.0287149891944974,0.00352348125650682));
#5968=CARTESIAN_POINT('',(-0.032404698627885,0.0250297965086235,0.00323783945297585));
#5969=CARTESIAN_POINT('',(-0.0301533305802719,0.0213238994272704,0.00305015830102262));
#5970=CARTESIAN_POINT('',(-0.0275769161496959,0.0176907131176436,0.00275060275412115));
#5971=CARTESIAN_POINT('',(-0.0239060873525984,0.0130788452725704,0.00191016908448185));
#5972=CARTESIAN_POINT('',(-0.0210921867300875,0.0100328753746745,0.000437511774388325));
#5973=CARTESIAN_POINT('',(-0.0194115796269786,0.00835353883076596,-0.00122554426346783));
#5974=CARTESIAN_POINT('',(-0.00730537563013203,0.0666469968276008,0.07375));
#5975=CARTESIAN_POINT('',(-0.00730398564643926,0.0666474800014419,0.0651547903559862));
#5976=CARTESIAN_POINT('',(-0.00940813296271356,0.0667311692210851,0.0532830058066361));
#5977=CARTESIAN_POINT('',(-0.0153575912320433,0.0636611704455829,0.0391905158975091));
#5978=CARTESIAN_POINT('',(-0.0197084633847472,0.0605600763468213,0.0313270138404998));
#5979=CARTESIAN_POINT('',(-0.0239258961058,0.0569038862881674,0.0248783075276123));
#5980=CARTESIAN_POINT('',(-0.0281514910812638,0.0527078437747821,0.0191468756130496));
#5981=CARTESIAN_POINT('',(-0.031823485437171,0.048007929260337,0.0141193742895197));
#5982=CARTESIAN_POINT('',(-0.0342517801929761,0.043322171678567,0.0102529536026627));
#5983=CARTESIAN_POINT('',(-0.0353721067477178,0.0392350007556417,0.00769567425337067));
#5984=CARTESIAN_POINT('',(-0.0356147401053343,0.0356024511519151,0.00600680597922566));
#5985=CARTESIAN_POINT('',(-0.0352095358437583,0.0321625580666985,0.00488072202389713));
#5986=CARTESIAN_POINT('',(-0.0340630428013181,0.0285361254134523,0.00422736513117531));
#5987=CARTESIAN_POINT('',(-0.0322858978592855,0.0247863557053897,0.0038819726423447));
#5988=CARTESIAN_POINT('',(-0.0300456664636336,0.0210282602197745,0.00363958649029491));
#5989=CARTESIAN_POINT('',(-0.0274893689538804,0.0173514111496279,0.00329160070677717));
#5990=CARTESIAN_POINT('',(-0.0238504447475022,0.0126890538108704,0.00239094068454525));
#5991=CARTESIAN_POINT('',(-0.0210584591070512,0.00962419647941381,0.000879979727346406));
#5992=CARTESIAN_POINT('',(-0.0193795654415524,0.00794637890234064,-0.00078204290554193));
#5993=CARTESIAN_POINT('',(-0.00693210060004929,0.0656000004320348,0.07375));
#5994=CARTESIAN_POINT('',(-0.00693086539177297,0.0656010823614637,0.06528802072662));
#5995=CARTESIAN_POINT('',(-0.0090851158906902,0.0657945821038582,0.0535894120718439));
#5996=CARTESIAN_POINT('',(-0.0150834031435576,0.062999778626468,0.0396550470637562));
#5997=CARTESIAN_POINT('',(-0.0194426823039271,0.0600948899463292,0.0318596662976528));
#5998=CARTESIAN_POINT('',(-0.0236448464349931,0.0566191558318466,0.0254501272837125));
#5999=CARTESIAN_POINT('',(-0.0278396841427127,0.0525929053507519,0.0197419151956275));
#6000=CARTESIAN_POINT('',(-0.0314976016121685,0.0480251901683713,0.0147276583063102));
#6001=CARTESIAN_POINT('',(-0.0339393812004971,0.0433967745560323,0.0108682387289858));
#6002=CARTESIAN_POINT('',(-0.0350786785031896,0.039299023052036,0.00830961312365992));
#6003=CARTESIAN_POINT('',(-0.0353357978976404,0.0356240447250561,0.0066088937510027));
#6004=CARTESIAN_POINT('',(-0.0349419337381334,0.0321229638835982,0.00545941329468677));
#6005=CARTESIAN_POINT('',(-0.0338080094662541,0.0284244145018087,0.00476697574077637));
#6006=CARTESIAN_POINT('',(-0.0320496595791587,0.0246160892222328,0.00437611038811659));
#6007=CARTESIAN_POINT('',(-0.0298303658709779,0.0208103568113458,0.00408897391291952));
#6008=CARTESIAN_POINT('',(-0.0272979382750425,0.0170997402911652,0.00370439895823079));
#6009=CARTESIAN_POINT('',(-0.0236957379986933,0.0124089307978157,0.0027700447559272));
#6010=CARTESIAN_POINT('',(-0.0209356565372201,0.0093424912025416,0.00125188946589188));
#6011=CARTESIAN_POINT('',(-0.0192691411174082,0.00767677323790267,-0.000398268428237998));
#6012=CARTESIAN_POINT('',(-0.00646536012832677,0.0646333254851719,0.07375));
#6013=CARTESIAN_POINT('',(-0.00646460927498456,0.0646349709224502,0.0654140625093796));
#6014=CARTESIAN_POINT('',(-0.00867383791079553,0.0649170271480826,0.0538812430151347));
#6015=CARTESIAN_POINT('',(-0.0147269637371019,0.0623637527406652,0.0400911640191603));
#6016=CARTESIAN_POINT('',(-0.0191005042650586,0.0596408366628199,0.0323561328327256));
#6017=CARTESIAN_POINT('',(-0.0232945376078464,0.0563434226118051,0.0259784949368684));
#6018=CARTESIAN_POINT('',(-0.0274683026471072,0.0524945299129172,0.0202840298302029));
#6019=CARTESIAN_POINT('',(-0.0311192429737787,0.0480612274717796,0.0152755428088998));
#6020=CARTESIAN_POINT('',(-0.0335664137866626,0.0434828043946906,0.011422657089419));
#6021=CARTESIAN_POINT('',(-0.0347093935156309,0.0393725168841148,0.00886671259244815));
#6022=CARTESIAN_POINT('',(-0.0349697247617238,0.0356589376915177,0.00716188377251901));
#6023=CARTESIAN_POINT('',(-0.0345814216108814,0.0321026991808646,0.00600059837894618));
#6024=CARTESIAN_POINT('',(-0.0334607049215332,0.0283363429746075,0.00528536445542753));
#6025=CARTESIAN_POINT('',(-0.0317247986749424,0.0244686504807392,0.00486521350426336));
#6026=CARTESIAN_POINT('',(-0.0295309628789788,0.0206116791729432,0.00454475787484518));
#6027=CARTESIAN_POINT('',(-0.0270257808708708,0.0168647251800648,0.00412920412986398));
#6028=CARTESIAN_POINT('',(-0.0234633875460864,0.0121486791540516,0.00316577741715202));
#6029=CARTESIAN_POINT('',(-0.0207397913917068,0.00909079026609888,0.00164928941070651));
#6030=CARTESIAN_POINT('',(-0.019091577905029,0.00744305717422718,1.70632401461309E-5));
#6031=CARTESIAN_POINT('',(-0.00570040089821964,0.0635385166227252,0.07375));
#6032=CARTESIAN_POINT('',(-0.00570005801424145,0.0635398245682612,0.0655548186523628));
#6033=CARTESIAN_POINT('',(-0.0079935532878083,0.0639056533108072,0.0542095521186385));
#6034=CARTESIAN_POINT('',(-0.0141322652903066,0.0616138104960264,0.0405783572694017));
#6035=CARTESIAN_POINT('',(-0.0185319576386159,0.059089505472957,0.0329118137466363));
#6036=CARTESIAN_POINT('',(-0.0227218381042404,0.0559927459199497,0.026577324127157));
#6037=CARTESIAN_POINT('',(-0.0268724681356375,0.0523444050758951,0.0209122714539861));
#6038=CARTESIAN_POINT('',(-0.0305011441642814,0.0480570777910349,0.0159248301337808));
#6039=CARTESIAN_POINT('',(-0.0329243117038712,0.0435420185757209,0.0120837898984802));
#6040=CARTESIAN_POINT('',(-0.0340533644779774,0.0394412438409677,0.00952798731368781));
#6041=CARTESIAN_POINT('',(-0.0343160007607346,0.0357095189569384,0.00781408150329366));
#6042=CARTESIAN_POINT('',(-0.0339454362626965,0.0321124171345264,0.00663438425676491));
#6043=CARTESIAN_POINT('',(-0.0328642555139244,0.0282812677082433,0.00588625131947327));
#6044=CARTESIAN_POINT('',(-0.0311828505612915,0.024347632810026,0.00542120444115929));
#6045=CARTESIAN_POINT('',(-0.0290438894095904,0.0204310110991793,0.00504804557652139));
#6046=CARTESIAN_POINT('',(-0.0265858616968588,0.0166470273270711,0.00458747461236488));
#6047=CARTESIAN_POINT('',(-0.0230773559952082,0.0119210960761605,0.00360074783989732));
#6048=CARTESIAN_POINT('',(-0.0203958655917229,0.00888812943756695,0.00211550862129584));
#6049=CARTESIAN_POINT('',(-0.0187765444868306,0.00726866588152186,0.000511310321297384));
#6050=CARTESIAN_POINT('',(-0.0139163213751271,0.0183529428364787,0.00435155011240288));
#6051=CARTESIAN_POINT('',(-0.0132205366878483,0.0179884841907612,0.00411630072765545));
#6052=CARTESIAN_POINT('',(-0.0126046541294224,0.0175305258371841,0.00385554784654407));
#6053=CARTESIAN_POINT('',(-0.0120687629976056,0.0169946347053672,0.003542938077124));
#6054=CARTESIAN_POINT('',(-0.0139163213751271,0.0183529428364787,0.00435155011240288));
#6055=CARTESIAN_POINT('',(-0.0120687629976056,0.0169946347053673,0.003542938077124));
#6056=CARTESIAN_POINT('',(-0.0120687629976056,0.0169946347053673,0.003542938077124));
#6057=CARTESIAN_POINT('',(-0.0112996758972306,0.0162255476049923,0.00309429445001811));
#6058=CARTESIAN_POINT('',(-0.0105657398684687,0.0154916115762304,0.00255339202336431));
#6059=CARTESIAN_POINT('',(-0.00988322258431191,0.0148090942920736,0.00187753406238839));
#6060=CARTESIAN_POINT('',(-0.017988046527659,0.0124487378738598,0.00402032404840493));
#6061=CARTESIAN_POINT('',(-0.0169753419471782,0.011436033293379,0.00345429303335804));
#6062=CARTESIAN_POINT('',(-0.0160095352533208,0.0104702265995216,0.00276253649762876));
#6063=CARTESIAN_POINT('',(-0.0151158127650924,0.00957650411129317,0.00187753406238839));
#6064=CARTESIAN_POINT('',(-0.017988046527659,0.0124487378738598,0.00402032404840493));
#6065=CARTESIAN_POINT('',(-0.0183701217380965,0.0128076788969596,0.00422077693072438));
#6066=CARTESIAN_POINT('',(-0.0182384723735445,0.0126915176929431,0.00415589627675145));
#6067=CARTESIAN_POINT('',(-0.0181111340758461,0.0125718254220469,0.00408912137704631));
#6068=CARTESIAN_POINT('',(-0.017988046527659,0.0124487378738598,0.00402032404840493));
#6069=CARTESIAN_POINT('',(-0.0183701217380965,0.0128076788969596,0.00422077693072438));
#6070=CARTESIAN_POINT('',(-0.0205881785192085,0.0147647878214702,0.00513961880149025));
#6071=CARTESIAN_POINT('',(-0.0198378863599206,0.0141027653279809,0.00488030708639356));
#6072=CARTESIAN_POINT('',(-0.0190973362013597,0.013449338717486,0.00457916946923492));
#6073=CARTESIAN_POINT('',(-0.0183701217380965,0.0128076788969596,0.00422077693072438));
#6074=CARTESIAN_POINT('',(-0.0205881785192085,0.0147647878214702,0.00513961880149025));
#6075=CARTESIAN_POINT('',(-0.0205881785192085,0.0147647878214702,0.00513961880149025));
#6076=CARTESIAN_POINT('',(-0.0207969587744631,0.0149490056937537,0.005211776247624));
#6077=CARTESIAN_POINT('',(-0.0211007399506746,0.0150145129059058,0.00527549338081255));
#6078=CARTESIAN_POINT('',(-0.0213723300792156,0.0149232375956527,0.00530340450998641));
#6079=CARTESIAN_POINT('',(-0.0213723300792156,0.0149232375956527,0.00530340450998641));
#6080=CARTESIAN_POINT('',(-0.0213723300792156,0.0149232375956527,0.00530340450998641));
#6081=CARTESIAN_POINT('',(-0.0214289878226075,0.0146428442779818,0.00526349483797393));
#6082=CARTESIAN_POINT('',(-0.0213271281138995,0.0143499048474912,0.00519412225320533));
#6083=CARTESIAN_POINT('',(-0.021117475828878,0.0141649175371782,0.00512240519845914));
#6084=CARTESIAN_POINT('',(-0.021117475828878,0.0141649175371782,0.00512240519845914));
#6085=CARTESIAN_POINT('',(-0.021117475828878,0.0141649175371782,0.00512240519845914));
#6086=CARTESIAN_POINT('',(-0.0203666387031115,0.0135024141909136,0.00486556169566328));
#6087=CARTESIAN_POINT('',(-0.0196262203870789,0.0128491039120613,0.00456397034030643));
#6088=CARTESIAN_POINT('',(-0.0188994190477659,0.0122078086126675,0.00420389529226989));
#6089=CARTESIAN_POINT('',(-0.018899419047766,0.0122078086126675,0.00420389529226989));
#6090=CARTESIAN_POINT('',(-0.0188994190477658,0.0122078086126676,0.00420389529226989));
#6091=CARTESIAN_POINT('',(-0.0187803412246353,0.0121027399451996,0.0041449012445645));
#6092=CARTESIAN_POINT('',(-0.018665131486782,0.0119944519830843,0.00408430356371184));
#6093=CARTESIAN_POINT('',(-0.0185537319526082,0.0118830524489105,0.00402201991501912));
#6094=CARTESIAN_POINT('',(-0.0185537319526082,0.0118830524489105,0.00402201991501912));
#6095=CARTESIAN_POINT('',(-0.0185537319526082,0.0118830524489106,0.00402201991501913));
#6096=CARTESIAN_POINT('',(-0.0175408702112983,0.0108701907076007,0.00345572737764078));
#6097=CARTESIAN_POINT('',(-0.0165753379507361,0.0099046584470384,0.002762652625867));
#6098=CARTESIAN_POINT('',(-0.0156814981900416,0.00901081868634394,0.00187753406238839));
#6099=CARTESIAN_POINT('',(-0.0176282811708702,0.0109576016671726,-0.00205439575019877));
#6100=CARTESIAN_POINT('',(-0.0179258241900219,0.0112551446863243,-0.00175975585917397));
#6101=CARTESIAN_POINT('',(-0.0182346480827554,0.0115639685790579,-0.00149093142298322));
#6102=CARTESIAN_POINT('',(-0.0185537319526081,0.0118830524489106,-0.00124558619467462));
#6103=CARTESIAN_POINT('',(-0.0185537319526082,0.0118830524489105,-0.00124558619467463));
#6104=CARTESIAN_POINT('',(-0.0185537319526082,0.0118830524489105,-0.00124558619467463));
#6105=CARTESIAN_POINT('',(-0.0186645003921854,0.0119938208884877,-0.00116041577189524));
#6106=CARTESIAN_POINT('',(-0.0187796872751306,0.0121021629309304,-0.00107824258520124));
#6107=CARTESIAN_POINT('',(-0.018899419047766,0.0122078086126675,-0.000998888434871995));
#6108=CARTESIAN_POINT('',(-0.018899419047766,0.0122078086126675,-0.000998888434871996));
#6109=CARTESIAN_POINT('',(-0.018899419047766,0.0122078086126675,-0.000998888434872001));
#6110=CARTESIAN_POINT('',(-0.0196119731905357,0.0128365328562879,-0.000526631762156892));
#6111=CARTESIAN_POINT('',(-0.0203544041815514,0.0134916190248311,-0.00015793459361809));
#6112=CARTESIAN_POINT('',(-0.021117475828878,0.0141649175371782,0.000139217674473018));
#6113=CARTESIAN_POINT('',(-0.021117475828878,0.0141649175371782,0.000139217674473018));
#6114=CARTESIAN_POINT('',(-0.021117475828878,0.0141649175371782,0.000139217674473018));
#6115=CARTESIAN_POINT('',(-0.0213251740357097,0.0143481806608532,0.000220098668354415));
#6116=CARTESIAN_POINT('',(-0.0214292834870471,0.014641381065221,0.000287626700280924));
#6117=CARTESIAN_POINT('',(-0.0213723300792156,0.0149232375956527,0.000315046497414246));
#6118=CARTESIAN_POINT('',(-0.0213723300792156,0.0149232375956527,0.000315046497414248));
#6119=CARTESIAN_POINT('',(-0.0213723300792156,0.0149232375956527,0.000315046497414248));
#6120=CARTESIAN_POINT('',(-0.0211009368195152,0.0150144467427334,0.000270572595150622));
#6121=CARTESIAN_POINT('',(-0.0207973656083105,0.0149493646647955,0.000198981489785554));
#6122=CARTESIAN_POINT('',(-0.0205881785192085,0.0147647878214702,0.00012144732382036));
#6123=CARTESIAN_POINT('',(-0.0205881785192085,0.0147647878214702,0.000121447323820361));
#6124=CARTESIAN_POINT('',(-0.0183701217380965,0.0128076788969596,-0.000980162372916795));
#6125=CARTESIAN_POINT('',(-0.0190828833081518,0.0134365861646555,-0.000517736592750292));
#6126=CARTESIAN_POINT('',(-0.0198252500493377,0.0140916156421724,-0.000161328362081159));
#6127=CARTESIAN_POINT('',(-0.0205881785192085,0.0147647878214702,0.00012144732382036));
#6128=CARTESIAN_POINT('',(-0.0183701217380965,0.0128076788969596,-0.000980162372916791));
#6129=CARTESIAN_POINT('',(-0.017988046527659,0.0124487378738598,-0.00124883057509605));
#6130=CARTESIAN_POINT('',(-0.0181103340745791,0.0125710254207799,-0.00115559096521581));
#6131=CARTESIAN_POINT('',(-0.0182376417280849,0.0126907847704788,-0.00106611281491567));
#6132=CARTESIAN_POINT('',(-0.0183701217380965,0.0128076788969596,-0.00098016237291679));
#6133=CARTESIAN_POINT('',(-0.017988046527659,0.0124487378738598,-0.00124883057509605));
#6134=CARTESIAN_POINT('',(-0.017062595745921,0.0115232870921218,-0.00205439575019877));
#6135=CARTESIAN_POINT('',(-0.0173598405109045,0.0118205318571053,-0.00176005120327543));
#6136=CARTESIAN_POINT('',(-0.01766867615176,0.0121293674979608,-0.00149233835660039));
#6137=CARTESIAN_POINT('',(-0.017988046527659,0.0124487378738598,-0.00124883057509604));
#6138=CARTESIAN_POINT('',(-0.0118300055651406,0.0167558772729023,-0.00205439575019877));
#6139=CARTESIAN_POINT('',(-0.0119085718639009,0.0168344435716627,-0.00197659602305014));
#6140=CARTESIAN_POINT('',(-0.0119881652795673,0.016914036987329,-0.00190095726866362));
#6141=CARTESIAN_POINT('',(-0.0120687629976056,0.0169946347053673,-0.00182743148706357));
#6142=CARTESIAN_POINT('',(-0.0120687629976056,0.0169946347053673,-0.00182743148706357));
#6143=CARTESIAN_POINT('',(-0.0120687629976056,0.0169946347053672,-0.00182743148706357));
#6144=CARTESIAN_POINT('',(-0.0125831640447278,0.0175090357524895,-0.00135816585565232));
#6145=CARTESIAN_POINT('',(-0.0131949884360515,0.0179751017731534,-0.000989801249166084));
#6146=CARTESIAN_POINT('',(-0.0139163213751271,0.0183529428364787,-0.000694227375664197));
#6147=CARTESIAN_POINT('',(-0.0139163213751271,0.0183529428364787,-0.000694227375664197));
#6148=CARTESIAN_POINT('',(-0.0139163213751271,0.0183529428364787,-0.000694227375664197));
#6149=CARTESIAN_POINT('',(-0.0145444851864454,0.0186819810233597,-0.000436830547033341));
#6150=CARTESIAN_POINT('',(-0.0151864379455064,0.0190182419923916,-0.000233519541975329));
#6151=CARTESIAN_POINT('',(-0.0158384662034364,0.0193597806036883,-6.97287138303466E-5));
#6152=CARTESIAN_POINT('',(-0.0158384662034364,0.0193597806036883,-6.97287138303471E-5));
#6153=CARTESIAN_POINT('',(-0.0158384662034364,0.0193597806036883,-6.97287138303466E-5));
#6154=CARTESIAN_POINT('',(-0.0160866376391903,0.0194897751652737,-7.38754304564577E-6));
#6155=CARTESIAN_POINT('',(-0.016254875013036,0.0197507198044206,5.24394948181649E-5));
#6156=CARTESIAN_POINT('',(-0.0162665854959889,0.020035586693735,8.6617806569286E-5));
#6157=CARTESIAN_POINT('',(-0.0162665854959889,0.020035586693735,8.6617806569286E-5));
#6158=CARTESIAN_POINT('',(-0.0162665854959889,0.020035586693735,8.6617806569286E-5));
#6159=CARTESIAN_POINT('',(-0.0160264138964952,0.020187734028275,6.94395159836347E-5));
#6160=CARTESIAN_POINT('',(-0.0157143190846686,0.0201978574150865,2.66562352183832E-5));
#6161=CARTESIAN_POINT('',(-0.0154672606076999,0.0200684458319124,-3.05281064593001E-5));
#6162=CARTESIAN_POINT('',(-0.0154672606076999,0.0200684458319124,-3.05281064593027E-5));
#6163=CARTESIAN_POINT('',(-0.0135451157793907,0.0190616080647028,-0.0006118399878958));
#6164=CARTESIAN_POINT('',(-0.0141744688409074,0.0193912691921639,-0.000370192586686353));
#6165=CARTESIAN_POINT('',(-0.0148163167505655,0.0197274752400801,-0.000181196063276942));
#6166=CARTESIAN_POINT('',(-0.0154672606076999,0.0200684458319124,-3.05281064592997E-5));
#6167=CARTESIAN_POINT('',(-0.0135451157793907,0.0190616080647028,-0.0006118399878958));
#6168=CARTESIAN_POINT('',(-0.0115030775726563,0.0175603201303165,-0.00182754451497305));
#6169=CARTESIAN_POINT('',(-0.0120670612150941,0.0181243037727543,-0.00131356368704873));
#6170=CARTESIAN_POINT('',(-0.0127490895918788,0.0186446419664819,-0.000917483467318017));
#6171=CARTESIAN_POINT('',(-0.0135451157793909,0.0190616080647025,-0.000611839987895808));
#6172=CARTESIAN_POINT('',(-0.0115030775726563,0.0175603201303165,-0.001827544514973));
#6173=CARTESIAN_POINT('',(-0.0112643201401913,0.0173215626978515,-0.00205439575019877));
#6174=CARTESIAN_POINT('',(-0.011342874611897,0.0174001171695572,-0.00197660773470819));
#6175=CARTESIAN_POINT('',(-0.0114224682099033,0.0174797107675635,-0.00190100704808332));
#6176=CARTESIAN_POINT('',(-0.0115030775726563,0.0175603201303166,-0.001827544514973));
#6177=CARTESIAN_POINT('',(-0.0115030775726563,0.0175603201303165,0.00352496555535045));
#6178=CARTESIAN_POINT('',(-0.0107329680219443,0.0167902105796045,0.00308618736131939));
#6179=CARTESIAN_POINT('',(-0.00999877166523928,0.0160560142228995,0.00255212176115567));
#6180=CARTESIAN_POINT('',(-0.00931753715936267,0.0153747797170228,0.00187753406238839));
#6181=CARTESIAN_POINT('',(-0.0115030775726563,0.0175603201303165,0.00352496555535045));
#6182=CARTESIAN_POINT('',(-0.0135451157793907,0.0190616080647028,0.00438299815884381));
#6183=CARTESIAN_POINT('',(-0.0127763177290617,0.0186589043240543,0.00413571242294225));
#6184=CARTESIAN_POINT('',(-0.0120949799620561,0.0181522225197163,0.0038622083037664));
#6185=CARTESIAN_POINT('',(-0.0115030775726563,0.0175603201303165,0.00352496555535043));
#6186=CARTESIAN_POINT('',(-0.0135451157793907,0.0190616080647028,0.00438299815884381));
#6187=CARTESIAN_POINT('',(-0.0154672606076999,0.0200684458319124,0.00494423673394599));
#6188=CARTESIAN_POINT('',(-0.0148230731431943,0.0197310143028857,0.00477231309362457));
#6189=CARTESIAN_POINT('',(-0.0141817745378167,0.0193950959857832,0.00458778097473181));
#6190=CARTESIAN_POINT('',(-0.0135451157793907,0.0190616080647028,0.00438299815884381));
#6191=CARTESIAN_POINT('',(-0.0154672606076999,0.0200684458319124,0.00494423673394599));
#6192=CARTESIAN_POINT('',(-0.0154672606076999,0.0200684458319124,0.00494423673394599));
#6193=CARTESIAN_POINT('',(-0.0157150202554396,0.0201982246950142,0.00501035994017271));
#6194=CARTESIAN_POINT('',(-0.0160252348850385,0.020188480925289,0.00507349168914957));
#6195=CARTESIAN_POINT('',(-0.0162665854959889,0.020035586693735,0.00510634620444001));
#6196=CARTESIAN_POINT('',(-0.0162665854959889,0.020035586693735,0.00510634620444001));
#6197=CARTESIAN_POINT('',(-0.0162665854959889,0.020035586693735,0.00510634620444001));
#6198=CARTESIAN_POINT('',(-0.0162548326989276,0.0197496904797986,0.00507361335214877));
#6199=CARTESIAN_POINT('',(-0.0160860417318184,0.019489463023317,0.00500741492876609));
#6200=CARTESIAN_POINT('',(-0.0158384662034364,0.0193597806036883,0.00493870865146799));
#6201=CARTESIAN_POINT('',(-0.0158384662034364,0.0193597806036883,0.00493870865146799));
#6202=CARTESIAN_POINT('',(-0.0158384662034364,0.0193597806036883,0.00493870865146799));
#6203=CARTESIAN_POINT('',(-0.0151937258342578,0.0190220594579281,0.00475978260461853));
#6204=CARTESIAN_POINT('',(-0.0145523998123308,0.0186861267797759,0.00456661242081401));
#6205=CARTESIAN_POINT('',(-0.0139163213751271,0.0183529428364787,0.00435155011240289));
#6206=CARTESIAN_POINT('',(-0.0162478307382395,0.00957715123454181,-0.0075));
#6207=CARTESIAN_POINT('',(-0.0185537319526082,0.0118830524489105,-0.0075));
#6208=CARTESIAN_POINT('',(-0.0156821453132902,0.010142836659491,-0.0075));
#6209=CARTESIAN_POINT('',(-0.017988046527659,0.0124487378738598,-0.0075));
#6210=CARTESIAN_POINT('',(-0.0201815121260985,0.0133390672111962,-0.0075));
#6211=CARTESIAN_POINT('',(-0.021117475828878,0.0141649175371782,-0.0075));
#6212=CARTESIAN_POINT('',(-0.018899419047766,0.0122078086126675,-0.0075));
#6213=CARTESIAN_POINT('',(-0.023927743489626,0.00650904091189279,-0.0075));
#6214=CARTESIAN_POINT('',(-0.019652214816429,0.0139389374954883,-0.0075));
#6215=CARTESIAN_POINT('',(-0.0205881785192085,0.0147647878214702,-0.0075));
#6216=CARTESIAN_POINT('',(-0.0183701217380965,0.0128076788969596,-0.0075));
#6217=CARTESIAN_POINT('',(-0.023927743489626,0.00650904091189279,-0.0075));
#6218=CARTESIAN_POINT('',(-0.021117475828878,0.0141649175371782,-0.0075));
#6219=CARTESIAN_POINT('',(-0.0213723300792156,0.0149232375956527,3.46944695195361E-18));
#6220=CARTESIAN_POINT('',(-0.0205881785192085,0.0147647878214702,-0.0075));
#6221=CARTESIAN_POINT('',(-0.0174427745346234,0.0116206231683495,-0.0075));
#6222=CARTESIAN_POINT('',(-0.0139163213751271,0.0183529428364787,-0.0075));
#6223=CARTESIAN_POINT('',(-0.0120687629976056,0.0169946347053673,-0.0075));
#6224=CARTESIAN_POINT('',(-0.0104157919933783,0.01534166370114,-0.0075));
#6225=CARTESIAN_POINT('',(-0.0174427745346234,0.0116206231683495,-0.0075));
#6226=CARTESIAN_POINT('',(-0.0135451157793907,0.0190616080647028,-0.0075));
#6227=CARTESIAN_POINT('',(-0.0115030775726563,0.0175603201303165,-0.0075));
#6228=CARTESIAN_POINT('',(-0.00985010656842907,0.0159073491260893,-0.0075));
#6229=CARTESIAN_POINT('',(-0.0146909761310458,0.0187587143752932,-0.0075));
#6230=CARTESIAN_POINT('',(-0.0158384662034364,0.0193597806036883,-0.0075));
#6231=CARTESIAN_POINT('',(-0.0143197705353093,0.0194673796035174,-0.0075));
#6232=CARTESIAN_POINT('',(-0.0154672606076999,0.0200684458319124,-0.0075));
#6233=CARTESIAN_POINT('',(-0.0154672606076999,0.0200684458319124,-0.0075));
#6234=CARTESIAN_POINT('',(-0.0162665854959889,0.020035586693735,0.));
#6235=CARTESIAN_POINT('',(-0.0158384662034364,0.0193597806036883,-0.0075));
#6236=CARTESIAN_POINT('',(0.0174427745346234,0.0116206231683495,-0.0075));
#6237=CARTESIAN_POINT('',(0.0120687629976056,0.0169946347053673,-0.0075));
#6238=CARTESIAN_POINT('',(0.0139163213751271,0.0183529428364787,-0.0075));
#6239=CARTESIAN_POINT('',(0.0104157919933783,0.01534166370114,-0.0075));
#6240=CARTESIAN_POINT('',(0.0174427745346234,0.0116206231683495,-0.0075));
#6241=CARTESIAN_POINT('',(0.0115030775726563,0.0175603201303165,-0.0075));
#6242=CARTESIAN_POINT('',(0.0135451157793907,0.0190616080647028,-0.0075));
#6243=CARTESIAN_POINT('',(0.00985010656842907,0.0159073491260893,-0.0075));
#6244=CARTESIAN_POINT('',(0.0146909761310458,0.0187587143752932,-0.0075));
#6245=CARTESIAN_POINT('',(0.0158384662034364,0.0193597806036883,-0.0075));
#6246=CARTESIAN_POINT('',(0.0143197705353093,0.0194673796035174,-0.0075));
#6247=CARTESIAN_POINT('',(0.0154672606076999,0.0200684458319124,-0.0075));
#6248=CARTESIAN_POINT('',(0.0154672606076999,0.0200684458319124,-0.0075));
#6249=CARTESIAN_POINT('',(0.0162665854959889,0.020035586693735,0.));
#6250=CARTESIAN_POINT('',(0.0158384662034364,0.0193597806036883,-0.0075));
#6251=CARTESIAN_POINT('',(0.0162478307382395,0.00957715123454181,-0.0075));
#6252=CARTESIAN_POINT('',(0.0185537319526082,0.0118830524489105,-0.0075));
#6253=CARTESIAN_POINT('',(0.0156821453132902,0.010142836659491,-0.0075));
#6254=CARTESIAN_POINT('',(0.017988046527659,0.0124487378738598,-0.0075));
#6255=CARTESIAN_POINT('',(0.0201815121260985,0.0133390672111962,-0.0075));
#6256=CARTESIAN_POINT('',(0.021117475828878,0.0141649175371782,-0.0075));
#6257=CARTESIAN_POINT('',(0.018899419047766,0.0122078086126675,-0.0075));
#6258=CARTESIAN_POINT('',(0.023927743489626,0.00650904091189279,-0.0075));
#6259=CARTESIAN_POINT('',(0.019652214816429,0.0139389374954883,-0.0075));
#6260=CARTESIAN_POINT('',(0.0205881785192085,0.0147647878214702,-0.0075));
#6261=CARTESIAN_POINT('',(0.0183701217380965,0.0128076788969596,-0.0075));
#6262=CARTESIAN_POINT('',(0.023927743489626,0.00650904091189279,-0.0075));
#6263=CARTESIAN_POINT('',(0.021117475828878,0.0141649175371782,-0.0075));
#6264=CARTESIAN_POINT('',(0.0213723300792156,0.0149232375956527,3.46944695195361E-18));
#6265=CARTESIAN_POINT('',(0.0205881785192085,0.0147647878214702,-0.0075));
#6266=CARTESIAN_POINT('',(-4.24842956137702E-5,0.0684856569531599,0.0777516906303868));
#6267=CARTESIAN_POINT('',(-0.00832208819784611,0.0639179601127881,0.0737499744208339));
#6268=CARTESIAN_POINT('',(-0.00809259790696342,0.0640445111072209,0.0732499564677477));
#6269=CARTESIAN_POINT('',(-0.00786310259606514,0.0641710648639678,0.0727499415177905));
#6270=CARTESIAN_POINT('',(-0.00763360227129681,0.0642976213940269,0.0722499295710927));
#6271=CARTESIAN_POINT('',(9.14036735575178E-5,0.0594086105676126,0.0730079406282753));
#6272=CARTESIAN_POINT('',(0.000176506986045759,0.059802635509294,0.0722655172061638));
#6273=CARTESIAN_POINT('',(0.000181259813641326,0.0595405139090991,0.0727602700300119));
#6274=CARTESIAN_POINT('',(0.000186012641236893,0.0592783923089042,0.07325502285386));
#6275=CARTESIAN_POINT('',(0.00019076546883246,0.0590162707087093,0.0737497756777081));
#6276=CARTESIAN_POINT('',(-0.00831688008995956,0.0730805370074931,0.07375));
#6277=CARTESIAN_POINT('',(-0.00988799267417588,0.0702927867581086,0.07375));
#6278=CARTESIAN_POINT('',(-0.00989028040832364,0.0667085166159233,0.07375));
#6279=CARTESIAN_POINT('',(-0.00832210603600492,0.0639179502817099,0.07375));
#6280=CARTESIAN_POINT('',(-0.00762858695091979,0.0727003280913632,0.0722555438285433));
#6281=CARTESIAN_POINT('',(-0.00906976844301072,0.0701431345178571,0.0722495912261863));
#6282=CARTESIAN_POINT('',(-0.00907166728055744,0.0668571089625711,0.0722477180293187));
#6283=CARTESIAN_POINT('',(-0.00763360996711082,0.0642976171381735,0.0722499264739649));
#6284=CARTESIAN_POINT('',(-0.00762857555481499,0.0727003217689444,0.0722555506860945));
#6285=CARTESIAN_POINT('',(-0.0078581807841824,0.0728271543125959,0.0727540513328164));
#6286=CARTESIAN_POINT('',(-0.00808777767467647,0.0729539822299429,0.0732525569974152));
#6287=CARTESIAN_POINT('',(-0.00831736621295308,0.0730808055447277,0.0737510676795306));
#6288=CARTESIAN_POINT('',(0.00763330572100537,0.0642970714616843,0.0722499269422219));
#6289=CARTESIAN_POINT('',(0.00690173298816946,0.0629636654695102,0.0722510437375602));
#6290=CARTESIAN_POINT('',(0.00581067300171618,0.061833555991627,0.0722532788632566));
#6291=CARTESIAN_POINT('',(0.00320021961717902,0.0602628247664204,0.072258859871506));
#6292=CARTESIAN_POINT('',(0.00169817801572497,0.0598286882435872,0.0722621661381303));
#6293=CARTESIAN_POINT('',(0.00017650471644312,0.0598029403638064,0.0722656787408449));
#6294=CARTESIAN_POINT('',(0.0083217742302229,0.0639173552305977,0.07375));
#6295=CARTESIAN_POINT('',(0.007524051148432,0.062463366904388,0.07375));
#6296=CARTESIAN_POINT('',(0.00633443684295928,0.0612309984944352,0.07375));
#6297=CARTESIAN_POINT('',(0.00348801762844085,0.0595183005031861,0.07375));
#6298=CARTESIAN_POINT('',(0.00185009433312517,0.05904480168245,0.07375));
#6299=CARTESIAN_POINT('',(0.000190762317048198,0.0590166940584347,0.07375));
#6300=CARTESIAN_POINT('',(0.00763330572100537,0.0642970714616843,0.0722499269422219));
#6301=CARTESIAN_POINT('',(0.00786279522407788,0.0641704993846554,0.0727499512948146));
#6302=CARTESIAN_POINT('',(0.00809228472715039,0.0640439273076266,0.0732499756474073));
#6303=CARTESIAN_POINT('',(0.0083217742302229,0.0639173552305977,0.07375));
#6304=CARTESIAN_POINT('',(-0.000132751233755999,0.0685554168044926,0.0777093333667461));
#6305=CARTESIAN_POINT('',(-0.00812385955485947,0.0734148437309827,0.0737511799113543));
#6306=CARTESIAN_POINT('',(-0.00789966046785734,0.0732786669208904,0.0732528745704586));
#6307=CARTESIAN_POINT('',(-0.00767546080280126,0.073142489758958,0.0727545695857936));
#6308=CARTESIAN_POINT('',(-0.00745126055942456,0.0730063122456261,0.0722562649573612));
#6309=CARTESIAN_POINT('',(0.00745139379696178,0.0730060870951444,0.0722562660078716));
#6310=CARTESIAN_POINT('',(0.00824389320643337,0.0717071603382486,0.0722530971814868));
#6311=CARTESIAN_POINT('',(0.00868145091865903,0.0701973713574894,0.0722508137015741));
#6312=CARTESIAN_POINT('',(0.00874329539322863,0.0671495120991998,0.0722487410589718));
#6313=CARTESIAN_POINT('',(0.00836959062553042,0.0656300733789137,0.0722488000764465));
#6314=CARTESIAN_POINT('',(0.00763330572100535,0.0642970714616843,0.0722499269422218));
#6315=CARTESIAN_POINT('',(0.00812347859255631,0.0734142792189042,0.07375));
#6316=CARTESIAN_POINT('',(0.00898767818034999,0.0719976278705644,0.07375));
#6317=CARTESIAN_POINT('',(0.00946482644983476,0.0703515240939704,0.07375));
#6318=CARTESIAN_POINT('',(0.00953206408488994,0.0670275796773954,0.07375));
#6319=CARTESIAN_POINT('',(0.00912476163685157,0.0653708997881017,0.07375));
#6320=CARTESIAN_POINT('',(0.00832177423022289,0.0639173552305977,0.07375));
#6321=CARTESIAN_POINT('',(0.00745139379696178,0.0730060870951444,0.0722562660078716));
#6322=CARTESIAN_POINT('',(0.00767542206215996,0.0731421511363977,0.0727541773385811));
#6323=CARTESIAN_POINT('',(0.00789945032735813,0.0732782151776509,0.0732520886692905));
#6324=CARTESIAN_POINT('',(0.00812347859255631,0.0734142792189042,0.07375));
#6325=CARTESIAN_POINT('',(-0.000190871603669219,0.0779744567392375,0.07375));
#6326=CARTESIAN_POINT('',(-0.00338502078075094,0.0779408009207254,0.07375));
#6327=CARTESIAN_POINT('',(-0.00648610653197267,0.0761598508762764,0.07375));
#6328=CARTESIAN_POINT('',(-0.00812333079049802,0.0734145225656519,0.07375));
#6329=CARTESIAN_POINT('',(-0.000176376681605213,0.077188286090434,0.0722752185786959));
#6330=CARTESIAN_POINT('',(-0.00310570344042374,0.0771573873162064,0.0722699167793183));
#6331=CARTESIAN_POINT('',(-0.00594988216224217,0.0755238464849325,0.072262546808273));
#6332=CARTESIAN_POINT('',(-0.0074512579888871,0.0730063106837145,0.0722562665407548));
#6333=CARTESIAN_POINT('',(-0.000176379131221729,0.0771885992407679,0.0722750515939857));
#6334=CARTESIAN_POINT('',(-0.000181211036671188,0.0774506899698731,0.0727666273529089));
#6335=CARTESIAN_POINT('',(-0.000186042942120648,0.0777127806989783,0.0732582031118321));
#6336=CARTESIAN_POINT('',(-0.000190874847570107,0.0779748714280836,0.0737497788707554));
#6337=CARTESIAN_POINT('',(-1.41765803740243E-14,0.0771897529412905,0.0722755495225909));
#6338=CARTESIAN_POINT('',(0.00299064003842448,0.0772206290505774,0.0722701860477539));
#6339=CARTESIAN_POINT('',(0.00592337105589601,0.0755729161923687,0.072262677860129));
#6340=CARTESIAN_POINT('',(0.0074513937969618,0.0730060870951444,0.0722562660078716));
#6341=CARTESIAN_POINT('',(-1.44962069513574E-6,0.0779760513156435,0.07375));
#6342=CARTESIAN_POINT('',(0.00325973658563157,0.0780097179194786,0.07375));
#6343=CARTESIAN_POINT('',(0.00645711107046594,0.0762133679764434,0.07375));
#6344=CARTESIAN_POINT('',(0.00812347859255633,0.0734142792189042,0.07375));
#6345=CARTESIAN_POINT('',(-2.64978628187367E-9,0.0779763897085355,0.0737498260986868));
#6346=CARTESIAN_POINT('',(4.40333762550164E-7,0.0777143060360193,0.0732583279573416));
#6347=CARTESIAN_POINT('',(8.83317311382207E-7,0.0774522223635031,0.0727668298159964));
#6348=CARTESIAN_POINT('',(1.32630086021424E-6,0.0771901386909869,0.0722753316746512));
#6349=CARTESIAN_POINT('',(-9.14563940199566E-5,0.0775826040594468,0.073012692257241));
#6350=MECHANICAL_DESIGN_GEOMETRIC_PRESENTATION_REPRESENTATION('',(#1245),
#6351);
#6351=(
GEOMETRIC_REPRESENTATION_CONTEXT(3)
GLOBAL_UNCERTAINTY_ASSIGNED_CONTEXT((#6352))
GLOBAL_UNIT_ASSIGNED_CONTEXT((#6355,#6354,#6353))
REPRESENTATION_CONTEXT('DuctIntake','TOP_LEVEL_ASSEMBLY_PART')
);
#6352=UNCERTAINTY_MEASURE_WITH_UNIT(LENGTH_MEASURE(2.12726787057415E-5),
#6355,'DISTANCE_ACCURACY_VALUE','Maximum Tolerance applied to model');
#6353=(
NAMED_UNIT(*)
SI_UNIT($,.STERADIAN.)
SOLID_ANGLE_UNIT()
);
#6354=(
NAMED_UNIT(*)
PLANE_ANGLE_UNIT()
SI_UNIT($,.RADIAN.)
);
#6355=(
LENGTH_UNIT()
NAMED_UNIT(*)
SI_UNIT($,.METRE.)
);
#6356=PRODUCT_DEFINITION_SHAPE('','',#6357);
#6357=PRODUCT_DEFINITION('','',#6359,#6358);
#6358=PRODUCT_DEFINITION_CONTEXT('',#6365,'design');
#6359=PRODUCT_DEFINITION_FORMATION_WITH_SPECIFIED_SOURCE('','',#6361,
 .NOT_KNOWN.);
#6360=PRODUCT_RELATED_PRODUCT_CATEGORY('','',(#6361));
#6361=PRODUCT('DuctIntake','DuctIntake','DuctIntake',(#6363));
#6362=PRODUCT_CATEGORY('','');
#6363=PRODUCT_CONTEXT('',#6365,'mechanical');
#6364=APPLICATION_PROTOCOL_DEFINITION('international standard',
'ap242_managed_model_based_3d_engineering',2020,#6365);
#6365=APPLICATION_CONTEXT('managed model based 3d engineering');
ENDSEC;
END-ISO-10303-21;
